"pl_name","hostname","discoverymethod","default_flag","pl_bmasse","pl_rade","pl_eqt","pl_orbeccen","st_met","st_teff","st_rad","st_mass","pl_insol","density_gcc","v_esc_kms","can_hold_water","WRI_temp_only"
"BD+60 1417 b","BD+60 1417","Imaging",1,4767.426105,14.68376472,1303,NA,NA,4993,0.797,1,NA,8.30306581868855,201.809357254672,0,0.300180877894683
"BD-14 3065 b","BD-14 3065 A","Transit",1,3932,21.59,2001,0.066,-0.34,6935,2.35,1.41,NA,2.15438017481393,151.146625681291,0,0.478001681400148
"CFHTWIR-Oph 98 b","CFHTWIR-Oph 98 A","Imaging",1,2479.0615746,20.8487041,1800,NA,NA,2320,0.245,0.0147,NA,1.50840123372323,122.129940865285,0,0.426795404172929
"CT Cha b","CT Cha","Imaging",1,5403,24.66,2600,NA,NA,NA,NA,NA,NA,1.98665526487753,165.782609097935,0,0.630601482689221
"CoRoT-1 b","CoRoT-1","Transit",1,327.35,16.7,1898,0,-0.3,5950,1.11,0.95,NA,0.387551742225328,49.5867859547013,0,0.451761648791175
"CoRoT-10 b","CoRoT-10","Transit",1,874,10.87,600,0.53,0.26,5075,0.79,0.89,NA,3.75223095664226,100.42896036979,0,0.121086286398492
"CoRoT-11 b","CoRoT-11","Transit",1,740.51,16.03,1657,0,-0.03,6440,1.37,1.27,NA,0.991281776788435,76.1231454625278,0,0.390365067638142
"CoRoT-12 b","CoRoT-12","Transit",1,291.438,16.14,1442,0.07,0.16,5675,1.116,1.078,NA,0.382210266585201,47.5925907200881,0,0.335592184036889
"CoRoT-13 b","CoRoT-13","Transit",1,415.704,9.92,1700,0,0.01,5945,1.01,1.09,NA,2.3480965406656,72.5027180803055,0,0.401319644358393
"CoRoT-14 b","CoRoT-14","Transit",1,2415.4,12.22,1952,0,0.05,6035,1.21,1.13,NA,7.2986444214029,157.462430507333,0,0.465518559091025
"CoRoT-17 b","CoRoT-17","Transit",1,772.29,11.43,1626,0,0,5740,1.59,1.04,NA,2.85173050952693,92.0629979446204,0,0.382467582095636
"CoRoT-18 b","CoRoT-18","Transit",1,1102.82,14.68,1550,0.08,-0.1,5440,1,0.95,NA,1.9221763460816,97.0749804306603,0,0.363106004636588
"CoRoT-19 b","CoRoT-19","Transit",1,352.78,14.46,2000,0.047,-0.02,6090,1.65,1.21,NA,0.64337745551119,55.3204691006994,0,0.477746923802002
"CoRoT-22 b","CoRoT-22","Transit",1,12.2,4.88,885,0.077,0.17,5939,1.136,1.099,NA,0.57885145122279,17.7087548969429,0,0.193692201869921
"CoRoT-23 b","CoRoT-23","Transit",1,889.9,11.77,1660,0.16,0.05,5900,1.61,1.14,NA,3.0093907379996,97.3868670260979,0,0.391129340432578
"CoRoT-24 b","CoRoT-24","Transit",1,5.7,3.7,1070,0,0.3,4950,0.86,0.91,NA,0.62049236965234,13.9012735173942,0,0.240822357526813
"CoRoT-24 c","CoRoT-24","Transit",1,28,5,850,0,0.3,4950,0.86,0.91,NA,1.235136,26.5040374282863,0,0.184775685934833
"CoRoT-25 b","CoRoT-25","Transit",1,85.81,12.11,1330,0,-0.01,6040,1.19,1.09,NA,0.266423319023608,29.8136330688329,0,0.307059333044608
"CoRoT-26 b","CoRoT-26","Transit",1,165.26,14.12,1600,0,0.01,5590,1.79,1.09,NA,0.32369084774796,38.3163867783838,0,0.375843884543856
"CoRoT-27 b","CoRoT-27","Transit",1,3302.11,11.287,1500,0.065,-0.1,5900,1.08,1.05,NA,12.6625951865873,191.568689526156,0,0.35036812472932
"CoRoT-32 b","CoRoT-32","Transit",1,47.6745,6.38913,938,NA,0,5970,0.79,1.08,132.26,1.00792387876546,30.5942797661089,0,0.207194354571625
"CoRoT-35 b","CoRoT-35","Transit",1,349.6112477,18.83108758,1747,0,-0.5,6390,1.65,1.01,NA,0.288686149871916,48.2584111547599,0,0.413293251471225
"CoRoT-36 b","CoRoT-36","Transit",1,216.12331676,15.80466279,1567,0,-0.1,6730,1.52,1.32,NA,0.301864945773563,41.4167691709849,0,0.367436883805059
"CoRoT-4 b","CoRoT-4","Transit",1,228.83,13.34,1074,0,NA,6190,1.17,1.16,NA,0.531510971405724,46.387032257078,0,0.241841387919395
"CoRoT-5 b","CoRoT-5","Transit",1,148.42,15.558,1438,0.09,-0.25,6100,1.186,1,NA,0.217319094883352,34.5929303720636,0,0.334573153644307
"CoRoT-6 b","CoRoT-6","Transit",1,940.74,13.068,1017,0.1,-0.2,6090,1.025,1.05,NA,2.32438998131539,95.0272726789564,0,0.227320204825109
"CoRoT-9 b","CoRoT-9","Transit",1,266.9772,11.948794,420,0.133,-0.01,5625,0.96,0.96,NA,0.862916382499484,52.9411136500672,0,0.0752299187323262
"EPIC 201595106 b","EPIC 201595106","Transit",1,7.67,1.565,2038,0,0.01,5679,0.98,0.958,2852,11.0336473717301,24.7946814868017,0,0.487427712531526
"EPIC 220674823 b","EPIC 220674823","Transit",1,7.8,1.676,2299,0,-0.005,5578,0.99,0.913,4656,9.13564724030469,24.1617461317193,0,0.553919445647466
"EPIC 220674823 c","EPIC 220674823","Transit",1,7.32,2.84,804,0.17,-0.005,5578,0.99,0.913,70,1.76206864276315,17.9810228601877,0,0.173056836420146
"EPIC 229004835 b","EPIC 229004835","Transit",1,10.4,2.332,804,0.23,-0.12,5868,0.999,0.97,69.7,4.52183241520071,23.6521388180637,0,0.173056836420146
"EPIC 246851721 b","EPIC 246851721","Transit",1,953.49,11.780659,1401,NA,0.141,6202,1.586,1.317,642,3.21568980536393,100.760729102401,0,0.325147122512929
"EPIC 248847494 b","EPIC 248847494","Transit",1,4131.79,12.44199,183,0,-0.23,4898,2.7,0.9,0.19,11.8286575323449,204.09963065171,0,0.0148523679718747
"EPIC 249893012 b","EPIC 249893012","Transit",1,8.75,1.95,1616,0.06,0.2,5430,1.71,1.05,1037,6.50685277904213,23.7249192806171,0,0.379920006114182
"EPIC 249893012 c","EPIC 249893012","Transit",1,14.67,3.67,990,0.07,0.2,5430,1.71,1.05,160,1.63643471084047,22.3923692724749,0,0.220441749675184
"EPIC 249893012 d","EPIC 249893012","Transit",1,10.18,3.94,752,0.15,0.2,5430,1.71,1.05,53,0.917753129899614,18.0029552001633,0,0.159809441316587
"G 9-40 b","G 9-40","Transit",1,4,1.9,440.6,0,-0.07,3395,0.3026,0.2952,6.27,3.21562910045196,16.2506680024643,0,0.0804779252541207
"GJ 1132 b","GJ 1132","Transit",1,1.83704819,1.19151465,583.8,0.0118,-0.17,3229,0.2211,0.1945,19.3,5.98810147470951,13.9068446706614,0,0.116959213308537
"GJ 1214 b","GJ 1214","Transit",1,8.41,2.733,567,0.0062,0.24,3101,0.2162,0.182,17.2,2.27166278045777,19.6469981711883,0,0.112679285659695
"GJ 143 b","GJ 143","Transit",1,22.7,2.61,422,0.188,0.003,4640,0.695,0.73,NA,7.03997467656859,33.0301615327752,0,0.0757394339286169
"GJ 3090 b","GJ 3090","Transit",1,3.34,2.13,693,0.32,-0.06,3556,0.516,0.519,NA,1.90578725499418,14.0249542859506,0,0.144778743026011
"GJ 3470 b","GJ 3470","Radial Velocity",1,13.9,4.57,593.5,NA,0.2,3600,0.547,0.539,NA,0.803032203399118,19.5329268098588,0,0.119430362010547
"GJ 3473 b","GJ 3473","Transit",1,1.86,1.264,773,0,0.11,3347,0.364,0.36,59.4,5.07853540110417,13.5862924218549,0,0.16515935087764
"GJ 367 b","GJ 367","Transit",1,0.633,0.699,1365,0.06,-0.01,3522,0.458,0.455,579,10.2197187620716,10.6581367897173,0,0.315975848979696
"GJ 3929 b","GJ 3929","Transit",1,1.75,1.09,568,0,-0.02,3384,0.32,0.313,17.3,7.45118449084924,14.1913528394175,0,0.11293404325784
"GJ 414 A b","GJ 414 A","Radial Velocity",1,7.6,2.63,308.6,0.45,0.24,4120,0.68,0.65,NA,2.30363203103085,19.0391232184614,0,0.0468499222989325
"GJ 414 A c","GJ 414 A","Radial Velocity",1,53.83,8.4,124.7,0.105,0.24,4120,0.68,0.65,NA,0.50078727324263,28.3524484539401,0,0
"GJ 486 b","GJ 486","Radial Velocity",1,2.77,1.289,696.3,0.00086,-0.15,3317,0.3243,0.312,39.2,7.1316131774348,16.4184233024774,0,0.14561944309989
"GJ 806 b","GJ 806","Transit",1,1.9,1.331,940,NA,-0.28,3600,0.4144,0.413,130,4.44310110864118,13.3815307191546,0,0.207703869767916
"GJ 9827 b","GJ 9827","Transit",1,4.28,1.44,1035.01,NA,-0.29,4236,0.58,0.62,NA,7.90356545781893,19.3089501412054,0,0.231908389167707
"GJ 9827 c","GJ 9827","Transit",1,1.86,1.13,715.94,NA,-0.29,4236,0.58,0.62,NA,7.10795018632654,14.3692887846612,0,0.150622882327465
"GJ 9827 d","GJ 9827","Transit",1,3.02,1.98,675,NA,-0.29,4236,0.58,0.62,34.9,2.14525110301052,13.8321248102986,0,0.140193106259394
"GPX-1 b","GPX-1","Transit",1,6261.2196179,16.47720163,2300,0,0.35,7000,1.56,1.68,4650,7.71747676489126,218.326153436154,0,0.554174203245612
"GQ Lup b","GQ Lup","Imaging",1,6356,33.6,2650,NA,NA,NA,NA,0.7,NA,0.923916702097506,154.042418400474,0,0.643339362596489
"GU Psc b","GU Psc","Imaging",1,3591.3,14.179,1050,NA,0.1,NA,NA,0.325,NA,6.94674952035781,178.246521858021,0,0.235727205563906
"Gliese 12 b","Gliese 12","Transit",1,3.87,0.958,314.6,0.5,-0.32,3296,0.2617,0.2414,1.62,24.2706383807158,22.5107907318622,1,0.0483784678878048
"HAT-P-1 b","HAT-P-1","Transit",1,166.86075,14.784671,1322,NA,0.13,5980,1.174,1.151,NA,0.284699011303306,37.6261069802758,0,0.305021272259445
"HAT-P-12 b","HAT-P-12","Transit",1,67.059,10.749,963,0,-0.29,4650,0.701,0.733,NA,0.297727976629152,27.9745125415925,0,0.213563294525259
"HAT-P-16 b","HAT-P-16","Transit",1,1332.605,14.448,1626,0.036,0.17,6158,1.237,1.218,NA,2.43637986270744,107.563487652498,0,0.382467582095636
"HAT-P-18 b","HAT-P-18","Transit",1,62.61,11.153,852,0.084,0.1,4803,0.749,0.77,NA,0.248848690056848,26.5365233356462,0,0.185285201131124
"HAT-P-19 b","HAT-P-19","Transit",1,88.03846874,11.29865255,981.2,NA,0.166,4962,0.773,0.807,154,0.336557506199344,31.2637404061897,0,0.218199882811505
"HAT-P-20 b","HAT-P-20","Transit",1,2302.899,9.718,970,0.015,0.35,4595,0.694,0.756,NA,13.8360132354455,172.411813871502,0,0.215346597712277
"HAT-P-23 b","HAT-P-23","Transit",1,664.237,15.334,2056,0.106,0.15,5905,1.203,1.13,NA,1.01583564637836,73.714313435161,0,0.492013349298143
"HAT-P-25 b","HAT-P-25","Transit",1,180.84527,12.722215,1182,0.023,0.294,5519,0.919,1.012,325,0.48426794623282,42.2270006051172,0,0.269355208519094
"HAT-P-28 b","HAT-P-28","Transit",1,198.953,13.585,1384,0.051,0.12,5680,1.103,1.025,NA,0.437560717433628,42.8611132934822,0,0.320816243344458
"HAT-P-32 b","HAT-P-32","Transit",1,216.1244,22.19382,1835.7,0.159,-0.16,6001,1.367,1.132,1841,0.10901201921482,34.9505402494879,0,0.435890250426719
"HAT-P-36 b","HAT-P-36","Transit",1,587.413406,14.313893,1780.97,NA,NA,5620,1.041,1.03,NA,1.10442776537569,71.7482092982397,0,0.421947367080223
"HAT-P-37 b","HAT-P-37","Transit",1,371.528,13.204,1271,0.058,0.03,5500,0.877,0.929,NA,0.889901142798607,59.4102034592389,0,0.292028634754032
"HAT-P-38 b","HAT-P-38","Transit",1,84.857,9.247,1082,0.067,0.06,5330,0.923,0.886,NA,0.591768525738198,33.92824775107,0,0.243879448704558
"HAT-P-39 b","HAT-P-39","Transit",1,190.372,17.609,1752,0,0.19,6430,1.625,1.404,NA,0.192249736806391,36.8258018665797,0,0.414567039461952
"HAT-P-4 b","HAT-P-4","Transit",1,213.255,14.28,1686,0,NA,5860,1.596,1.248,NA,0.403813990994322,43.2816222377282,0,0.397753037984358
"HAT-P-42 b","HAT-P-42","Transit",1,331.801,14.348,1428,0,0.27,5743,1.53,1.178,NA,0.61939878390227,53.8593594409242,0,0.332025577662854
"HAT-P-44 b","HAT-P-44","Transit",1,111.871,13.922,1108,0.044,0.33,5295,0.949,0.942,NA,0.228601667357213,31.7487015300399,0,0.250503146256337
"HAT-P-45 b","HAT-P-45","Transit",1,283.492,15.984,1652,0.049,0.07,6330,1.319,1.259,NA,0.382781691252089,47.1678076878933,0,0.389091279647415
"HAT-P-46 b","HAT-P-46","Transit",1,156.684,14.392,1458,0.123,0.3,6120,1.396,1.284,NA,0.289819738940455,36.9547077923174,0,0.339668305607215
"HAT-P-50 b","HAT-P-50","Transit",1,429.0705,14.437192,1862,0.115,-0.18,6280,1.698,1.273,NA,0.786225674191656,61.0577764904628,0,0.442590375257942
"HAT-P-51 b","HAT-P-51","Transit",1,97.57332095,13.50682174,1168.2,NA,0.302,5453,0.995,0.961,310,0.21834253280028,30.1028061480919,0,0.265839553664688
"HAT-P-52 b","HAT-P-52","Transit",1,259.98494,11.309881,1218,0.047,0.28,5131,0.893,0.887,NA,0.990925140986435,53.6986170125173,0,0.278526482052327
"HAT-P-53 b","HAT-P-53","Transit",1,471.65972,14.773462,1778,0.134,0,5956,1.209,1.093,NA,0.806582346277913,63.283614655239,0,0.421190737013731
"HAT-P-54 b","HAT-P-54","Transit",1,241.5508,10.581296,818,0.074,-0.127,4390,0.617,0.645,NA,1.12423901193166,53.5122030705641,0,0.176623442794181
"HAT-P-55 b","HAT-P-55","Transit",1,189.42573057,14.84069045,1367,NA,0.003,5804,1.105,1.028,583,0.319553378064885,40.0138606013802,0,0.316485364175987
"HAT-P-58 b","HAT-P-58","Transit",1,118.2321674,14.93036229,1622,0.073,-0.224,6078,1.53,1.031,1146,0.195880576873026,31.5174211584874,0,0.381448551703055
"HAT-P-59 b","HAT-P-59","Transit",1,489.45574678,12.58768533,1277.8,0.03,0.217,5678,1.1038,1.008,441.4,1.35313946432601,69.8396090789029,0,0.29376098642142
"HAT-P-60 b","HAT-P-60","Transit",1,182.43350562,18.28184752,1772,0.25,0.037,6212,2.197,1.435,1634,0.164630811221025,35.3801999727291,0,0.419662191424859
"HAT-P-61 b","HAT-P-61","Transit",1,335.9446262,10.07687365,1505,0.113,0.194,5587,0.938,1.004,849.5,1.81032696699102,64.6679308622862,0,0.351641912720047
"HAT-P-62 b","HAT-P-62","Transit",1,241.86741773,12.02723629,1512,0.101,0.414,5629,1.17,1.023,867.2,0.766560787689555,50.2254440372347,0,0.353425215907064
"HAT-P-63 b","HAT-P-63","Transit",1,195.1466419,12.5428494,1237,0.069,0.251,5400,0.9661,0.925,387.4,0.545304674615701,44.1774312735175,0,0.283366876417089
"HAT-P-64 b","HAT-P-64","Transit",1,184.34047606,19.08889413,1766,0.101,-0.113,6457,1.735,1.298,1611,0.14613194293371,34.8047076680507,0,0.418133645835987
"HAT-P-65 b","HAT-P-65","Transit",1,176.07693748,18.05766791,1818,NA,0.208,5872,1.666,1.297,1821,0.164886178285665,34.9734462747004,0,0.431381040939546
"HAT-P-66 b","HAT-P-66","Transit",1,248.86089,17.82231,1896,0.09,0.035,6002,1.881,1.255,NA,0.242399339030482,41.85182020299,0,0.451252133594884
"HAT-P-67 b","HAT-P-67","Transit",1,108.0622,23.370765,1903,0,-0.08,6406,2.546,1.642,NA,0.0466790255448502,24.0834367104443,0,0.453035436781902
"HAT-P-68 b","HAT-P-68","Transit",1,230.10892,12.016048,1027.8,0.041,-0.059,4508,0.6701,0.6785,184.8,0.731333137627052,49.0121690128825,0,0.230071586885079
"HAT-P-69 b","HAT-P-69","Transit",1,1137.8314,18.786284,1930,0,-0.069,7394,1.926,1.648,NA,0.946285152504828,87.1638768062765,0,0.459913891931827
"HAT-P-70 b","HAT-P-70","Transit",1,2154.8874,20.96083,2562,0,-0.059,8450,1.858,1.89,NA,1.2902263775854,113.560180905755,0,0.620920693959697
"HAT-P-9 b","HAT-P-9","Transit",1,238.05467,15.614137,1540,0.084,0.12,6350,1.338,1.281,931,0.344817668163196,43.7318029614674,0,0.360558428655135
"HATS-1 b","HATS-1","Transit",1,589.55,14.594,1359,0.12,-0.06,5870,1.038,0.986,NA,1.04583790865941,71.1854399655886,0,0.314447303390824
"HATS-10 b","HATS-10","Transit",1,167.17858,10.861521,1407,0.501,0.15,5880,1.105,1.101,NA,0.719408318380667,43.9402997846945,0,0.326675668101801
"HATS-13 b","HATS-13","Transit",1,172.58169,13.585308,1244,0.181,0.05,5523,0.887,0.962,NA,0.379536031547415,39.9190904056516,0,0.285150179604107
"HATS-14 b","HATS-14","Transit",1,340.39593,11.646151,1276,0.142,0.33,5346,0.933,0.967,NA,1.18823918546214,60.5506756677125,0,0.293302422744758
"HATS-15 b","HATS-15","Transit",1,689.6911,12.385945,1505,0.126,0,5311,0.922,0.871,NA,2.00140021433818,83.57584186248,0,0.351641912720047
"HATS-16 b","HATS-16","Transit",1,1039.3041,14.5717,1592,0,-0.1,5738,1.238,0.97,NA,1.85216101137398,94.5876056828581,0,0.373805823758694
"HATS-17 b","HATS-17","Transit",1,425.25654,8.709393,814,0.029,0.3,5846,1.091,1.131,72.7,3.54939308775005,78.2617544116307,0,0.1756044124016
"HATS-18 b","HATS-18","Transit",1,629.144485,14.896761,2069.48,NA,NA,5600,1.02,1.037,NA,1.04940131828373,72.7859063973658,0,0.495447481721142
"HATS-2 b","HATS-2","Transit",1,435.42491759,12.57647635,1550,NA,NA,NA,0.876,0.904,NA,1.20698842350302,65.9014806995681,0,0.363106004636588
"HATS-22 b","HATS-22","Transit",1,870.8542,10.682177,858,0.079,0,4803,0.689,0.759,NA,3.93942560247797,101.125542191945,0,0.186813746719996
"HATS-23 b","HATS-23","Transit",1,467.2101,20.84874,1654,0.114,0.28,5780,1.199,1.121,NA,0.284275573443458,53.0193290241447,0,0.389600794843706
"HATS-24 b","HATS-24","Transit",1,718.2958,15.636555,2166,0,-0.229,6125,1.12,1.07,NA,1.03596923514391,75.9100273335654,0,0.520036685094133
"HATS-25 b","HATS-25","Transit",1,194.82979,14.12334,1277,0.176,0.02,5715,1.107,0.994,NA,0.38133782161477,41.5984354463452,0,0.293557180342904
"HATS-26 b","HATS-26","Transit",1,206.5895,19.61575,1918,0.245,-0.02,6071,2.04,1.299,NA,0.15092467619469,36.3470933197072,0,0.456856800754082
"HATS-27 b","HATS-27","Transit",1,168.4499,16.8135,1659,0.581,0.09,6438,1.74,1.415,NA,0.195417356733852,35.4506610016003,0,0.390874582834433
"HATS-28 b","HATS-28","Transit",1,213.58176,13.383546,1253,0.202,0.01,5498,0.922,0.929,NA,0.491266708951095,44.7419084846883,0,0.287442997987415
"HATS-29 b","HATS-29","Transit",1,207.54299,14.022459,1212,0.158,0.16,5670,1.073,1.032,NA,0.415051793039041,43.0883603222041,0,0.276997936463455
"HATS-3 b","HATS-3","Transit",1,340.382,15.48,1648,0,-0.157,6351,1.404,1.209,NA,0.505965003288527,52.5189261320829,0,0.388072249254834
"HATS-30 b","HATS-30","Transit",1,224.38798,13.170575,1414,0.096,0.06,5943,1.061,1.093,NA,0.541566938079585,46.2291011384667,0,0.328458971288819
"HATS-31 b","HATS-31","Transit",1,279.6904,18.38276,1823,0.233,0,6050,1.87,1.275,NA,0.248263097807917,43.6869216876954,0,0.432654828930273
"HATS-32 b","HATS-32","Transit",1,292.4036,14.000041,1437,0.471,0.39,5700,1.097,1.099,NA,0.587572625786317,51.1852379436885,0,0.334318396046162
"HATS-33 b","HATS-33","Transit",1,378.85336,13.78707,1429,0.08,0.29,5659,1.022,1.062,NA,0.797116801581244,58.7107467169887,0,0.332280335260999
"HATS-34 b","HATS-34","Transit",1,299.07803,16.02887,1445,0.108,0.25,5380,0.98,0.955,NA,0.400444702932635,48.3792158674557,0,0.336356456831325
"HATS-35 b","HATS-35","Transit",1,388.38826,16.409976,2037,0.306,0.21,6300,1.433,1.317,NA,0.4846285752121,54.4875269245904,0,0.487172954933381
"HATS-37 A b","HATS-37 A","Transit",1,31.46517,6.792654,1085,0,0.051,5326,0.877,0.843,229.7,0.553577416179655,24.1053430955793,0,0.244643721498994
"HATS-38 b","HATS-38","Transit",1,23.51942,6.882326,1294,0,-0.102,5732,1.105,0.89,464.7,0.397820948466611,20.7044503854659,0,0.297888059511375
"HATS-39 b","HATS-39","Transit",1,200.2329,17.59813,1645,0.275,0,6572,1.621,1.379,NA,0.202582830299673,37.779175934627,0,0.387307976460398
"HATS-4 b","HATS-4","Transit",1,420.471,11.433,1315,0.013,0.43,5403,0.925,1.001,NA,1.55139432710684,67.9212929901878,0,0.303237969072428
"HATS-40 b","HATS-40","Transit",1,505.3497,17.71022,2101,0.312,0.01,6460,2.26,1.561,NA,0.501633931831521,59.8276646590957,0,0.503477441214684
"HATS-41 b","HATS-41","Transit",1,3082.951,14.90797,1710,0.38,0.47,6424,1.71,1.496,NA,5.13071455488191,161.061625807793,0,0.403867220339847
"HATS-42 b","HATS-42","Transit",1,597.5204,15.6926,1856,0.229,0.22,6060,1.48,1.273,NA,0.852579300619045,69.1109620945247,0,0.44106182966907
"HATS-43 b","HATS-43","Transit",1,82.95363,13.22662,1003,0.173,0.05,5099,0.812,0.837,NA,0.197676720582173,28.0486060075502,0,0.223753598451074
"HATS-44 b","HATS-44","Transit",1,177.9848,11.960003,1161,0.279,0.32,5080,0.847,0.86,NA,0.573661640996965,43.205977568345,0,0.264005298958041
"HATS-45 b","HATS-45","Transit",1,222.481,14.414774,1518,0.24,0.02,6450,1.315,1.272,NA,0.409577580746723,44.0007995007462,0,0.354953761495937
"HATS-46 b","HATS-46","Transit",1,54.98459,10.121727,1054,0.559,-0.06,5495,0.853,0.917,NA,0.292377463683176,26.1042493035567,0,0.236746235956487
"HATS-47 b","HATS-47","Transit",1,117.27927,12.520453,852.9,0.088,-0.113,4512,0.6564,0.674,87.73,0.329479113644444,34.2782489488911,0,0.185514482969455
"HATS-48 A b","HATS-48 A","Transit",1,77.23269,8.9672,954.6,0.162,0.186,4546,0.7152,0.7279,137.6,0.590605320206921,32.8692788158519,0,0.211423330700838
"HATS-49 b","HATS-49","Transit",1,112.19399,8.574885,834.8,0.071,0.208,4405,0.6977,0.7133,80.45,0.981186224186941,40.5124648427605,0,0.180903370443023
"HATS-5 b","HATS-5","Transit",1,75.323,10.223,1025,0.019,0.19,5304,0.871,0.936,NA,0.38874005194475,30.4013344229538,0,0.229358265610272
"HATS-51 b","HATS-51","Transit",1,244.09344,15.80469,1553,0.33,NA,5758,1.44,1.187,NA,0.340929769014532,44.0152411622183,0,0.363870277431024
"HATS-52 b","HATS-52","Transit",1,711.9392,15.490838,1834,0.246,NA,6010,1.046,1.111,NA,1.05605109544928,75.9280103667777,0,0.435457162509872
"HATS-53 b","HATS-53","Transit",1,189.10885,15.02006,1312,0.33,NA,5644,1.101,0.964,NA,0.307725589843515,39.7409382040594,0,0.302473696277991
"HATS-54 b","HATS-54","Transit",1,239.32479047,11.37711541,1429,0,0.37,5621,1.23,1.05,NA,0.896103055752592,51.3683699354326,0,0.332280335260999
"HATS-55 b","HATS-55","Transit",1,292.72143,14.022459,1367,0.092,0.108,6214,1.126,1.1955,NA,0.585394642249551,51.172094388948,0,0.316485364175987
"HATS-56 b","HATS-56","Transit",1,191.33366,18.920792,1902,0.019,0.19,6536,2.201,1.573,NA,0.155754357828386,35.6159109275259,0,0.452780679183757
"HATS-57 b","HATS-57","Transit",1,1000.21101,12.767051,1413.4,0.028,0.268,5587,0.96,1.026,NA,2.65024859441692,99.1330667197895,0,0.328306116729931
"HATS-58 A b","HATS-58 A","Transit",1,327.3649,12.273855,1721,0.168,NA,7175,1.433,1.461,NA,0.976238451411069,57.8420377817701,0,0.406669553919446
"HATS-59 b","HATS-59","Transit",1,256.17098,12.621334,1128,0.129,0.18,5670,1.036,1.038,269,0.702555943898064,50.4580377896546,0,0.255598298219244
"HATS-6 b","HATS-6","Transit",1,101.38777,11.186582,712.8,0,0.2,3724,0.57,0.574,NA,0.399355896669354,33.7180230275421,0,0.149822943469289
"HATS-60 b","HATS-60","Transit",1,210.40346,12.923977,1528,0.191,0.335,5688,1.46,1.097,903.9,0.537441390002958,45.1904195238795,0,0.35750133747739
"HATS-61 b","HATS-61","Transit",1,1080.622,13.394755,1226.1,0.092,0.247,5542,1.664,1.076,374.2,2.47934089224222,100.59758105736,0,0.280590018597305
"HATS-62 b","HATS-62","Transit",1,56.89157,11.825495,1237,0.298,0.133,5416,0.933,0.896,387.4,0.189695353970178,24.5658795274069,0,0.283366876417089
"HATS-63 b","HATS-63","Transit",1,305.1168,13.529263,1398.3,0.136,0.081,5627,1.07,0.931,634.1,0.679376413349675,53.1880432838525,0,0.324459276997936
"HATS-64 b","HATS-64","Transit",1,305.1168,18.819911,1793,0.151,0.22,6554,2.113,1.564,1711,0.252394674323741,45.0964442886417,0,0.425012100985912
"HATS-65 b","HATS-65","Transit",1,260.93843,16.824709,1634,0.062,0.199,6277,1.31,1.257,1178,0.302107928184099,44.1075834510792,0,0.384505642880799
"HATS-66 b","HATS-66","Transit",1,1694.0339,15.815899,1998,0.064,-0.017,6626,1.841,1.411,2637,2.36106101277633,115.912995599901,0,0.477237408605712
"HATS-67 b","HATS-67","Transit",1,460.8535,18.887165,2193,0.057,0.332,6594,1.441,1.435,3821,0.377163214748006,55.3243194778461,0,0.526915140244058
"HATS-68 b","HATS-68","Transit",1,410.0007,13.809488,1741,0.036,0.21,6147,1.748,1.351,1521,0.858457163472044,61.0269314384865,0,0.411764705882353
"HATS-69 b","HATS-69","Transit",1,183.38791,10.592505,1295.7,0.519,0.377,5137,0.8785,0.892,466.6,0.850827326239516,46.6019440749948,0,0.298321147428222
"HATS-7 b","HATS-7","Transit",1,38.1396,6.310667,1084,0.17,0.25,4985,0.815,0.849,NA,0.83679119868752,27.5339460824836,0,0.244388963900848
"HATS-70 b","HATS-70","Transit",1,4100.007,15.513256,2730,0.18,0.041,7930,1.881,1.78,9110,6.05539505865435,182.078573454285,0,0.663719970448119
"HATS-71 b","HATS-71","Transit",1,117.5971,11.478016,586.8,0,0.17,3405,0.4783,0.4861,NA,0.428808016986142,35.8494845551137,0,0.117723486102973
"HATS-72 b","HATS-72","Transit",1,39.855882,8.0973816,739.3,0.013,0.099,4656.1,0.7214,0.7311,49.58,0.413928535335421,24.8480282209694,0,0.156574019820141
"HATS-74 A b","HATS-74 A","Transit",1,464.02947422,11.56766808,895.1,0.044,0.514,3776.9,0.5758,0.601,106.9,1.65300768617247,70.9361962313321,0,0.196265253611189
"HATS-75 b","HATS-75","Transit",1,156.05374784,9.90873894,772.3,0.064,0.522,3790.4,0.5848,0.6017,59.26,0.884475496487261,44.4473559491649,0,0.164981020558938
"HATS-76 b","HATS-76","Transit",1,835.570882,12.09449018,939.8,0.062,0.322,4016,0.6259,0.662,129.8,2.60427810876871,93.0927560974321,0,0.207652918248287
"HATS-77 b","HATS-77","Transit",1,436.69623122,13.05846252,828.3,0.045,0.253,4071,0.6428,0.655,78.37,1.08135941284344,64.768184132522,0,0.179247446055079
"HATS-8 b","HATS-8","Transit",1,43.86054,9.785457,1324,0.376,0.21,5679,1.086,1.056,NA,0.258105582243388,23.7117961878629,0,0.305530787455736
"HD 106315 b","HD 106315","Transit",1,12.6,2.44,1153,0.093,-0.311,6327,1.296,1.091,NA,4.78264149862764,25.4512069345685,0,0.261967238172878
"HD 106315 c","HD 106315","Transit",1,15.2,4.35,886,0.22,-0.311,6327,1.296,1.091,NA,1.01822224044537,20.9360712756661,0,0.193946959468066
"HD 110067 b","HD 110067","Transit",1,5.69,2.2,800,NA,-0.2,5266,0.788,0.798,NA,2.94653080390684,18.0120363797505,0,0.172037806027565
"HD 110067 c","HD 110067","Transit",1,6.3,2.388,699,NA,-0.2,5266,0.788,0.798,NA,2.5509640828064,18.1916099718204,0,0.146307288614883
"HD 110067 d","HD 110067","Transit",1,8.52,2.852,602,NA,-0.2,5266,0.788,0.798,NA,2.02515278235034,19.3581147297613,0,0.121595801594783
"HD 110067 e","HD 110067","Transit",1,3.9,1.94,533,NA,-0.2,5266,0.788,0.798,NA,2.94527722415367,15.8799620867396,0,0.104017527322752
"HD 110067 f","HD 110067","Transit",1,5.04,2.601,489,NA,-0.2,5266,0.788,0.798,NA,1.57934220639541,15.5906102519331,0,0.0928081930043563
"HD 110067 g","HD 110067","Transit",1,8.4,2.607,440,NA,-0.2,5266,0.788,0.798,NA,2.61410455789493,20.1042163907437,0,0.0803250706952335
"HD 110113 b","HD 110113","Transit",1,4.55,2.05,1371,0.093,0.14,5732,0.968,0.997,735.49,2.91216900509279,16.6857906542093,0,0.317504394568568
"HD 118203 b","HD 118203","Radial Velocity",1,680.15279098,12.778238,1361,0.3136,0.287,5742,2.04,1.27,NA,1.7974645252991,81.7119883384724,0,0.314956818587114
"HD 135344 A b","HD 135344 A","Imaging",1,3178.28407,16.25302201,1585,0.5,0.05,9540,1.5,NA,NA,4.0818505759305,156.620034936706,0,0.372022520571676
"HD 136352 b","HD 136352","Radial Velocity",1,4.72,1.664,905,0,-0.24,5664,1.058,0.87,111.6,5.64870369884715,18.8630693317759,0,0.198787353832828
"HD 136352 c","HD 136352","Radial Velocity",1,11.24,2.916,677,0,-0.24,5664,1.058,0.87,35.1,2.49959998888959,21.9890981842702,0,0.140702621455685
"HD 136352 d","HD 136352","Radial Velocity",1,8.82,2.562,431,0,-0.24,5664,1.058,0.87,5.74,2.89199788276804,20.7808234425592,0,0.0780322523119252
"HD 137496 b","HD 137496","Transit",1,4.04,1.31,2130,0,-0.03,5799,1.59,1.04,NA,9.90910065473328,19.6685823020113,0,0.5108654115609
"HD 1397 b","HD 1397","Transit",1,131.89945,11.500434,1228.3,0.251,0.29,5521,2.336,1.324,356,0.478153188943377,37.9299613361102,0,0.281150485313224
"HD 183579 b","HD 183579","Transit",1,20.4,3.49,752,0.061,-0.038,5784,0.96,0.996,NA,2.64618771155891,27.0782374898873,0,0.159809441316587
"HD 191939 b","HD 191939","Transit",1,10,3.41,880,0.031,-0.15,5348,0.94,0.81,100,1.390604481948,19.1796568670208,0,0.192418413879194
"HD 191939 c","HD 191939","Transit",1,8,3.195,600,0.034,-0.15,5348,0.94,0.81,21,1.35252144954122,17.7226060956949,0,0.121086286398492
"HD 191939 d","HD 191939","Transit",1,2.8,2.995,540,0.031,-0.15,5348,0.94,0.81,14.3,0.574690890243293,10.8292561138781,0,0.10580083050977
"HD 202772 A b","HD 202772 A","Transit",1,323.23311,17.317905,2132,0.038,0.3,6272,2.591,1.72,3440,0.343159908863506,48.3869520899727,0,0.511374926757191
"HD 203030 b","HD 203030","Imaging",1,3496.112477,14.4595851,1040,NA,NA,NA,NA,NA,NA,6.37653375926258,174.153739817187,0,0.233179629582452
"HD 20329 b","HD 20329","Transit",1,7.42,1.72,2141,0,-0.07,5596,1.13,0.9,3474,8.04054202774599,23.2624660253679,0,0.513667745140499
"HD 206893 b","HD 206893","Imaging",1,8899.195396,14.01122587,1429.2,0.14,NA,NA,NA,1.32,NA,17.8397638650236,282.26389283763,0,0.332331286780628
"HD 206893 c","HD 206893","Imaging",1,4036.4207689,16.36511182,1181.9,0.41,NA,NA,NA,1.32,NA,5.07815862337227,175.89631865286,0,0.26932973275928
"HD 207496 b","HD 207496","Transit",1,6.1,2.25,743,0.231,0.095,4819,0.769,0.8,72.9,2.95290205761317,18.4413062926078,0,0.157516622933279
"HD 207897 b","HD 207897","Transit",1,14.8,2.34302132,581.75,0,-0.03,5106,0.7827,0.8208,NA,6.34453439190581,28.1488567007122,0,0.116436960232339
"HD 213885 b","HD 213885","Transit",1,8.83,1.745,2128,0,-0.04,5978,1.1011,1.068,NA,9.16307352669224,25.1942050006752,0,0.510355896364609
"HD 21520 b","HD 21520","Transit",1,17.7,2.697,637,0,0.049,5871,1.044,1.09,NA,4.97504700948491,28.6922220123233,0,0.13051231752987
"HD 21749 c","GJ 143","Transit",1,3.7,0.892,701,NA,0.003,4640,0.695,0.73,NA,28.7457684326178,22.8105867955026,0,0.146816803811174
"HD 219134 b","HD 219134","Radial Velocity",1,4.74,1.602,1015,0,0.11,4699,0.778,0.81,176.2,6.35707841036491,19.2653071588567,0,0.226810689628818
"HD 219134 c","HD 219134","Radial Velocity",1,4.36,1.511,782,0.062,0.11,4699,0.778,0.81,62.1,6.96882980261217,19.0251914226836,0,0.167452169260948
"HD 219134 d","HD 219134","Radial Velocity",1,16.17,1.61,410.5,0.138,0.11,4699,0.778,0.81,4.72,21.3648158367481,35.4944208720677,0,0.0728097215499452
"HD 219134 f","HD 219134","Radial Velocity",1,7.3,1.31,522.6,0.148,0.11,4699,0.778,0.81,12.38,17.9050581137507,26.4389257325847,0,0.101368048302041
"HD 219666 b","HD 219666","Transit",1,17.6,4.898,1076,0.05,NA,5540,1.059,1.02,NA,0.825891672675011,21.2307319029167,0,0.242350903115685
"HD 22946 d","HD 22946","Transit",1,26.57,2.607,546,NA,-0.08,6169,1.117,1.098,18.561,8.26866167896052,35.7555352996516,0,0.107329376098642
"HD 23472 b","HD 23472","Transit",1,8.32,2,543,0.072,-0.2,4684,0.71,0.67,16,5.73456,22.8436074208957,0,0.106565103304206
"HD 23472 c","HD 23472","Transit",1,3.41,1.87,467,0.063,-0.2,4684,0.71,0.67,7.96,2.87538710757259,15.1242695496928,0,0.0872035258451583
"HD 23472 d","HD 23472","Transit",1,0.55,0.75,909,0.07,-0.2,4684,0.71,0.67,117,7.18862222222222,9.59110699206996,0,0.19980638422541
"HD 23472 e","HD 23472","Transit",1,0.72,0.818,723,0.07,-0.2,4684,0.71,0.67,46.7,7.25336190751988,10.5076988889728,0,0.152421470970372
"HD 23472 f","HD 23472","Transit",1,0.77,1.137,630,0.07,-0.2,4684,0.71,0.67,26.3,2.88852474855108,9.21686344044758,0,0.128729014342853
"HD 25463 b","HD 25463","Transit",1,8.7,2.54535814,1198.46,0,-0.018,6353,1.4182,1.251,NA,2.90897053047977,20.7063332914962,0,0.273548518584567
"HD 25463 c","HD 25463","Transit",1,4.3,1.36354953,1585.57,0,-0.018,6353,1.4182,1.251,NA,9.35238686566183,19.8891760270119,0,0.372167732402619
"HD 260655 b","HD 260655","Transit",1,2.14,1.24,709,0.039,-0.43,3803,0.439,0.439,42.2,6.18892870329965,14.7134347210406,0,0.148854864596337
"HD 260655 c","HD 260655","Transit",1,3.09,1.533,557,0.038,-0.43,3803,0.439,0.439,16.1,4.72932082709589,15.9010639774965,0,0.110131709678241
"HD 2685 b","HD 2685","Transit",1,371.8611,16.14096,2061,0.091,0.02,6801,1.56,1.43,NA,0.487595206694227,53.7580759907888,0,0.49328713728887
"HD 28109 b","HD 28109","Transit",1,18.496,2.199,881.2,0.3307,0,6120,1.446,1.26,NA,9.59111040865854,32.4821162535235,0,0.192724122996968
"HD 28109 c","HD 28109","Transit",1,7.943,4.23,585.2,0.1203,0,6120,1.446,1.26,NA,0.578669006514688,15.3475875773505,0,0.11731587394594
"HD 28109 d","HD 28109","Transit",1,5.681,3.25,506.5,0.0864,0,6120,1.446,1.26,NA,0.912518059171598,14.8077385174104,0,0.0972664509719002
"HD 3167 b","HD 3167","Transit",1,4.97,1.67,1774,0,0.04,5261,0.88,0.837,1650,5.88401453752826,19.3213728575843,0,0.42017170662115
"HD 3167 c","HD 3167","Transit",1,11.13,3,564,0.06,0.04,5261,0.88,0.837,16.9,2.27299333333333,21.5727235183692,0,0.111915012865259
"HD 332231 b","HD 332231","Transit",1,74.1,9.07303305,798.3,0,0.043,6128,1.266,1.1642,NA,0.54705059048182,32.0074355909055,0,0.171604718110718
"HD 35843 c","HD 35843","Transit",1,11.32,2.54,479,0.153,-0.27,5666,0.897,0.94,NA,3.80900935030216,23.6441865805343,0,0.0902606170229027
"HD 42813 b","HD 42813","Transit",1,9.1,3.41,716,NA,0.24,5289,0.98,0.901,74.7,1.26545007857268,18.2962265551768,0,0.150638167783354
"HD 5278 b","HD 5278","Transit",1,7.8,2.45,943,0.08,-0.12,6203,1.194,1.126,132,2.92457734447382,19.9839935948749,0,0.208468142562352
"HD 6061 b","HD 6061","Transit",1,10,2.42763557,1075.31,0,-0.05,5934,1.0072,1.0269,NA,3.85404059821999,22.7314048331419,0,0.242175120372965
"HD 63433 b","HD 63433","Transit",1,37.3,2.16351593,886.44,0,0.079,5634,0.9169,0.9883,NA,20.3093162242747,46.5042227251394,0,0.19405905281125
"HD 63433 c","HD 63433","Transit",1,17.2,2.58229101,622.31,0,0.079,5634,0.9169,0.9883,NA,5.50781898653694,28.9054446501253,0,0.126769928413115
"HD 63935 b","HD 63935","Transit",1,10.5,2.91575244,825.22,0,0.107,5513,0.9598,0.9406,NA,2.33563039118496,21.2538371359134,0,0.178462792652791
"HD 63935 c","HD 63935","Radial Velocity",1,11.1,3.06451296,619.59,0,0.107,5513,0.9598,0.9406,NA,2.12669570267556,21.3156598317729,0,0.12607698774616
"HD 73344 b","HD 73344","Transit",1,10.48,2.884,911,0.03,0.143,6252.6,1.22,1.2,NA,2.40903037670264,21.3501551800822,0,0.2003158994217
"HD 73583 b","HD 73583","Transit",1,10.2,2.79,714,0.09,0,4511,0.65,0.73,43.3,2.58972902164918,21.4148978391765,0,0.150128652587063
"HD 73583 c","HD 73583","Transit",1,9.7,2.39,498,0.08,0,4511,0.65,0.73,10.2,3.91782283501682,22.5634206137012,0,0.0951010113876646
"HD 77946 b","HD 77946","Transit",1,10.9,2.89646124,1128.86,0.211,0.215,6007,1.3174,1.1973,NA,2.47337573635799,21.7268822675018,0,0.255817389753649
"HD 80653 b","HD 80653","Transit",1,5.72,1.613,2463,0,0.255,5959,1.22,1.18,6130,7.51553130943494,21.09108166919,0,0.595699691743306
"HD 86226 c","HD 86226","Transit",1,7.25,2.16,1311,0.075,0.018,5863,1.053,1.019,NA,3.96682932289285,20.5191870462023,0,0.302218938679846
"HD 88986 b","HD 88986","Radial Velocity",1,17.2,2.49,460,0.24,0.06,5861,1.543,1.25,NA,6.14323554439367,29.4362560916086,0,0.0854202226581408
"HD 89345 b","HD 89345","Transit",1,34.9613,7.39794,1089,0.22,0.421,5576,1.747,1.157,NA,0.476126025100021,24.347613937668,0,0.245662751891575
"HD 93963 A b","HD 93963 A","Transit",1,2.8,1.46954368,1842.23,0,0.11,5908,1.0311,1.0844,NA,4.86493783373132,15.4598682553389,0,0.437553817542608
"HD 93963 A c","HD 93963 A","Transit",1,18.4,3.11976057,1212.45,0,0.11,5908,1.0311,1.0844,NA,3.34134092757329,27.1998370197346,0,0.27711257738262
"HD 95338 b","HD 95338","Radial Velocity",1,42.44,3.89,385,0.197,0.04,5212,0.87,0.83,7.42,3.97551441954996,36.9939674092772,0,0.0663134027972384
"HD 97658 b","HD 97658","Radial Velocity",1,8.3,2.12,751,0.05,-0.23,5212,0.728,0.85,NA,4.80327300388912,22.1609890113746,0,0.159554683718442
"HIP 116454 b","HIP 116454","Transit",1,9.7,2.469,753.2,0.215,0,5048,0.758,0.8,51.2858,3.55365470050176,22.1995077647676,0,0.160115150434362
"HIP 29442 c","HD 42813","Radial Velocity",1,4.5,1.551,1123,NA,0.24,5289,0.98,0.901,451,6.65034050286112,19.0773646343684,0,0.254324510228518
"HIP 29442 d","HD 42813","Radial Velocity",1,5.14,1.538,920,NA,0.24,5289,0.98,0.901,203,7.79042003983278,20.4748823254707,0,0.202608717805009
"HIP 65 A b","HIP 65 A","Transit",1,1021.18779,22.75427,1411,0,0.18,4590,0.7242,0.781,661,0.477951307467526,75.0307652411853,0,0.327694698494383
"HIP 65426 b","HIP 65426","Imaging",1,2860.47,16.8135,1500,NA,NA,8840,1.77,1.96,NA,3.3184079445371,146.085683626008,0,0.35036812472932
"HIP 8152 b","HIP 8152","Transit",1,8.9,2.53625843,794.96,0,0.007,5618,0.9603,0.9373,NA,3.00798909716438,20.9805212697515,0,0.170753827732912
"HIP 8152 c","HIP 8152","Transit",1,10.7,2.52442508,650.68,0.2,0.007,5618,0.9603,0.9373,NA,3.66744053525742,23.0583734358167,0,0.133997401472499
"HIP 94235 b","HIP 94235","Transit",1,379,3,1060,0.32,0,5991,1.08,1.094,NA,77.4002222222222,125.885874240652,0,0.23827478154536
"HIP 9618 b","HIP 9618","Transit",1,8.3,3.82838127,640.88,0,-0.018,5649,0.9593,0.942,NA,0.815641483166451,16.4910943895345,0,0.131500777010674
"HIP 9618 c","HIP 9618","Transit",1,7,3.42855926,470.31,0,-0.018,5649,0.9593,0.942,NA,0.957700735276832,16.003361385507,0,0.0880467734950195
"HIP 97166 b","HIP 97166","Transit",1,19.1,2.4801338,701.66,0.29,0.248,5216,0.8418,0.9342,NA,6.90358689681191,31.0811551146584,0,0.14698494382595
"HR 858 b","HR 858","Transit",1,3.55,2.004,1552,0,0.025,6354,1.258,1.204,NA,2.4322150039386,14.9067627889595,0,0.363615519832879
"HR 858 c","HR 858","Transit",1,3.8,1.979,1309,0,0.025,6354,1.258,1.204,NA,2.70341659731861,15.5198287160472,0,0.301709423483555
"HR 858 d","HR 858","Transit",1,7.1,2.001,1061,0,0.025,6354,1.258,1.204,NA,4.88634182189999,21.0971432964836,0,0.238529539143505
"HR 8799 e","HR 8799","Imaging",1,3178.3,13.11453,1150,0.15,-0.5,7400,NA,NA,NA,7.76968580550616,174.356884881339,0,0.261202965378442
"K2-100 b","K2-100","Transit",1,21.8,3.88,1841,0,0.22,5945,1.24,1.15,1915,2.05791806046634,26.5479142792295,0,0.437240465696889
"K2-110 b","K2-110","Transit",1,15.9,2.592,638,0.13,-0.34,5010,0.713,0.738,27.7,5.03452955252206,27.7395292224198,0,0.130767075128016
"K2-111 b","K2-111","Transit",1,5.58,1.82,1309,0.1,-0.46,5775,1.25,0.84,490,5.10371949026701,19.6109859321445,0,0.301709423483555
"K2-114 b","K2-114","Transit",1,638.83509807,10.59248676,701.4,0.079,0.42,4899,0.832,0.863,NA,2.96388767548792,86.9788060890416,0,0.146918706850432
"K2-115 b","K2-115","Transit",1,321.00669107,11.80305668,696,0.063,-0.198,5870,0.855,0.918,NA,1.07645869154103,58.4087374599104,0,0.145543015820447
"K2-12 b","K2-12","Transit",1,5.2,2.44,1026,0.5,0,5672,1.117,0.965,185,1.97378855498918,16.350264448656,0,0.229613023208417
"K2-131 b","K2-131","Transit",1,7.9,1.69,2223,0,-0.04,5120,0.7595,0.803,4070,9.02472005832425,24.2152086788643,0,0.534557868188419
"K2-136 b","K2-136","Transit",1,4.3,1.014,610,0.14,-0.02,4500,0.677,0.742,33.5,22.7416175871978,23.0639279650181,0,0.123633862379945
"K2-136 c","K2-136","Transit",1,18.1,3,470,0.047,-0.02,4500,0.677,0.742,11.91,3.69642222222222,27.5103859175645,0,0.0879677986395944
"K2-136 d","K2-136","Transit",1,3,1.565,420,0.071,-0.02,4500,0.677,0.742,7.07,4.31563782466626,15.5067747741999,0,0.0752299187323262
"K2-140 b","K2-140","Transit",1,295.58041851,13.56286665,962,0,0.1,5585,1.06,0.96,204,0.653262827181374,52.2853604839383,0,0.213308536927114
"K2-141 b","K2-141","Transit",1,4.97,1.51,2103,0,0,4570,0.681,0.708,3260,7.95961952406526,20.3192532584279,0,0.503986956410975
"K2-141 c","K2-141","Transit",1,8,7,695,0.092,0,4570,0.681,0.708,39.1,0.128606413994169,11.9733036376766,0,0.145288258222301
"K2-157 b","K2-157","Transit",1,1.14,0.935,2432,NA,0.02,5334,0.86,0.89,6660,7.69018487421173,12.3670080334952,0,0.5878022062008
"K2-18 b","K2-18","Transit",1,8.92,2.37,284,0.2,0.12,3457,0.411,0.359,NA,3.69476293401176,21.7283264145302,1,0.0405828853845566
"K2-180 b","K2-180","Transit",1,11.41003981,2.46597575,797.5,0.075,-0.578,5365,0.719,0.735,NA,4.19553662822313,24.0916864229393,0,0.171400912032201
"K2-182 b","K2-182","Transit",1,20.97667486,2.71257333,965.8,0.071,0.022,5128,0.789,0.823,NA,5.79507346637901,31.145521154435,0,0.214276615800066
"K2-199 b","K2-199","Transit",1,6.9,1.73,913,0.02,-0.01,4491,0.682,0.711,116.2,7.34814204793348,22.3676066352571,0,0.200825414617991
"K2-199 c","K2-199","Transit",1,12.4,2.85,694,0.03,-0.01,4491,0.682,0.711,38.6,2.95361487745217,23.3618071879664,0,0.145033500624156
"K2-216 b","K2-216","Transit",1,8,1.75,1103,0,0,4503,0.72,0.7,248,8.23081049562682,23.9466072753532,0,0.24922935826561
"K2-222 b","K2-222","Transit",1,8.7,2.35,871,0.16,-0.315,5942,1.115,0.989,96,3.69642950020708,21.5498235170737,0,0.190125595495886
"K2-232 b","K2-232","Transit",1,126.49634,11.209,1030,0.258,0.1,6154,1.161,1.188,NA,0.495272385722163,37.6247452489057,0,0.230632053600999
"K2-233 b","K2-233","Transit",1,2.4,1.315,1127,0,-0.082,4796,0.71,0.79,269,5.81970197313056,15.1307608518003,0,0.255343540621099
"K2-233 c","K2-233","Transit",1,4.6,1.272,794,0,-0.082,4796,0.71,0.79,66.2,12.3243283232318,21.2987140486412,0,0.170509260438693
"K2-233 d","K2-233","Transit",1,10.3,2.363,525,0.18,-0.082,4796,0.71,0.79,12.7,4.30440197089388,23.3832446857905,0,0.101979466537589
"K2-237 b","K2-237","Transit",1,434.15360396,16.06246934,1759,0.03,0.337,6180,1.236,1.256,NA,0.577661252000058,58.2282277591467,0,0.41635034264897
"K2-238 b","K2-238","Transit",1,273.3338,14.5717,1587,0,0.34,5630,1.59,1.19,NA,0.487112681890403,48.507576973578,0,0.372532035767967
"K2-25 b","K2-25","Transit",1,24.5,3.44,494,0.428,0.15,3207,0.2932,0.2634,9.91,3.31861994069705,29.8897197851905,0,0.0940819809950832
"K2-260 b","K2-260","Transit",1,546.66486004,18.41635529,2090,0.053,0.334,6860,1.755,1.637,NA,0.482588385387753,61.0206401369732,0,0.500675107635085
"K2-261 b","K2-261","Transit",1,68.96876432,9.26982704,1036,0.274,0.372,5490,1.663,1.107,NA,0.477424073342106,30.5498041000839,0,0.232160599189871
"K2-263 b","K2-263","Transit",1,14.9,2.41,470,0.15,-0.08,5368,0.85,0.88,8.17,5.86951075122516,27.8485530811511,0,0.0879677986395944
"K2-265 b","K2-265","Transit",1,7.3418362,1.70824866,1366,0.16,0.033,5420,0.92,0.901,NA,8.12116223792371,23.2190701579422,0,0.316230606577841
"K2-266 b","K2-266","Transit",1,11.26782377,3.3,1515,NA,-0.12,4285,0.703,0.686,879.5,1.72888054839803,20.6957455275731,0,0.354189488701501
"K2-266 c","K2-266","Transit",1,0.29013072,0.705,664.5,0.042,-0.12,4285,0.703,0.686,32.4,4.56555024403713,7.18489328474623,0,0.137518151478868
"K2-266 d","K2-266","Transit",1,8.9,2.93,538.3,0.047,-0.12,4285,0.703,0.686,13.95,1.95098489661008,19.5199731438298,0,0.105367742592923
"K2-266 e","K2-266","Transit",1,14.3,2.73,490.1,0.043,-0.12,4285,0.703,0.686,9.581,3.87538503708049,25.6333116601556,0,0.0930884263623163
"K2-27 b","K2-27","Transit",1,30.9,4.48,902,0.251,0.13,5248,0.885,0.866,116,1.89492139454833,29.4142822451951,0,0.198023081038392
"K2-280 b","K2-280","Transit",1,37.1,7.5,787,0.35,0.33,5500,1.28,1.03,NA,0.484905244444444,24.9100354609677,0,0.168725957251675
"K2-285 b","K2-285","Transit",1,9.68,2.59,1088.9,0,0,4975,0.787,0.83,234.31,3.07215290176188,21.6523889200694,0,0.245637276131761
"K2-285 c","K2-285","Transit",1,15.68,3.53,741.4,0,0,4975,0.787,0.83,50.35,1.96557085521017,23.6049833889626,0,0.157109010776246
"K2-285 d","K2-285","Transit",1,6.5,2.48,619.9,0,0,4975,0.787,0.83,24.61,2.34976849132288,18.1321315224765,0,0.126155962601585
"K2-285 e","K2-285","Transit",1,10.7,1.95,500.9,0,0,4975,0.787,0.83,10.5,7.95695139837152,26.2356969579959,0,0.0958398084222862
"K2-287 b","K2-287","Transit",1,100.11645,9.494023,804,0.478,0.2,5695,1.07,1.056,NA,0.645091567567761,36.370192841149,0,0.173056836420146
"K2-29 b","K2-29","Transit",1,232.0159,13.33871,1171,0.066,0.16,5358,0.86,0.94,NA,0.539067337157522,46.7110878234615,0,0.266552874939495
"K2-290 b","K2-290","Transit",1,10.9,3.06,1230,0,-0.06,6302,1.511,1.194,NA,2.09763045719804,21.1383243936206,0,0.281583573230072
"K2-290 c","K2-290","Transit",1,246.00042,11.276254,676,0,-0.06,6302,1.511,1.194,NA,0.94603686598861,52.3122647154919,0,0.14044786385754
"K2-292 b","K2-292","Transit",1,24.5,2.63,795,0.04,0.07,5725,1.09,1,67,7.42618220529681,34.1840244634407,0,0.170764018036838
"K2-295 b","K2-295","Transit",1,106.47305,10.054473,852,0,0.14,4444,0.7,0.74,NA,0.577601776204514,36.4467001679535,0,0.185285201131124
"K2-3 b","K2-3","Transit",1,5.11,2.078,501.3,0.107,-0.157,3844,0.546,0.549,10.5,3.14015461384556,17.5632830762299,0,0.0959417114615443
"K2-3 c","K2-3","Transit",1,2.68,1.582,371.8,0.048,-0.157,3844,0.546,0.549,3.17,3.7323478987106,14.5774707980245,0,0.0629506025017196
"K2-3 d","K2-3","Transit",1,2.2,1.458,305.2,0.091,-0.157,3844,0.546,0.549,1.44,3.91396439541431,13.757850982215,1,0.0459837464652383
"K2-30 b","K2-30","Transit",1,184.02357,11.646151,1092,0,-0.15,5425,0.844,0.9,NA,0.642381408387094,44.5208595083584,0,0.246427024686011
"K2-32 b","K2-32","Transit",1,15,5.299,837,0.03,-0.06,5271,0.86,0.83,NA,0.555873873422184,18.8437221709936,0,0.181463837158943
"K2-32 c","K2-32","Transit",1,8.1,3.134,634,0.049,-0.06,5271,0.86,0.83,NA,1.45095787601591,18.0057425428164,0,0.129748044735434
"K2-32 d","K2-32","Transit",1,6.7,3.484,550,0.05,-0.06,5271,0.86,0.83,NA,0.873588936816471,15.5316054943064,0,0.108348406491224
"K2-32 e","K2-32","Transit",1,2.1,1.212,1066,0.043,-0.06,5271,0.86,0.83,NA,6.50396502251931,14.7426773231142,0,0.239803327134232
"K2-329 b","K2-329","Transit",1,82.6358,8.675766,650,0.0697,0.098,5282,0.822,0.901,45.7,0.697768738259089,34.5659283736659,0,0.13382416630576
"K2-36 b","K2-36","Transit",1,4.3,1.43,1328,0.093,NA,4916,0.718,0.79,519,8.10824951858743,19.421565405425,0,0.306549817848317
"K2-36 c","K2-36","Transit",1,7.9,3.2,854,0.089,NA,4916,0.718,0.79,89,1.32936401367187,17.5977271259671,0,0.185794716327414
"K2-38 b","K2-38","Transit",1,7.7,1.655,1310,0.11,0.235,5705,1.141,1.054,490,9.3662014106228,24.1581896442639,0,0.301964181081701
"K2-38 c","K2-38","Transit",1,7.4,2.49,949,0.086,0.235,5705,1.141,1.054,135.3,2.64301994351821,19.3078630173613,0,0.209996688151224
"K2-415 b","K2-415","Transit",1,7.5,1.015,412.4,NA,-0.13,3173,0.1965,0.1635,4.82,39.5484892761601,30.4449758042955,0,0.0732937609864214
"K2-416 b","K2-416","Transit",1,1652.7077164,2.66,447,NA,NA,3746,0.554,0.548,NA,484.192331213315,279.174168792096,0,0.082108373882251
"K2-417 b","K2-417","Transit",1,699.2224954,3.31,558,NA,NA,3861,0.5776,0.569,NA,106.315888356407,162.784002182211,0,0.110386467276386
"K2-419 A b","K2-419 A","Transit",1,196,10.55,377,0.042,-0.11,3711,0.541,0.562,3.3,0.920376357884681,48.274727229675,0,0.0642753420120755
"K2-60 b","K2-60","Transit",1,135.39558,7.655747,1400,0,0.01,5500,1.12,0.97,NA,1.66382838929347,47.1006043641683,0,0.324892364914784
"K2-66 b","K2-66","Transit",1,21.3,2.49,1372,0,-0.047,5887,1.67,1.11,840,7.60761145904565,32.7573039772113,0,0.317759152166713
"K2-79 b","K2-79","Transit",1,9.2,4.09,1022,0.23,0.035,5897,1.265,1.066,181,0.741454772768699,16.7977178564046,0,0.228593992815836
"K2-97 b","K2-97","Transit",1,174.48779544,13.45077684,1566,0.207,0.328,4673,4.14,1.17,NA,0.395357257146457,40.3391615130487,0,0.367182126206914
"K2-98 b","K2-98","Transit",1,34.00763955,5.06645928,1185,0.119,-0.044,6260,1.518,1.246,NA,1.44188153801962,29.017098826216,0,0.27011948131353
"K2-99 b","K2-99","Transit",1,276.51071409,11.88151954,1184,0.22,0.2,6069,2.55,1.44,NA,0.908997661236759,54.0303786681134,0,0.269864723715385
"KELT-10 b","KELT-10","Transit",1,215.80657,15.681391,1377,NA,0.09,5948,1.209,1.112,600,0.308587033117909,41.5487595119772,0,0.31903294015744
"KELT-11 b","KELT-11","Transit",1,65.15482343,15.13212395,1712,0,0.17,5375,2.69,1.44,NA,0.103684458502894,23.2402804067129,0,0.404376735536137
"KELT-12 b","KELT-12","Transit",1,301.9385,19.95202,1800,0,0.19,6279,2.37,1.591,1749,0.209616101956494,43.5696261547366,0,0.426795404172929
"KELT-14 b","KELT-14","Transit",1,408.09372,19.537287,1970,0,0.32,5720,1.52,1.239,NA,0.301740707686572,51.1877276238155,0,0.470104195857641
"KELT-16 b","KELT-16","Transit",1,874.0325,15.860735,2453,0,-0.002,6236,1.36,1.211,NA,1.2078817413874,83.1419409732558,0,0.593152115761853
"KELT-17 b","KELT-17","Transit",1,416.3573,17.093725,2087,NA,-0.018,7454,1.645,1.635,NA,0.459645282099588,55.2755099659149,0,0.499910834840649
"KELT-18 b","KELT-18","Transit",1,375.0394,17.59813,2085,0,0.09,6670,1.908,1.524,3152,0.379440856751768,51.7038888727044,0,0.499401319644358
"KELT-19 A b","KELT-19 A","Transit",1,1293.5681,21.40919,1935,NA,-0.12,7500,1.83,1.62,2340,0.726867665223676,87.0587752202926,0,0.461187679922554
"KELT-20 b","KELT-20","Transit",1,1074.90106,19.514869,2262,NA,-0.29,8720,1.565,1.76,4362.5,0.797514030195188,83.1226629710602,0,0.544493414516088
"KELT-21 b","KELT-21","Transit",1,1242.7153,17.777474,2051,0,-0.405,7598,1.638,1.458,2950,1.21963042739022,93.6415986236801,0,0.490739561307416
"KELT-23 A b","KELT-23 A","Transit",1,298.12454,14.829507,1561,0,-0.105,5899,0.996,0.944,991.183,0.504062452322424,50.2173197205447,0,0.365908338216187
"KELT-24 b","KELT-24","Transit",1,1458.83238813,12.71098411,1391,0.0319,0.138,6426,1.338,1.268,624,3.91682917499056,119.98615408354,0,0.322599546531475
"KELT-4 A b","KELT-4 A","Transit",1,286.68266,19.044091,1823,0,-0.116,6206,1.603,1.201,1840,0.228869248242956,43.4548856443065,0,0.432654828930273
"KELT-9 b","KELT-9","Transit",1,915.3504,21.196219,4050,0,-0.03,10170,2.362,2.52,44900,0.530003751183665,73.6007960326635,0,1
"KOI-1257 b","KOI-1257","Transit",1,460.83,10.54,511,0.772,0.27,5520,1.13,0.99,NA,2.17012961176172,74.0573366261533,0,0.0984128601635544
"KOI-13 b","KOI-13","Transit",1,2949.4624,16.948008,2550,0.00064,0.2,7650,1.74,1.72,NA,3.34082436917054,147.750896451605,0,0.617863602781953
"KOI-134 b","KOI-134","Transit",1,346.43296363,12.03844527,659,0.16,0.427,6160,1.667,1.407,45,1.09490077412521,60.0817295268817,0,0.136116984689068
"KOI-1831 d","Kepler-324","Transit",1,2.23,1.13,475,NA,NA,5233,0.835,0.901,NA,8.52189726640225,15.7337133097459,0,0.0892415866303212
"KOI-1833 d","Kepler-968","Transit",1,11.02,2.58,613,NA,NA,4413,0.667,0.681,NA,3.53825589081604,23.1472267999243,0,0.124398135174382
"KOI-3503 b","KOI-3503","Transit",1,9.2,1.19,785,NA,NA,6001,1.255,0.858,NA,30.1032721541409,31.1414231417596,0,0.168216442055384
"KOI-3503 c","KOI-3503","Transit",1,10.36,1.21,686,NA,NA,6001,1.255,0.858,NA,32.2455958332792,32.7721712221142,0,0.142995439838993
"KOI-3680 b","KOI-3680","Transit",1,613.4119,11.09691,347,0.496,0.16,5830,0.96,1.01,NA,2.47521408334826,83.2708675312959,0,0.0566326140677145
"KOI-4777.01","KOI-4777","Transit",1,99.2,0.51,1180,0,0.1,3515,0.4,0.41,320,4123.51810389669,156.202784238699,0,0.268845693322803
"KOI-94 b","KOI-94","Transit",1,10.5,1.71,1486,0.25,0.0228,6182,1.52,1.277,NA,11.5789113699402,27.7532991558677,0,0.346801518355285
"KOI-94 c","KOI-94","Transit",1,15.6,4.32,1012,0.43,0.0228,6182,1.52,1.277,NA,1.06694030064015,21.2832746018506,0,0.226046416834382
"KOI-94 d","KOI-94","Transit",1,106,11.27,806,0.022,0.0228,6182,1.52,1.277,NA,0.408320212663068,34.3485965791402,0,0.173566351616437
"KOI-94 e","KOI-94","Transit",1,35,6.56,584,0.019,0.0228,6182,1.52,1.277,NA,0.683633424047098,25.8702201900743,0,0.117010164828166
"KPS-1 b","KPS-1","Transit",1,346.4347,11.54527,1459,0,0.22,5165,0.907,0.892,729,1.24129745794653,61.351709538169,0,0.33992306320536
"Kepler-10 b","Kepler-10","Transit",1,3.24,1.47,2188,0,-0.15,5708,1.065,0.91,NA,5.62418720091119,16.6276877526612,0,0.525641352253331
"Kepler-10 c","Kepler-10","Transit",1,11.29,2.355,579,0.136,-0.15,5708,1.065,0.91,NA,4.76637238060874,24.5227707345859,0,0.115736376837439
"Kepler-101 b","Kepler-101","Transit",1,51.1,5.77,1513,0.086,0.33,5667,1.56,1.17,NA,1.46676393335133,33.3304031063308,0,0.35367997350521
"Kepler-101 c","Kepler-101","Transit",1,3.78,1.25,1413,0,0.33,5667,1.56,1.17,NA,10.67157504,19.4764103468786,0,0.328204213690673
"Kepler-102 b","Kepler-102","Transit",1,1.1,0.46,857,0.1,0.11,4909,0.724,0.803,90,62.3140461905153,17.3195039591584,0,0.186558989121851
"Kepler-102 c","Kepler-102","Transit",1,1.7,0.567,777,0.094,0.11,4909,0.724,0.803,61,51.4240771294668,19.3932659815746,0,0.166178381270221
"Kepler-102 d","Kepler-102","Transit",1,3,1.154,686,0.092,0.11,4909,0.724,0.803,36.9,10.7639231899559,18.058253512748,0,0.142995439838993
"Kepler-102 e","Kepler-102","Transit",1,4.7,2.17,590,0.089,0.11,4909,0.724,0.803,20.3,2.53621121216389,16.4830313528988,0,0.118538710417038
"Kepler-102 f","Kepler-102","Transit",1,4.3,0.861,495,0.1,0.11,4909,0.724,0.803,10,37.1471725393948,25.0294135911221,0,0.0943367385932285
"Kepler-103 b","Kepler-103","Transit",1,9.8,3.486,973,0.093,0.16,6009,1.492,1.212,149.9,1.27558877582925,18.7787797867999,0,0.216110870506713
"Kepler-103 c","Kepler-103","Transit",1,38,5.45,434,0.095,0.16,6009,1.492,1.212,5.95,1.29437719155324,29.5741022338089,0,0.0787965251063613
"Kepler-107 b","Kepler-107","Transit",1,3.8,1.536,1592,0.1,0.321,5854,1.447,1.238,1073,5.78198168012831,17.6162803489651,0,0.373805823758694
"Kepler-107 c","Kepler-107","Transit",1,10,1.597,1378,0.08,0.321,5854,1.447,1.238,602,13.5379221812357,28.0262869718355,0,0.319287697755586
"Kepler-107 d","Kepler-107","Transit",1,7.7,0.86,1173,0.11,0.321,5854,1.447,1.238,315,66.7516696643063,33.5130658310359,0,0.267062390135786
"Kepler-107 e","Kepler-107","Transit",1,14.1,2.903,955,0.1,0.321,5854,1.447,1.238,138.7,3.17793322057319,24.6833477095567,0,0.211525233740096
"Kepler-109 b","Kepler-109","Transit",1,4.9,2.49,1276,0.11,-0.02,5950,1.387,1.094,442,1.75010780043773,15.7114543947016,0,0.293302422744758
"Kepler-109 c","Kepler-109","Transit",1,8.2,2.65,859,0.098,-0.02,5950,1.387,1.094,91,2.42964594934073,19.7016233408354,0,0.187068504318141
"Kepler-111 c","Kepler-111","Transit",1,222.4798849,7.0840758,352.2,0.176,0.237,5914,1.145,1.118,2.48,3.45070564557836,62.7656164370697,0,0.0579573535780705
"Kepler-117 b","Kepler-117","Transit",1,29.875,8.059,984,0.0493,-0.04,6150,1.606,1.129,NA,0.314724975500539,21.5641032091366,0,0.218913204086312
"Kepler-117 c","Kepler-117","Transit",1,584.78,12.341,704,0.0323,-0.04,6150,1.606,1.129,NA,1.71556910172559,77.0972880982487,0,0.14758107660561
"Kepler-12 b","Kepler-12","Transit",1,137.30256,19.660586,1480,NA,0.07,5947,1.483,1.166,NA,0.099622175612396,29.5977781720524,0,0.345272972766413
"Kepler-138 b","Kepler-138","Transit",1,0.07,0.64,452,0.02,-0.18,3841,0.535,0.535,9.9,1.47239685058594,3.70405183549043,0,0.0833821618729778
"Kepler-138 c","Kepler-138","Transit",1,2.3,1.51,410,0.017,-0.18,3841,0.535,0.535,6.8,3.6835261378974,13.8227186062972,0,0.0726823427508725
"Kepler-138 d","Kepler-138","Transit",1,2.1,1.51,345,0.01,-0.18,3841,0.535,0.535,3.4,3.36321951721067,13.2080649654842,1,0.0561230988714238
"Kepler-1514 b","Kepler-1514","Transit",1,1678.1424,12.419572,387.9,0.401,0.119,6145,1.289,1.196,3.23,4.83031755977196,130.190445496491,0,0.0670521998318599
"Kepler-1654 b","Kepler-1654","Transit",1,158.915,9.180171,206,0.26,-0.088,5597,1.179,1.011,0.3,1.13260726027787,46.5988375893683,0,0.0207117927292181
"Kepler-1655 b","Kepler-1655","Transit",1,5.4,2.213,938,0.19,-0.24,6148,1.03,1.03,129.1,2.74736448474396,17.4954128646888,0,0.207194354571625
"Kepler-1661 b","Kepler-1661","Transit",1,17,3.87,243,0.057,-0.12,5100,0.762,0.841,0.88,1.61727095903402,23.4739946275151,0,0.0301378238605966
"Kepler-167 e","Kepler-167","Transit",1,321.00669107,10.16,134.4,0.29,0.02,4884,0.749,0.777,NA,1.68771738045935,62.9547076034126,0,0.00247114870201
"Kepler-17 b","Kepler-17","Transit",1,778.65,14.68,1570,0.011,0.26,5781,1.01034,1.04,NA,1.35715947468892,81.5691879637656,0,0.368201156599496
"Kepler-1704 b","Kepler-1704","Transit",1,1322.16617312,11.94877343,253.8,0.92,0.196,5746,1.697,1.132,0.342,4.27349130753818,117.81467253181,1,0.0328892059205665
"Kepler-1876 b","Kepler-1876","Transit",1,2.4,0.853,1299,0.098,0.01,6104,1.477,1.187,475,21.3221458621388,18.786640635144,0,0.299161847502102
"Kepler-19 b","Kepler-19","Transit",1,6.1,2.209,851,0.41,-0.13,5541,0.859,0.936,87.6,3.12039410786317,18.6116588021605,0,0.185030443532978
"Kepler-20 b","Kepler-20","Transit",1,9.7,1.773,1187,0.083,0.07,5495,0.9164,0.929,331,9.59648721911088,26.1968770607929,0,0.270628996509821
"Kepler-20 c","Kepler-20","Transit",1,11.1,2.894,828,0.076,0.07,5495,0.9164,0.929,78.7,2.52519057794256,21.9346267514549,0,0.179171018775635
"Kepler-20 d","Kepler-20","Transit",1,13.4,2.606,430,0.082,0.07,5495,0.9164,0.929,5.71,4.17492161572744,25.3970466191683,0,0.0777774947137798
"Kepler-20 e","Kepler-20","Transit",1,0.76,0.821,1004,0.092,0.07,5495,0.9164,0.929,169.8,7.57270227606322,10.7758922524673,0,0.224008356049219
"Kepler-20 f","Kepler-20","Transit",1,1.4,0.952,681,0.094,0.07,5495,0.9164,0.929,35.9,8.9471342170086,13.5819950020346,0,0.141721651848266
"Kepler-21 b","Kepler-21","Transit",1,7.5,1.639,2015,0,-0.03,6305,1.902,1.408,2749,9.39271542314732,23.9584753645506,0,0.481568287774183
"Kepler-22 b","Kepler-22","Transit",1,9.1,2.1,279,0.72,-0.255,5596,0.869,0.857,1.013,5.41814058956916,23.3146591940207,1,0.0393090973938298
"Kepler-323 b","Kepler-323","Transit",1,3.9,1.381,1838,0.095,-0.14,6004,1.12,1.015,1900,8.16488990415426,18.8214677066608,0,0.436476192902453
"Kepler-323 c","Kepler-323","Transit",1,6.8,1.57,1431,0.095,-0.14,6004,1.12,1.015,700,9.68895005624186,23.3089469167834,0,0.33278985045729
"Kepler-37 b","Kepler-37","Transit",1,0.79,0.3098,718,0.098,-0.36,5357,0.789,0.79,44.5,146.504043986367,17.8850789504523,0,0.151147682979645
"Kepler-37 c","Kepler-37","Transit",1,1.3,0.755,615,0.099,-0.36,5357,0.789,0.79,23.9,16.65594427571,14.6965779681363,0,0.124907650370672
"Kepler-37 d","Kepler-37","Transit",1,2,2.03,499,0.1,-0.36,5357,0.789,0.79,10.39,1.318282975872,11.1169333404744,0,0.09535576898581
"Kepler-38 b","Kepler-38","Transit",1,122,4.3,475,0.032,-0.11,5623,1.752,0.941,NA,8.46099085615103,59.6573159707777,0,0.0892415866303212
"Kepler-39 b","Kepler-39","Transit",1,6388.1,13.9,897,0.112,0.1,6350,1.4,1.29,NA,13.1157782991556,240.102385834571,0,0.196749293047665
"Kepler-4 b","Kepler-4","Transit",1,24.472,4.002,1650,0,0.17,5857,1.487,1.223,NA,2.10525628636508,27.6958190130676,0,0.388581764451125
"Kepler-40 b","Kepler-40","Transit",1,699.2,13.11,1620,0,0.1,6510,2.13,1.48,NA,1.71103977899845,81.7932352541048,0,0.380939036506764
"Kepler-409 b","Kepler-409","Transit",1,6,1.199,438,0.69,0.05,5421,0.897,0.913,6.15,19.1937778019085,25.05440285829,0,0.0798155554989427
"Kepler-41 b","Kepler-41","Transit",1,177.98,14.46,1790,0,0.38,5750,1.29,1.15,NA,0.324588467407114,39.2933880669696,0,0.424247828191476
"Kepler-411 b","Kepler-411","Transit",1,25.6,2.401,1138,0.146,NA,NA,0.82,0.87,NA,10.1983578514144,36.5714285714286,0,0.258145874200698
"Kepler-411 c","Kepler-411","Transit",1,26.4,4.421,838,0.108,NA,NA,0.82,0.87,NA,1.68464789608664,27.3690503569176,0,0.181718594757089
"Kepler-411 d","Kepler-411","Transit",1,15.2,3.319,410,0.128,NA,NA,0.82,0.87,NA,2.29239046030013,23.9682425219967,0,0.0726823427508725
"Kepler-412 b","Kepler-412","Transit",1,299.07803,15.031269,1850,NA,0.27,5750,1.287,1.167,NA,0.485583959472468,49.9588525317096,0,0.439533284080198
"Kepler-423 b","Kepler-423","Transit",1,189.101,13.361,1605,0.019,-0.1,5560,0.95,0.85,NA,0.437163299614263,42.1352381983487,0,0.377117672534583
"Kepler-425 b","Kepler-425","Transit",1,79.45,10.962,1070,0.33,0.24,5170,0.86,0.93,NA,0.33257627912739,30.152274249234,0,0.240822357526813
"Kepler-426 b","Kepler-426","Transit",1,108.06,12.22,1300,0.18,-0.21,5725,0.92,0.91,NA,0.326526254937815,33.3054189719464,0,0.299416605100247
"Kepler-427 b","Kepler-427","Transit",1,92.17,13.79,1100,0.57,-0.19,5800,1.35,0.96,NA,0.193804363401278,28.955474307733,0,0.248465085471174
"Kepler-428 b","Kepler-428","Transit",1,403.63,12.11,1070,0.22,0.09,5150,0.8,0.87,NA,1.25319245143338,64.6602932719266,0,0.240822357526813
"Kepler-43 b","Kepler-43","Transit",1,1026.5909,13.663771,1620,NA,0.33,6041,1.42,1.32,NA,2.21897519596097,97.0803739151236,0,0.380939036506764
"Kepler-433 b","Kepler-433","Transit",1,896.24,16.25,1776,0.119,-0.01,6360,2.26,1.46,NA,1.15167778257624,83.177047721666,0,0.420681221817441
"Kepler-434 b","Kepler-434","Transit",1,908.96,12.67,1000,0.131,0.25,5977,1.38,1.198,NA,2.46423254540417,94.8641459553888,0,0.222989325656638
"Kepler-435 b","Kepler-435","Transit",1,266.97,22.31,1729,0.114,-0.18,6161,3.21,1.538,NA,0.132565499454355,38.7435550372594,0,0.408707614704609
"Kepler-44 b","Kepler-44","Transit",1,317.82,12.22,1544,0.066,0.15,5800,1.35,1.12,NA,0.960360673184678,57.1180051639728,0,0.361577459047716
"Kepler-45 b","Kepler-45","Transit",1,160.497,10.76,1000,0.11,0.28,3820,0.55,0.59,NA,0.710390044887496,43.2558993978134,0,0.222989325656638
"Kepler-454 b","Kepler-454","Transit",1,5.4,2.37,916,0.32,0.32,5687,1.066,1.03,117.7,2.23673989278739,16.9059947423347,0,0.201589687412427
"Kepler-46 b","Kepler-46","Transit",1,1907,9.057,543,0.01,0.41,5155,0.938,0.902,NA,14.1535163713197,162.517893800819,0,0.106565103304206
"Kepler-5 b","Kepler-5","Transit",1,670.93913,15.984034,1750,NA,0.04,6297,1.793,1.374,NA,0.905921775671609,72.5631931987289,0,0.414057524265661
"Kepler-51 b","Kepler-51","Transit",1,2.1,7.1,543,0.04,NA,6018,0.94,1.04,NA,0.0323527357359791,6.09113879590557,0,0.106565103304206
"Kepler-51 c","Kepler-51","Transit",1,4,9,439,0.014,NA,6018,0.94,1.04,NA,0.0302551440329218,7.46666666666667,0,0.0800703130970881
"Kepler-51 d","Kepler-51","Transit",1,7.6,9.7,381,0.008,NA,6018,0.94,1.04,NA,0.0459161167252674,9.91377257142497,0,0.065294372404657
"Kepler-538 b","Kepler-538","Transit",1,12.9,2.215,417,0.21,-0.09,5534,0.8717,0.892,5.07,6.54538625878694,27.02875318751,0,0.0744656459378901
"Kepler-539 b","Kepler-539","Transit",1,308.2951,8.373123,387.6,0.39,-0.01,5820,0.952,1.048,NA,2.89581605095186,67.9606616264644,0,0.0669757725524164
"Kepler-553 b","Kepler-553","Transit",1,116.00736855,4.74139884,1089,NA,0.152,5191,0.902,0.889,235,6.0011277229553,55.3997195125549,0,0.245662751891575
"Kepler-553 c","Kepler-553","Transit",1,2129.4503269,11.57887706,251,0.346,0.152,5191,0.902,0.889,0.589,7.56371135938717,151.886284446727,1,0.0321758846457595
"Kepler-6 b","Kepler-6","Transit",1,212.31044,14.616536,1460,NA,0.34,5647,1.391,1.209,NA,0.374890754857498,42.6856075896367,0,0.340177820803505
"Kepler-62 b","Kepler-62","Transit",1,9,1.31,750,NA,-0.37,4925,0.64,0.69,NA,22.0747291813365,29.3564563038109,0,0.159299926120297
"Kepler-62 c","Kepler-62","Transit",1,4,0.54,578,NA,-0.37,4925,0.64,0.69,NA,140.070111263527,30.4825390213018,0,0.115481619239294
"Kepler-62 d","Kepler-62","Transit",1,14,1.95,510,NA,-0.37,4925,0.64,0.69,NA,10.4109644464674,30.0099128921573,0,0.098158102565409
"Kepler-62 e","Kepler-62","Transit",1,36,1.61,270,NA,-0.37,4925,0.64,0.69,NA,47.5654526977694,52.9610192992676,1,0.0370162790105215
"Kepler-62 f","Kepler-62","Transit",1,35,1.41,208,NA,-0.37,4925,0.64,0.69,NA,68.8458027390634,55.8010650906255,1,0.0212213079255089
"Kepler-68 b","Kepler-68","Transit",1,8.03,2.357,1275,0.09,0.11,5847,1.2564,1.057,441,3.38145458901009,20.6726429650794,0,0.293047665146613
"Kepler-68 c","Kepler-68","Transit",1,1.3,0.979,1052,0.099,0.11,5847,1.2564,1.057,204,7.63944904786266,12.9061988732735,0,0.236236720760197
"Kepler-7 b","Kepler-7","Transit",1,140.16303,18.180998,1630,NA,0.11,5933,1.966,1.359,NA,0.128601810274919,31.0975304564563,0,0.383486612488217
"Kepler-74 b","Kepler-74","Transit",1,200.22,10.76,1078,0,0.42,6000,1.12,1.18,NA,0.886211547800734,48.3131790650901,0,0.242860418311976
"Kepler-75 b","Kepler-75","Transit",1,3209.9,11.77,767,0.57,0.3,5200,0.89,0.91,NA,10.8549762107033,184.959031492115,0,0.163630805288768
"Kepler-76 b","Kepler-76","Orbital Brightness Modulation",1,638.8383,15.24424,2140,NA,-0.1,6409,1.32,1.2,NA,0.994352510318146,72.5037728823584,0,0.513412987542353
"Kepler-77 b","Kepler-77","Transit",1,136.661,10.761,1440,0,0.2,5520,0.99,0.95,NA,0.604718787961544,39.9129661818804,0,0.335082668840598
"Kepler-78 b","Kepler-78","Transit",1,1.68,1.201,2223,0,-0.18,5058,0.7475,0.779,4070,5.34745355582095,13.2465004883306,0,0.534557868188419
"Kepler-8 b","Kepler-8","Transit",1,187.5197,15.871944,1680,NA,-0.055,6213,1.486,1.213,NA,0.258596887734768,38.496957816746,0,0.396224492395486
"Kepler-849 b","Kepler-849","Transit",1,298.75870258,8.08167508,362.7,0.078,0.145,5950,1.822,1.259,2.86,3.12092382769735,68.0969423840734,0,0.0606323083585968
"Kepler-87 b","Kepler-87","Transit",1,324.2,13.49,478,0.036,-0.17,5600,1.82,1.1,NA,0.72818867984396,54.9058416337934,0,0.0900058594247573
"Kepler-87 c","Kepler-87","Transit",1,6.4,6.14,403,0.039,-0.17,5600,1.82,1.1,NA,0.152454982458104,11.4346749639395,0,0.070899039563855
"Kepler-91 b","Kepler-91","Transit",1,257.4423,15.322703,2040,NA,0.11,4550,6.3,1.31,NA,0.394584950628767,45.9082020302871,0,0.487937227727817
"Kepler-93 b","Kepler-93","Transit",1,4.66,1.478,1133,0,-0.18,5669,0.919,0.911,275,7.95846620249778,19.8872056163248,0,0.256872086209971
"L 168-9 b","L 168-9","Transit",1,4.07,1.63,998,0,-0.03,3842,0.604,0.614,NA,5.18201132506702,17.6978872954917,0,0.222479810460347
"L 98-59 b","L 98-59","Transit",1,0.46,0.837,620,0.031,-0.46,3415,0.3155,0.2923,24.5,4.32561855467909,8.30298416219196,0,0.126181438361399
"L 98-59 c","L 98-59","Transit",1,2,1.329,526,0.002,-0.46,3415,0.3155,0.2923,12.7,4.69809521876754,13.7394873965604,0,0.102234224135735
"L 98-59 d","L 98-59","Transit",1,1.64,1.627,416,0.006,-0.46,3415,0.3155,0.2923,4.97,2.09965505082907,11.2446559047717,0,0.0742108883397447
"LHS 1140 b","LHS 1140","Transit",1,5.6,1.73,226,0.043,-0.15,3096,0.2159,0.1844,0.43,5.9637094881779,20.1506465135314,1,0.0258069446921254
"LHS 1140 c","LHS 1140","Transit",1,1.91,1.272,422,0.05,-0.15,3096,0.2159,0.1844,5.3,5.11727545595059,13.7243299546609,0,0.0757394339286169
"LHS 1478 b","LHS 1478","Transit",1,2.33,1.242,595,NA,-0.13,3381,0.246,0.236,NA,6.70591269918669,15.3403470621469,0,0.119812498407765
"LP 714-47 b","LP 714-47","Transit",1,30.8,4.7,700,0.04,0.41,3950,0.584,0.59,NA,1.63577627308015,28.6711063690527,0,0.146562046213028
"LP 791-18 c","LP 791-18","Transit",1,7.1,2.438,324.4,8e-05,-0.09,2960,0.182,0.139,2.637,2.70161840709664,19.1130654237711,0,0.0508750923496293
"LP 791-18 d","LP 791-18","Transit",1,0.9,1.032,395.5,0.0015,-0.09,2960,0.182,0.139,5.83,4.51512917101639,10.4592231469268,0,0.0689883575777647
"LP 890-9 b","LP 890-9","Transit",1,13.2,1.32,396,NA,-0.028,2850,0.1556,0.118,4.09,31.6460055096419,35.4175097938858,0,0.0691157363768374
"LP 890-9 c","LP 890-9","Transit",1,25.3,1.367,272,NA,-0.028,2850,0.1556,0.118,0.906,54.6112024678566,48.1830209860143,1,0.0375257942068122
"LTT 1445 A c","LTT 1445 A","Transit",1,1.54,1.147,508,0.223,-0.34,3340,0.265,0.257,10.9,5.62726320420923,12.9776684324442,0,0.0976485873691183
"LTT 3780 b","LTT 3780","Transit",1,2.46,1.325,903,0,0.06,3358,0.38,0.381,111,5.83115027841775,15.2608118184614,0,0.198277838636537
"LTT 3780 c","LTT 3780","Transit",1,8.04,2.39,359,0.024,0.06,3358,0.38,0.381,2.76,3.2473500611892,20.5422067805342,0,0.0596897052454589
"LTT 9779 b","LTT 9779","Transit",1,29.32,4.72,1978,0,0.27,5443,0.949,1.02,NA,1.53746320826375,27.914445564733,0,0.472142256642804
"MASCARA-4 b","MASCARA-4","Transit",1,532.36258173,16.98160576,2250,NA,NA,7800,1.79,1.75,NA,0.599429374967692,62.7093655396258,0,0.541436323338344
"NGTS-1 b","NGTS-1","Transit",1,258.07796,14.90797,790,0.016,0,3916,0.573,0.617,65.3,0.429498991604548,46.5998186072016,0,0.169490230046111
"NGTS-10 b","NGTS-10","Transit",1,687.14846,13.506845,1332,0,-0.02,4600,0.697,0.696,NA,1.53764326756628,79.8852048860696,0,0.307568848240899
"NGTS-11 b","NGTS-11","Transit",1,109.33352,9.157753,435,0.13,0.22,5050,0.832,0.862,NA,0.784970462640489,38.699042973323,0,0.0790512827045066
"NGTS-12 b","NGTS-12","Transit",1,66.10864,11.747032,1257,0,-0.03,5690,1.589,1.021,416,0.224874664904835,26.5694802092717,0,0.288462028379996
"NGTS-13 b","NGTS-13","Transit",1,1538.2972,12.800678,1605,0.086,0.25,5819,1.788,1.3,1096,4.04397155457969,122.778312750389,0,0.377117672534583
"NGTS-14 A b","NGTS-14 A","Transit",1,29.24036,4.976796,1143,0,0.1,5187,0.842,0.898,NA,1.30797655405737,27.1477887233761,0,0.259419662191425
"NGTS-15 b","NGTS-15","Transit",1,238.68913366,12.32987877,1146,0,0.15,5600,0.954,0.995,425,0.702138828492796,49.2782122143837,0,0.260183934985861
"NGTS-16 b","NGTS-16","Transit",1,211.99154747,14.57167491,1177,0,0.35,5550,1.213,1.002,480,0.377795591457153,42.7191456315388,0,0.268081420528367
"NGTS-17 b","NGTS-17","Transit",1,242.82090295,13.89913607,1457,0,0.15,5650,1.337,1.025,1160,0.498642638255008,46.813073358017,0,0.339413548009069
"NGTS-18 b","NGTS-18","Transit",1,129.99181846,13.56286665,1381,0,0.15,5610,1.392,1.003,845,0.287295157323673,34.6737079072823,0,0.320051970550022
"NGTS-2 b","NGTS-2","Transit",1,235.1942,17.878355,1468,0,-0.06,6478,1.702,1.64,NA,0.226939816689304,40.6225842632012,0,0.342215881588668
"NGTS-20 b","NGTS-20","Transit",1,947.12865286,11.99360935,688,0.432,0.15,5980,1.78,1.47,NA,3.02709492306779,99.528523351721,0,0.143504955035284
"NGTS-21 b","NGTS-21","Transit",1,750.07504052,14.90794433,1357,0,-0.26,4660,0.86,0.72,NA,1.24829775350957,79.4440724095676,0,0.313937788194533
"NGTS-23 b","NGTS-23","Transit",1,194.82881349,14.20177855,1327,0,-0.26,6057,1.24,1.01,NA,0.375052218179479,41.4832952311249,0,0.306295060250172
"NGTS-24 b","NGTS-24","Transit",1,165.27077164,13.60770257,1499,0,0.27,5820,1.64,1.26,NA,0.361666590647465,39.032255325228,0,0.350113367131175
"NGTS-25 b","NGTS-25","Transit",1,203.09235207,11.46678726,1101,0,0.12,5321,0.86,0.91,NA,0.742737010594727,47.1350453977324,0,0.24871984306932
"NGTS-26 b","NGTS-26","Transit",1,92.80589484,14.88552637,1331,0,0.2,5550,1.16,0.96,523,0.155149269490834,27.9655719393807,0,0.307314090642753
"NGTS-27 b","NGTS-27","Transit",1,188.47224535,15.64773706,1783,0,0,5700,1.77,1.07,1680,0.271243629517928,38.8701265934336,0,0.422464525004458
"NGTS-30 b","NGTS-30","Transit",1,305.11527072,10.40193409,500,0.294,-0.03,5455,0.913,0.94,NA,1.4948183245944,60.6586786887319,0,0.0956105265839554
"NGTS-33 b","NGTS-33","Transit",1,1153.71711741,18.38272835,1991,0,-0.11,7437,1.47,1.6,2620,1.02408543518789,88.7284114165724,0,0.475454105418694
"NGTS-4 b","NGTS-4","Transit",1,20.6,3.18,1650,0,-0.28,5143,0.84,0.75,NA,3.5322596655106,28.506117626544,0,0.388581764451125
"NGTS-5 b","NGTS-5","Transit",1,72.78307,12.733424,952,0,0.12,4987,0.739,0.661,NA,0.194384454600579,26.7769191643457,0,0.21076096094566
"NGTS-6 b","NGTS-6","Transit",1,425.57437,14.863134,1283.9,0,0.11,4730,0.754,0.767,NA,0.714679042658417,59.9308667201811,0,0.295315007770107
"NGTS-8 b","NGTS-8","Transit",1,295.5819,12.21781,1345,0.01,0.24,5241,0.98,0.89,503,0.893643903462637,55.0884124987064,0,0.310880697016789
"NGTS-9 b","NGTS-9","Transit",1,921.707,11.99363,1448,0.06,0.31,6330,1.38,1.34,729,2.94583017876442,98.1836430100917,0,0.337120729625761
"OGLE-TR-132 b","OGLE-TR-132","Transit",1,375.02,13.45,2013,NA,0.37,6210,1.32,1.305,NA,0.849873598961095,59.1403778935996,0,0.481058772577892
"OGLE-TR-56 b","OGLE-TR-56","Transit",1,441.77,15.278,2212,NA,NA,6050,1.363,1.228,NA,0.683067252383444,60.2258419252629,0,0.53175553460882
"PDS 70 b","PDS 70","Imaging",1,953.49,30.48848,1204,0.19,NA,3972,NA,NA,NA,0.18551352804443,62.6337201285915,0,0.274959875678292
"PDS 70 c","PDS 70","Imaging",1,635.66,22.86636,995,0.11,NA,3972,NA,NA,NA,0.293157180119593,59.0516376451565,0,0.221715537665911
"PH1 b","PH1","Transit",1,169,6.18,481,0.0702,0.21,6407,1.734,1.528,NA,3.94809906266107,58.5689094324246,0,0.0907701322191934
"PH2 b","PH2","Transit",1,87.08498352,9.33708092,295.1,0.215,0.017,5734,0.949,0.966,1.2,0.589897652402969,34.2045671052856,0,0.0434106947239701
"Qatar-1 b","Qatar-1","Transit",1,411.27202,12.811887,1418,0,0.171,5013,0.803,0.838,NA,1.07834226464572,63.4564913034711,0,0.3294780016814
"Qatar-10 b","Qatar-10","Transit",1,233.92288,17.295487,1955,0,0.016,6124,1.254,1.156,NA,0.249310791977207,41.1896380995207,0,0.466282831885461
"Qatar-2 b","Qatar-2","Transit",1,792.635,14.056,1344,0,0.02,4645,0.776,0.743,NA,1.57381891888258,84.1053787877794,0,0.310625939418643
"Qatar-3 b","Qatar-3","Transit",1,1369.8473,12.285064,1681,0,-0.041,6007,1.272,1.145,1330,4.07386515632992,118.267492777518,0,0.396479249993631
"Qatar-4 b","Qatar-4","Transit",1,1938.763,12.722215,1385,0,0.103,5215,0.849,0.896,614,5.19162473114271,138.260785140341,0,0.321071000942603
"Qatar-5 b","Qatar-5","Transit",1,1373.0256,12.408363,1415,0,0.377,5747,1.076,1.128,669,3.96279791986699,117.814866373147,0,0.328713728886964
"Qatar-6 b","Qatar-6","Transit",1,212.31044,11.903958,1006,0,-0.025,5052,0.722,0.822,NA,0.694007165375819,47.2996584702235,0,0.22451787124551
"Qatar-7 b","Qatar-7","Transit",1,597.5204,19.0553,2053,0,0.276,6387,1.564,1.409,NA,0.476181070811858,62.7171761551208,0,0.491249076503707
"Qatar-8 b","Qatar-8","Transit",1,117.91493,14.403565,1457,0,0.025,5738,1.315,1.029,NA,0.217583304782023,32.0455273620028,0,0.339413548009069
"Qatar-9 b","Qatar-9","Transit",1,378.2177,11.309881,1134,0,0.252,4309,0.696,0.719,NA,1.44156591414897,64.7679169514667,0,0.257126843808117
"Ross 176 b","Ross 176","Transit",1,4.57,1.84,682,0.25,-0.19,4041,0.569,0.577,36.2,4.04510214617408,17.6509144978014,0,0.141976409446412
"TIC 139270665 b","TIC 139270665","Transit",1,147.15455244,7.22979255,703,0.105,0.156,5844,1.016,1.035,40.3,2.14715282219528,50.5291457165526,0,0.147326319007464
"TIC 237913194 b","TIC 237913194","Transit",1,617.22586,12.520453,974,0.575,0.14,5788,1.088,1.026,NA,1.73400660893634,78.6375651981149,0,0.216365628104858
"TIC 257060897 b","TIC 257060897","Transit",1,212.94503269,16.70138124,1762,0.03,NA,NA,1.82,1.32,NA,0.25204443127355,39.9922266215553,0,0.417114615443406
"TIC 393818343 b","TIC 393818343","Transit",1,1379.37528638,12.18416202,805.5,0.6058,0.318,5756,1.086,1.082,2.28,4.20496326522752,119.168482841575,0,0.173438972817364
"TIC 46432937 b","TIC 46432937","Transit",1,1017.0509024,13.31626907,872,0.009,0.323,3572,0.5299,0.563,NA,2.3749898904868,97.8809298519941,0,0.190380353094031
"TIC 4672985 b","TIC 4672985","Transit",1,4049.13390518,11.5004142,517.2,0.018,0.14,5757,1.15,1.01,NA,14.6787290567738,210.156269734516,0,0.0999923572720556
"TOI-1052 b","TOI-1052","Transit",1,16.9,2.87,1135,0.18,0.14,6146,1.264,1.204,246,3.94191972784321,27.1781835032547,0,0.257381601406262
"TOI-1062 b","TOI-1062","Transit",1,10.15,2.265,1077,0.177,0.14,5328,0.84,0.94,232,4.81646251847454,23.7092022074905,0,0.242605660713831
"TOI-1064 b","TOI-1064","Transit",1,13.5,2.587,784,0.047,0.05,4734,0.726,0.748,62.9,4.2994335799689,25.5850748916067,0,0.167961684457239
"TOI-1064 c","TOI-1064","Transit",1,2.5,2.651,634,0.088,0.05,4734,0.726,0.748,26.8,0.739907768699061,10.8763497105083,0,0.129748044735434
"TOI-1075 b","TOI-1075","Transit",1,9.95,1.791,1323,0,-0.08,3875,0.581,0.604,509.2,9.54999369741983,26.3986531642978,0,0.305276029857591
"TOI-1107 b","TOI-1107","Transit",1,1064.72516345,14.57167491,1728,0.025,-0.1,6311,1.81,1.35,532,1.89747411000823,95.7374917095056,0,0.408452857106463
"TOI-1117 b","TOI-1117","Transit",1,8.9,2.46,1538,0,0.136,5635,1.05,0.97,928,3.29648760497123,21.3032307943284,0,0.360048913458844
"TOI-1130 b","TOI-1130","Transit",1,19.8,3.66,825,0.052162,0.11,4360,0.697,0.745,NA,2.22683836973139,26.0501408070201,0,0.178406745981199
"TOI-1130 c","TOI-1130","Transit",1,336,13,650,0.0398,0.11,4360,0.697,0.745,NA,0.84328812016386,56.9398062734809,0,0.13382416630576
"TOI-1173 b","TOI-1173","Transit",1,27.4,9.19,868,0.023,0.139,5350,0.934,0.911,132,0.194657342690463,19.3390683525419,0,0.18936132270145
"TOI-1194 b","TOI-1194","Transit",1,120,8.71664516,1264.29,0,0.348,5394,0.9608,0.9835,NA,0.999079175995226,41.5560214934297,0,0.290319211270476
"TOI-1199 b","TOI-1199","Transit",1,75.96098927,10.5140239,1486,0.03,0.44,5710,1.45,1.23,NA,0.360371547042643,30.104321872031,0,0.346801518355285
"TOI-1201 b","TOI-1201","Transit",1,6.28,2.415,703,0,0.05,3476,0.508,0.512,40.6,2.45852710240323,18.0608953828149,0,0.147326319007464
"TOI-1221 b","TOI-1221","Transit",1,1112.3994245,2.91,440,0.21,0.06,5592,1.031,0.93,6.06,248.913556629933,218.978716511391,0,0.0803250706952335
"TOI-1231 b","TOI-1231","Transit",1,15.4,3.65,329.6,0.087,0.041,3553,0.476,0.485,1.93,1.74625993208523,23.0055145265247,0,0.0521998318599852
"TOI-1238 b","TOI-1238","Transit",1,3.76,1.21,1133,0.25,0.31,4089,0.58,0.59,442,11.7030347811901,19.7432779647501,0,0.256872086209971
"TOI-1238 c","TOI-1238","Transit",1,8.32,2.11,695,0.15,0.31,4089,0.58,0.59,63,4.88362965408198,22.2401882088255,0,0.145288258222301
"TOI-1246 b","TOI-1246","Transit",1,8.1,3.01,955,NA,0.17,5151,0.86,0.87,196,1.63776767038243,18.3728819377275,0,0.211525233740096
"TOI-1246 c","TOI-1246","Transit",1,9.1,2.45109846,862.49,0,0.168,5213,0.8649,0.8889,NA,3.40742168374662,21.5803428589353,0,0.187957608335669
"TOI-1246 d","TOI-1246","Transit",1,5.4,3.43139739,587.77,0,0.168,5213,0.8649,0.8889,NA,0.736966033433982,14.0500993202816,0,0.117970600973174
"TOI-1246 e","TOI-1246","Transit",1,14.5,3.5141875,463.98,0,0.168,5213,0.8649,0.8889,NA,1.84229840087103,22.7504273502138,0,0.0864341578987593
"TOI-1248 b","TOI-1248","Transit",1,27.4,6.8084859,952.09,0,0.223,5205,0.8686,0.9042,NA,0.478702502008903,22.4681871594008,0,0.210783889129493
"TOI-1249 b","TOI-1249","Transit",1,11.9,3.2710301,726.89,0,0.297,5497,0.9785,1.0062,NA,1.87482226127175,21.3623601748135,0,0.153412478027157
"TOI-125 b","TOI-125","Transit",1,9.5,2.726,1037,0.194,-0.02,5320,0.848,0.859,185,2.58590646874905,20.9082122197118,0,0.232415356788016
"TOI-125 c","TOI-125","Transit",1,6.63,2.759,827.8,0.066,-0.02,5320,0.848,0.859,77.59,1.74070504789354,17.3619674083054,0,0.179120067256006
"TOI-125 d","TOI-125","Transit",1,13.6,2.93,638.1,0.168,-0.02,5320,0.848,0.859,26.7,2.98128029144911,24.1297969112073,0,0.13079255088783
"TOI-1259 A b","TOI-1259 A","Transit",1,140.16232749,11.45557828,963,0,-0.5,4775,0.711,0.744,NA,0.514099297407374,39.1764576452019,0,0.213563294525259
"TOI-1260 b","TOI-1260","Transit",1,8.56,2.41,871,0,-0.1,4227,0.672,0.679,95.58,3.37201423023405,21.1079658912551,0,0.190125595495886
"TOI-1260 c","TOI-1260","Transit",1,13.2,2.76,651,0,-0.1,4227,0.672,0.679,29.81,3.46189145502863,24.4934773926164,0,0.134078923903905
"TOI-1260 d","TOI-1260","Transit",1,11.84,3.12,499,0,-0.1,4227,0.672,0.679,10.32,2.14958529307642,21.8180823618557,0,0.09535576898581
"TOI-1266 b","TOI-1266","Transit",1,4.46,2.52,415,0.039,-0.109,3563,0.4232,0.437,NA,1.53673859314449,14.8999627143456,0,0.0739561307415993
"TOI-1266 c","TOI-1266","Transit",1,3.17,1.98,346,0.071,-0.109,3563,0.4232,0.437,NA,2.25180331011369,14.1714751197858,0,0.0563778564695692
"TOI-1268 b","TOI-1268","Transit",1,96.4,9.1,918.9,0.105,0.36,5300,0.92,0.96,NA,0.705374277937978,36.4532155382337,0,0.202328484447049
"TOI-1269 b","TOI-1269","Transit",1,6.4,2.40144286,1004.9,0,-0.049,5499,0.8521,0.9027,NA,2.54817918197989,18.2840281359114,0,0.22423763788755
"TOI-1272 b","TOI-1272","Transit",1,27,4.13204907,975,0.35,0.182,5065,0.7934,0.8772,NA,2.11025100099417,28.6297245462899,0,0.216620385703004
"TOI-1273 b","TOI-1273","Transit",1,70.55790635,11.09689089,1211,0.055,0.07,5690,1.06,1.06,NA,0.284713788183703,28.2416591715696,0,0.27674317886531
"TOI-1279 b","TOI-1279","Transit",1,10.6,2.66146528,759,0,-0.079,5457,0.8426,0.8784,NA,3.10034634333998,22.3516996405421,0,0.161592744503605
"TOI-1288 b","TOI-1288","Transit",1,44.1,4.96846551,1203.44,0,0.257,5388,0.9583,0.9552,NA,1.98261557267228,33.3676927377481,0,0.274817211423331
"TOI-1294 b","TOI-1294","Transit",1,63.9,10.12369881,1392.74,0,0.283,5718,1.5566,1.1578,NA,0.339586152109326,28.1383640227319,0,0.323042824752248
"TOI-1295 b","TOI-1295","Transit",1,451.31633794,15.69257298,2360,0.024,0.26,6280,1.7,1.38,1800,0.643969570510105,60.0636156545013,0,0.569459659134334
"TOI-1296 b","TOI-1296","Transit",1,95.3,14.11645916,1414.84,0,0.405,5567,1.7031,1.1576,NA,0.186802349531462,29.1005759819293,0,0.328672967671261
"TOI-1298 b","TOI-1298","Transit",1,99,9.65807033,1278,0,0.397,5752,1.4536,1.2187,NA,0.605941734226627,35.8583612517958,0,0.293811937941049
"TOI-132 b","TOI-132","Transit",1,22.4,3.42,1395,0.059,0.16,5397,0.9,0.97,860,3.08770969865072,28.6634841154635,0,0.323618576924057
"TOI-1333 b","TOI-1333","Transit",1,753.2571,15.647764,1679,0.073,0.119,6274,1.925,1.464,NA,1.0840595340846,77.707599985785,0,0.39596973479734
"TOI-1347 b","TOI-1347","Transit",1,11.1,1.8,1400,0,0.04,5464,0.83,0.913,NA,10.4947530864198,27.8127069280692,0,0.324892364914784
"TOI-1347 c","TOI-1347","Transit",1,6.4,1.6,1000,0,0.04,5464,0.83,0.913,NA,8.615625,22.4,0,0.222989325656638
"TOI-1386 b","TOI-1386","Transit",1,45.8,6.2163865,615.03,0,0.149,5735,1.0235,1.0363,NA,1.05127954397837,30.4005721564251,0,0.124915293098617
"TOI-1410.01","TOI-1410","Transit",1,12.5,3.10083009,1236.7,0,0.328,4635,0.7558,0.7941,NA,2.31176064237475,22.4871307104115,0,0.283290449137646
"TOI-1411 b","TOI-1411","Transit",1,2,1.19880592,976.4,0,0.012,4115,0.614,0.6045,NA,6.40103380276104,14.4663371021463,0,0.216977046340407
"TOI-1416 b","TOI-1416","Transit",1,3.48,1.62,1517,0,0.08,4884,0.793,0.798,883,4.51337025182475,16.4153496369619,0,0.354699003897791
"TOI-1420 b","TOI-1420","Transit",1,25.1,11.89,957,0.17,0.28,5510,0.923,0.987,139,0.0823369772941109,16.2728625480839,0,0.212034748936387
"TOI-1422 b","TOI-1422","Transit",1,9,3.96,867,0.04,-0.09,5840,1.019,0.981,NA,0.799141553273785,16.8846352963548,0,0.189106565103304
"TOI-1431 b","TOI-1431","Transit",1,991.62462984,16.70138124,2370,0.0022,0.09,7690,1.92,1.9,5300,1.17369944115444,86.3009309133953,0,0.572007235115787
"TOI-1439 b","TOI-1439","Transit",1,38.5,4.2427861,748.4,0.157,0.226,5841,1.6184,1.2313,NA,2.77954736577335,33.7382707200981,0,0.158892313963264
"TOI-1443 b","TOI-1443","Transit",1,30,2.30381001,520.66,0,-0.294,5224,0.7511,0.7663,NA,13.5284497753186,40.4161852558912,0,0.100873818561639
"TOI-1444 b","TOI-1444","Transit",1,3.58,1.41792246,2130.02,0,0.146,5460,0.9105,0.9513,NA,6.92456255499746,17.7964465709879,0,0.510870506712863
"TOI-1448 b","TOI-1448","Transit",1,19.5,2.749,426,0.36,0.37,3412,0.38,0.372,5.45,5.17579603557821,29.8296363138932,0,0.0767584643211983
"TOI-1450 A b","TOI-1450 A","Transit",1,1.258,1.13,722,NA,-0.12,3437,0.483,0.48,NA,4.80742007225741,11.8173234170587,0,0.152166713372226
"TOI-1451 b","TOI-1451","Transit",1,15.2,2.61143902,723.33,0,0.019,5801,1.0162,1.0022,NA,4.70620328466453,27.020903852132,0,0.15250554097776
"TOI-1452 b","TOI-1452","Transit",1,4.82,1.672,326,0,-0.07,3185,0.275,0.249,1.8,5.68597545613703,19.0161855009038,1,0.0512827045066619
"TOI-1453 b","TOI-1453","Transit",1,2.32,1.173,944.2,0,-0.31,4975,0.72,0.715,132.6,7.92612122511474,15.7511769002364,0,0.208773851680126
"TOI-1453 c","TOI-1453","Transit",1,2.95,2.224,819.8,0,-0.31,4975,0.72,0.715,75.3,1.47871483201359,12.8991662214514,0,0.177082006470843
"TOI-1468 b","TOI-1468","Transit",1,3.04,1.401,683.5,0.0099,-0.01,3376,0.3714,0.3527,36.4,6.09573304719678,16.4981689551366,0,0.14235854584363
"TOI-1468 c","TOI-1468","Transit",1,4.1,2.126,338.1,0.111,-0.01,3376,0.3714,0.3527,2.13,2.35266904278504,15.5535067115233,0,0.0543652714442208
"TOI-1470 b","TOI-1470","Transit",1,7.32,2.18,734,0.3,0,3709,0.469,0.471,46.3,3.89590503378689,20.5232112944067,0,0.155223804549971
"TOI-1470 c","TOI-1470","Transit",1,7.24,2.47,373,0.5,0,3709,0.469,0.471,3.35,2.64919830305783,19.1751526130248,0,0.063256311619494
"TOI-1472 b","TOI-1472","Transit",1,16.5,4.15964583,811.14,0,0.287,5133,0.8377,0.9154,NA,1.26410061447919,22.306519766352,0,0.174875805670904
"TOI-150.01","TOI-150","Transit",1,797.7533,14.067295,1404.5,0.262,0.28,6255,1.526,1.351,NA,1.58016917725295,84.3426087662264,0,0.326038774106438
"TOI-1518 b","TOI-1518","Transit",1,731.0053361,21.01683881,2492,0.01,-0.1,7300,1.95,1.79,NA,0.434195310690684,66.0533121472394,0,0.603087662089522
"TOI-157 b","TOI-157","Transit",1,375.0394,14.414774,1588,0,0.24,5404,1.167,0.948,1062,0.690430778973048,57.1284645202839,0,0.372786793366112
"TOI-1601 b","TOI-1601","Transit",1,387,14.19902343,1493.97,0,0.343,5982,2.195,1.5055,NA,0.74542215991391,58.4715043223456,0,0.348831936412503
"TOI-163 b","TOI-163","Transit",1,387.7526,16.690201,1669,0,0.22,6495,1.648,1.4352,NA,0.459871800808771,53.9839425210985,0,0.393422158815887
"TOI-1669 c","TOI-1669","Transit",1,13,2.2963977,1285.16,0,0.274,5497,1.0561,0.9867,NA,5.91927891651048,26.6480937283452,0,0.29563600234377
"TOI-1670 b","TOI-1670","Transit",1,41.31769291,2.06,1062,0.59,0.09,6170,1.316,1.21,NA,26.0616053581704,50.1594128590464,0,0.23878429674165
"TOI-1670 c","TOI-1670","Transit",1,200.23189641,11.06326395,684,0.09,0.09,6170,1.316,1.21,NA,0.815361498851193,47.6478178644381,0,0.142485924642702
"TOI-1685 b","TOI-1685","Transit",1,3.03,1.468,1062,0,0.3,3575,0.4555,0.454,236,5.28118308393685,16.0907508084732,0,0.23878429674165
"TOI-169 b","TOI-169","Transit",1,251.40353,12.172974,1715,0,0.24,5880,1.288,1.147,1443,0.768507393296741,50.8985442391907,0,0.405141008330573
"TOI-1694 b","TOI-1694","Transit",1,31.3,5.3422266,943.19,0,0.131,5058,0.8036,0.853,NA,1.13199415130264,27.1099701081117,0,0.208516546506
"TOI-1695 b","TOI-1695","Transit",1,6.36,1.9,698,0.097,0,3690,0.515,0.513,39,5.11285026971862,20.4913126650501,0,0.146052531016738
"TOI-1696 b","TOI-1696","Transit",1,48.8,3.09,489,NA,0.336,3185,0.2775,0.255,NA,9.12034245007623,44.5090878324458,0,0.0928081930043563
"TOI-1710 b","TOI-1710","Transit",1,22.4,5.20315158,602.99,0,0.147,5684,0.9574,1.0258,NA,0.876829889764301,23.2385375112133,0,0.121848011616946
"TOI-172 b","TOI-172","Transit",1,1722.6386,10.816685,1198,0.3806,0.148,5645,1.777,1.128,299,7.50547855972951,141.340954102835,0,0.27343133008942
"TOI-1728 b","TOI-1728","Transit",1,26.78,5.05,767,0.057,0.25,3980,0.6243,0.646,57.78,1.14657693237219,25.7915605200501,0,0.163630805288768
"TOI-1736 b","TOI-1736","Transit",1,12.3,3.18175535,1099.79,0,0.148,5636,1.4286,1.0373,NA,2.10557892046277,22.0210076036231,0,0.248411586375564
"TOI-1742 b","TOI-1742","Transit",1,9.7,2.36507598,694.09,0.3,0.193,5815,1.131,1.0861,NA,4.04299499727214,22.6819997396948,0,0.145056428807989
"TOI-1749 b","TOI-1749","Transit",1,57,1.39,831,0.14,-0.26,3985,0.55,0.58,NA,117.030003138941,71.7212830758288,0,0.179935291570071
"TOI-1749 c","TOI-1749","Transit",1,14,2.12,673,0.019,-0.26,3985,0.55,0.58,NA,8.1019062716202,28.7815454500026,0,0.139683591063103
"TOI-1749 d","TOI-1749","Transit",1,15,2.52,533,0.062,-0.26,3985,0.55,0.58,NA,5.16840334017205,27.3252020425589,0,0.104017527322752
"TOI-1751 b","TOI-1751","Transit",1,19.5,2.9507845,651.64,0.327,-0.373,5970,1.3137,0.9382,NA,4.18493669241704,28.7916518120554,0,0.134241968766718
"TOI-1753 b","TOI-1753","Transit",1,16.6,2.47852533,1005.43,0,0.026,5621,0.9715,0.9483,NA,6.01166490720066,28.9851388973784,0,0.224372659414567
"TOI-1759 b","TOI-1759","Transit",1,10.8,3.14,443,0,0.05,4065,0.597,0.606,6.39,1.92354155528331,20.7713668671241,0,0.0810893434896696
"TOI-1775 b","TOI-1775","Transit",1,96,8.04728896,707.89,0,0.162,5284,0.8288,0.9218,NA,1.0157555556828,38.6837743338073,0,0.148572083662395
"TOI-1776 b","TOI-1776","Transit",1,1.4,1.21612741,1269.21,0,-0.193,5785,0.9356,0.9196,NA,4.29197878215276,12.0169015171789,0,0.291572618653351
"TOI-178 b","TOI-178","Transit",1,1.5,1.152,1040,NA,-0.23,4316,0.651,0.65,NA,5.41004133813175,12.7801930084539,0,0.233179629582452
"TOI-178 c","TOI-178","Transit",1,4.77,1.669,873,NA,-0.23,4316,0.651,0.65,NA,5.65739016034851,18.9342908418151,0,0.190635110692176
"TOI-178 d","TOI-178","Transit",1,3.01,2.572,690,NA,-0.23,4316,0.651,0.65,NA,0.975484481045383,12.1161819997862,0,0.144014470231575
"TOI-178 e","TOI-178","Transit",1,3.86,2.207,600,NA,-0.23,4316,0.651,0.65,NA,1.97991737542924,14.8118910337122,0,0.121086286398492
"TOI-178 f","TOI-178","Transit",1,7.72,2.287,521,NA,-0.23,4316,0.651,0.65,NA,3.55865239160997,20.5775464421202,0,0.100960436145008
"TOI-178 g","TOI-178","Transit",1,3.94,2.87,470,NA,-0.23,4316,0.651,0.65,NA,0.919003770869957,13.1227599714501,0,0.0879677986395944
"TOI-1789 b","TOI-1789","Transit",1,222.4798849,16.14093221,1927,NA,0.373,5991,2.168,1.507,2300,0.29172367257008,41.5813984711715,0,0.459149619137391
"TOI-1794 b","TOI-1794","Transit",1,8.7,3.29701268,992.91,0,0.035,5631,1.3162,0.9698,NA,1.33851783466181,18.1935454600651,0,0.221183094285787
"TOI-1801 b","TOI-1801","Transit",1,5.738,2.079,493.7,0,-0.19,3863,0.547,0.556,NA,3.52098226603605,18.6067725984918,0,0.0940055537156396
"TOI-1803 b","TOI-1803","Transit",1,10.32,2.99,747,0,0.014,4687,0.715,0.756,58,2.12879035605948,20.8076137338634,0,0.15853565332586
"TOI-1803 c","TOI-1803","Transit",1,8,4.29,588,0,0.014,4687,0.715,0.756,22,0.558707977163647,15.2944678207758,0,0.118029195220747
"TOI-1807 b","TOI-1807","Transit",1,2.44,1.49681583,1694.1,0,0.044,4914,0.746,0.8048,NA,4.01191280556717,14.2997601163548,0,0.399816574529335
"TOI-181 b","TOI-181","Transit",1,46.1687,6.9559,895.1,0.1543,0.272,4994,0.745,0.822,102.43,0.756405047609182,28.8546081413218,0,0.196265253611189
"TOI-1811 b","TOI-1811","Transit",1,308.9292116,11.14172682,962.2,0.052,0.306,4766,0.769,0.817,NA,1.23159585904579,58.9754492359948,0,0.213359488446743
"TOI-1820 b","TOI-1820","Transit",1,731.0053361,12.778238,1375,0.043,0.14,5734,1.51,1.04,NA,1.9318543963495,84.711585421571,0,0.318523424961149
"TOI-1823 b","TOI-1823","Transit",1,67.4,7.5406241,423.63,0,0.243,4927,0.8049,0.8414,NA,0.866771819408896,33.4845390707388,0,0.0761546888135938
"TOI-1824 b","TOI-1824","Transit",1,16,2.7438269,528.67,0,0.124,5165,0.8123,0.8801,NA,4.27087259212656,27.0457892307497,0,0.102914426922783
"TOI-1836 b","TOI-1836","Transit",1,38.45723725,8.00321222,966,0,-0.101,6380,1.577,1.307,NA,0.413667921107178,24.5513228232567,0,0.214327567319695
"TOI-1836 c","TOI-1836","Transit",1,8,2.59987579,2007.6,0,-0.136,6237,1.6454,1.2518,NA,2.51014580689622,19.6465689266067,0,0.479683081547907
"TOI-1842 b","TOI-1842","Transit",1,89.4,12.3485023,1199.55,0.276,0.332,6039,2.032,1.4643,NA,0.261795043359377,30.1355858368232,0,0.273826204366545
"TOI-1853 b","TOI-1853","Transit",1,73.2,3.46,1479,0.03,0.11,4985,0.808,0.837,NA,9.74427532443353,51.515214655871,0,0.345018215168267
"TOI-1855 b","TOI-1855","Transit",1,360.09958513,18.49481816,1701,0.033,0.399,5359,1.041,0.987,NA,0.313862323627728,49.4201774341567,0,0.401574401956538
"TOI-1898 b","TOI-1898","Transit",1,129,9.39553231,674.54,0.485,-0.095,6241,1.6131,1.2484,NA,0.857614866851661,41.5003904414933,0,0.140075917764247
"TOI-1899 b","TOI-1899","Transit",1,212.94503269,11.09689089,378,0.044,0.28,3926,0.607,0.632,3.4,0.859271342765293,49.0626635342003,0,0.0645300996102209
"TOI-1937 A b","TOI-1937 A","Transit",1,638.83509807,13.97759893,2097,0,0.196,5814,1.08,1.072,3230,1.28990523714186,75.7174744321124,0,0.502458410822103
"TOI-1994 b","TOI-1994","Transit",1,7024.0077947,13.67495645,2290,0.341,-0.01,7700,2.3,1.86,NA,15.1451608738031,253.832682333728,0,0.551626627264158
"TOI-2000 b","TOI-2000","Transit",1,11,2.7,1488,0,0.439,5611,1.134,1.082,628,3.08154244779759,22.6064559772613,0,0.347311033551576
"TOI-2000 c","TOI-2000","Transit",1,81.7,8.14,1038,0.063,0.439,5611,1.134,1.082,149,0.835248306256281,35.4827154516547,0,0.232670114386162
"TOI-2010 b","TOI-2010","Transit",1,408.7273314,11.81426566,400.2,0.212,0.168,5929,1.079,1.112,4.09,1.36672218636975,65.8766485323515,0,0.070185718289048
"TOI-2015 b","TOI-2015","Transit",1,9.2,3.309,530.9,0.0789,-0.31,3297,0.3273,0.3041,13.185,1.40011686738133,18.6751265205642,0,0.103482536366647
"TOI-2019 b","TOI-2019","Transit",1,34.4,5.33275337,917.46,0,0.409,5626,1.7457,1.1832,NA,1.25075056533119,28.4460189187535,0,0.201961633505719
"TOI-2025 b","TOI-2025","Transit",1,1144.1822652,11.89272852,1166,0.394,0.15,5977,1.459,1.199,NA,3.75074430170835,109.856276805413,0,0.265279086948768
"TOI-2031 A b","TOI-2031 A","Transit",1,254.2627256,14.20177855,1358,0.076,-0.24,6490,1.241,1.174,567,0.48946455880118,47.3901412953732,0,0.314192545792678
"TOI-2076 c","TOI-2076","Transit",1,55,3.69441587,543.16,0,0.02,5192,0.796,0.8557,NA,6.01439722199362,43.2141999276128,0,0.106605864519909
"TOI-2076 d","TOI-2076","Transit",1,29,3.43087751,457.68,0,0.02,5192,0.796,0.8557,NA,3.95957998701644,32.562250658238,0,0.0848291850304435
"TOI-2088 b","TOI-2088","Transit",1,37,3.6831179,300.33,0,0.339,5081,0.8481,0.9027,NA,4.08339715727613,35.4985876142028,1,0.0447430769622704
"TOI-2095 b","TOI-2095","Transit",1,4.1,1.25,347,0,-0.24,3759,0.44,0.44,3.43,11.5749888,20.2840627094278,1,0.0566326140677145
"TOI-2095 c","TOI-2095","Transit",1,7.4,1.33,297,0,-0.24,3759,0.44,0.44,1.84,17.3437721161403,26.4184943194207,1,0.0438947341604463
"TOI-2107 b","TOI-2107","Transit",1,263.79757781,13.57407563,1397,0.033,0.07,5627,0.932,0.961,NA,0.581576395571711,49.3739976615135,0,0.324128092120347
"TOI-2109 b","TOI-2109","Transit",1,1595.49860314,15.098497,3646,NA,0.068,6540,1.698,1.453,NA,2.55600700083099,115.132882603811,0,0.897077930349273
"TOI-2120 b","TOI-2120","Transit",1,6.8,2.122,384,0.32,0.39,3131,0.245,0.211,3.61,3.92409520722529,20.0493265427099,0,0.066058645199093
"TOI-2128 b","TOI-2128","Transit",1,4.5,2.08874836,780.53,0,-0.07,5968,1.1174,1.0251,NA,2.7228324000983,16.439220420152,0,0.167077675591674
"TOI-2134 b","TOI-2134","Transit",1,9.13,2.69,666,0.06,0.12,4580,0.709,0.744,32,2.58631071626673,20.6337075794884,0,0.137900287876086
"TOI-2134 c","TOI-2134","Transit",1,41.89,7.27,306,0.67,0.12,4580,0.709,0.744,1.4,0.60113759508844,26.8847496949909,0,0.0461875525437546
"TOI-2136 b","TOI-2136","Transit",1,6.37,2.19,395,0,0.03,3342,0.34,0.34,4,3.34405837162786,19.101421209885,0,0.068860978778692
"TOI-2141 b","TOI-2141","Transit",1,24,3.05,722,0.21,-0.12,5659,0.98,0.94,NA,4.66421418532829,31.4176519246588,0,0.152166713372226
"TOI-2145 b","TOI-2145","Transit",1,1767,12.41899699,1363.43,0.21,0.285,6200,2.7505,1.7169,NA,5.08678926162867,133.595871230708,0,0.315575879550608
"TOI-2152 A b","TOI-2152","Transit",1,899.45439181,14.35870428,1802,0.057,0.282,6630,1.612,1.516,NA,1.67532918733111,88.6441276364267,0,0.42730491936922
"TOI-2154 b","TOI-2154","Transit",1,292.40213444,16.28664896,1580,0.117,0.011,6280,1.396,1.233,NA,0.373208986863812,47.4561414735093,0,0.370748732580949
"TOI-2158 b","TOI-2158","Transit",1,260.61929374,10.76062147,1188,0.07,0.47,5673,1.41,1.12,NA,1.15335037798282,55.1191646759915,0,0.270883754107966
"TOI-2169 A b","TOI-2169 A","Transit",1,329.58805806,12.50922246,1364,0.045,0.123,6270,1.82,1.42,577,0.928425973038777,57.4895088657914,0,0.31572109138155
"TOI-2180 b","TOI-2180","Transit",1,875.61726129,11.32107051,348,0.3683,0.253,5695,1.636,1.111,2.71,3.32750403115091,98.4989117310307,1,0.0568873716658599
"TOI-2193 A b","TOI-2193 A","Transit",1,298.75870258,19.83989584,1763,0,0.027,5966,1.248,1.082,1600,0.210944964742852,43.4618902881515,0,0.417369373041551
"TOI-2196 b","TOI-2196","Transit",1,26,3.51,1860,0,0.14,5634,1.043,1.032,2000,3.31526890564561,30.4825390213018,0,0.442080860061651
"TOI-220 b","TOI-220","Transit",1,13.8,3.03,805,0.032,-0.217,5298,0.858,0.825,NA,2.73538186089955,23.9021105990477,0,0.173311594018292
"TOI-2207 b","TOI-2207","Transit",1,203.41018048,11.1529358,1259,0.174,0.181,6101,1.564,1.296,406,0.808484764253215,47.8310334119531,0,0.288971543576287
"TOI-2236 b","TOI-2236","Transit",1,502.16888306,14.36991326,1688,0,0.119,6248,1.573,1.343,1356,0.933155714487439,66.2088200952025,0,0.398262553180649
"TOI-2295 b","TOI-2295","Transit",1,278.09985612,16.47720163,747,0.334,0.316,5730,1.459,1.168,NA,0.342781328383677,46.0125896555727,0,0.15853565332586
"TOI-2328 b","TOI-2328","Transit",1,50.85254512,9.97599282,842,0.057,0.09,5525,0.9,0.95,NA,0.282430159891582,25.2869416041811,0,0.18273762514967
"TOI-2338 b","TOI-2338","Transit",1,1900.61387386,11.2089807,799,0.676,0.22,5581,1.05,0.99,NA,7.44153095693575,145.841764319657,0,0.171783048429419
"TOI-2346 b","TOI-2346","Transit",1,394.10722468,16.11851425,1689,0.086,-0.03,6480,1.38,1.271,1360,0.518926841933964,55.3812453033913,0,0.398517310778794
"TOI-2364 b","TOI-2364","Transit",1,71.51139158,8.60849718,1091,0,0.344,5306,0.886,0.954,237,0.618101740430969,32.2806273671556,0,0.246172267087866
"TOI-2368 b","TOI-2368","Transit",1,206.58846455,10.83908434,1000,0.061,0.1,5360,0.846,0.897,NA,0.894530273223412,48.8961605740432,0,0.222989325656638
"TOI-2373 b","TOI-2373","Transit",1,2955.8041851,10.42435205,860,0.112,0.3,5651,1.102,1.041,NA,14.3878271524369,188.595496342446,0,0.187323261916287
"TOI-2374 b","TOI-2374","Transit",1,56.64,6.81,885,0.13,0.15,4802,0.69,0.75,NA,0.988891560970087,32.3002652707973,0,0.193692201869921
"TOI-2379 b","TOI-2379","Transit",1,1830.69162432,11.72459381,624,0.342,0.501,3707,0.622,0.645,25.3,6.26308836087412,139.951229133032,0,0.127200468753981
"TOI-238 c","TOI-238","Radial Velocity",1,6.7,2.18,696,0.36,-0.114,5059,0.733,0.79,58.3,3.56592400633499,19.6348314356041,0,0.145543015820447
"TOI-2382 b","TOI-2382","Transit",1,235.19302118,12.25141591,1426,0.18,0.249,6033,1.417,1.26,689,0.705232538951629,49.0723771390952,0,0.331516062466563
"TOI-2384 b","TOI-2384","Transit",1,624.85064816,11.48920522,889.7,0,0.332,3943,0.6113,0.635,104.3,2.27181533010886,82.5964043255516,0,0.194889562581204
"TOI-2406 b","TOI-2406","Transit",1,15.6,2.86,449,0.17,-0.26,3100,0.204,0.166,6.69,3.67699687470825,26.1575645238272,0,0.0826178890785418
"TOI-2416 b","TOI-2416","Transit",1,953.485221,9.86390302,1080,0.32,0.32,5808,1.236,1.118,NA,5.47815538367941,110.116046054551,0,0.243369933508267
"TOI-2420 b","TOI-2420","Transit",1,294.62693329,15.02003414,1571.6,0.055,NA,NA,2.369,1.158,1017,0.479431370458282,49.6042383259621,0,0.368608768756528
"TOI-2421 b","TOI-2421","Transit",1,105.83685953,10.36830715,1534,0,0.19,5607,1.75,1.131,923.6,0.523576497755355,35.7834794873257,0,0.359029883066262
"TOI-244 b","TOI-244","Transit",1,2.68,1.52,458,NA,-0.39,3433,0.426,0.428,7.3,4.20795214316956,14.8718030620295,0,0.08491070746185
"TOI-2443 b","TOI-2443","Transit",1,4.8,2.363,519,0.301,-0.29,4375,0.631,0.642,NA,2.00593489905734,15.9627157633292,0,0.100450920948717
"TOI-2447 b","TOI-2447","Transit",1,124.90656395,9.60609646,414,0.17,0.18,5730,1.006,1.034,NA,0.776982421437154,40.3865896530205,0,0.073701373143454
"TOI-2458 b","TOI-2458","Transit",1,13.31,2.83,1509.4,0.087,-0.1,6005,1.31,1.05,865,3.23806461424739,24.289234771706,0,0.352762846151886
"TOI-2485 b","TOI-2485","Transit",1,766.60211768,12.1393261,1134,0.0341,NA,NA,1.72,1.163,275.6,2.36294189365705,89.0032244896866,0,0.257126843808117
"TOI-2497 b","TOI-2497","Transit",1,1531.93292174,11.14172682,1595,0.195,0.094,7360,2.36,1.859,NA,6.10729633814566,131.32930452588,0,0.37457009655313
"TOI-2498 b","TOI-2498","Transit",1,34.62,6.06,1443,0.089,0.167,5905,1.26,1.12,NA,0.857780072684261,26.7698071389658,0,0.335846941635034
"TOI-2524 b","TOI-2524","Transit",1,203.41018048,11.2089807,1100,0,0.06,5831,1.119,1.007,NA,0.796418028835933,47.7113059890784,0,0.248465085471174
"TOI-2529 b","TOI-2529","Transit",1,743.71847238,11.54525012,636,0.021,0.1,5802,1.7,1.11,NA,2.6648041264543,89.8919153045578,0,0.130257559931725
"TOI-2537 b","TOI-2537","Transit",1,415.40172795,11.25381662,338,0.364,0.08,4870,0.771,0.771,NA,1.60707282819454,68.0459458153657,0,0.0543397956844063
"TOI-2567 b","TOI-2567","Transit",1,63.88350981,10.92875618,1352,0,0.241,5611,1.686,1.13,558,0.269862984732374,27.0786518443659,0,0.312664000203806
"TOI-257 b","TOI-257","Transit",1,43.86032017,7.16253867,1027,0,0.175,6095,1.867,1.407,186,0.658169298922871,27.7153540982493,0,0.229867780806563
"TOI-2570 b","TOI-2570","Transit",1,260.61929374,13.64132951,1431,0,0.191,5771,1.095,1.063,699,0.566113128641296,48.9545378108723,0,0.33278985045729
"TOI-2580 b","TOI-2580","Transit",1,200.23189641,17.37392009,2410,0.08,0.26,6120,1.81,1.33,1730,0.210526399639762,38.0220687810115,0,0.582197539041602
"TOI-2583 A b","TOI-2583 A","Transit",1,79.45710175,14.4595851,1456,0,0.158,5936,1.477,1.215,750.9,0.144921221801422,26.2546641277631,0,0.339158790410924
"TOI-2587 A b","TOI-2587 A","Transit",1,69.28659273,12.07207221,1445,0,0.13,5760,1.726,1.15,728,0.217155329753322,26.8319176763507,0,0.336356456831325
"TOI-2589 b","TOI-2589","Transit",1,1112.3994245,12.10569916,592,0.522,0.12,5579,1.07,0.93,NA,3.45746574683668,107.362709182822,0,0.119048225613329
"TOI-260 b","TOI-260","Transit",1,4.23,1.71,493,0,-0.47,4026,0.607,0.616,NA,4.66464715189019,17.6153043507179,0,0.0938272233969378
"TOI-2641 b","TOI-2641","Transit",1,122.6817651,18.10250383,1387,0.18,-0.15,6100,1.336,1.16,602,0.114033074442349,29.1567227087759,0,0.321580516138894
"TOI-269 b","TOI-269","Transit",1,8.8,2.77,531,0.425,-0.29,3514,0.398,0.3917,19,2.28302215876939,19.9627089166881,0,0.103508012126462
"TOI-270 b","TOI-270","Transit",1,1.58,1.206,581,0.034,-0.2,3506,0.378,0.386,NA,4.96686007462858,12.8195538868316,0,0.11624589203373
"TOI-270 c","TOI-270","Transit",1,6.15,2.355,488,0.027,-0.2,3506,0.378,0.386,NA,2.596385309189,18.0992310777308,0,0.092553435406211
"TOI-270 d","TOI-270","Transit",1,4.78,2.133,387,0.032,-0.2,3506,0.378,0.386,NA,2.71595201125939,16.766273381792,0,0.0668229179935291
"TOI-2714 b","TOI-2714","Transit",1,228,13.72,1603,0.164,0.3,5665,1.25,1.07,NA,0.486787339729011,45.6571070981444,0,0.376608157338293
"TOI-2796 b","TOI-2796","Transit",1,139.84449908,17.26183028,1205,0,0.239,5764,1.069,1.063,352,0.149917255333784,31.8784572279152,0,0.275214633276437
"TOI-2803 A b","TOI-2803 A","Transit",1,309.88269682,18.11371281,1893,0,-0.105,6280,1.245,1.118,2150,0.287502519701857,46.3247353815574,0,0.450487860800448
"TOI-2818 b","TOI-2818","Transit",1,225.65816897,15.27784069,1376,0,-0.02,5721,1.229,0.977,598,0.348924841866591,43.0439941856304,0,0.318778182559295
"TOI-2842 b","TOI-2842","Transit",1,117.59651059,12.84549188,1471,0,0.233,5910,1.265,1.135,781.8,0.305920781598153,33.8875265473934,0,0.342980154383104
"TOI-286 b","TOI-286","Transit",1,4.53,1.42,979,0,-0.05,5152,0.78,0.832,NA,8.72368410023721,20.0042812319172,0,0.217639416095585
"TOI-286 c","TOI-286","Transit",1,3.72,1.88,475,0,-0.05,5152,0.78,0.832,NA,3.08699661924622,15.7547156061221,0,0.0892415866303212
"TOI-2876 b","TOI-2876","Transit",1,54.03082919,9.6397234,929,0.13,0.353,5271,0.873,0.939,124.2,0.332594204034264,26.5159110013381,0,0.204901536188317
"TOI-2886 b","TOI-2886","Transit",1,444.9597698,18.6405349,1978,0.11,0.284,6240,1.241,1.229,2560,0.378802116670059,54.7203933810729,0,0.472142256642804
"TOI-2969 b","TOI-2969","Transit",1,368.68095212,12.32987877,1186,0,0.08,4738,0.7,0.71,382,1.08452868314435,61.2440594783025,0,0.270374238911676
"TOI-2977 b","TOI-2977","Transit",1,533.95172376,13.15934334,1544,0,0.013,5691,1.073,0.936,947.8,1.29201066904804,71.3430890958087,0,0.361577459047716
"TOI-2981 b","TOI-2981","Transit",1,638,13.4,1358,0.035,-0.11,5940,1.08,1.03,NA,1.46208642685437,77.2815747189767,0,0.314192545792678
"TOI-2986 b","TOI-2986","Transit",1,96.61983573,9.292245,1622,0.14,0.095,5906,1.458,1.122,1156,0.66400461951951,36.1152681770456,0,0.381448551703055
"TOI-2989 b","TOI-2989","Transit",1,953.485221,12.55405838,1001,0,-0.04,4672,0.76,0.77,124,2.65722479282702,97.6074425156176,0,0.223244083254783
"TOI-2992 b","TOI-2992","Transit",1,1058.36859531,13.75341932,1726,0.089,0.084,6000,1.545,1.21,1484,2.24321889276663,98.2496818962239,0,0.407943341910173
"TOI-3023 b","TOI-3023","Transit",1,197.05361234,16.43236571,1596,0,0.085,5760,1.668,1.12,1084,0.244878630098701,38.7846768328067,0,0.374824854151275
"TOI-3071 b","TOI-3071","Transit",1,68.2,7.16,2155,0.09,0.35,6177,1.31,1.29,NA,1.02450025185957,34.5663639909244,0,0.517234351514534
"TOI-3135 b","TOI-3135","Transit",1,327.36325921,13.65253849,1292,0.24,0.071,5890,0.985,1.044,464,0.709343296439749,54.8436418167933,0,0.297378544315084
"TOI-3160 A b","TOI-3160 A","Transit",1,378.21580433,13.7646283,1539,0.18,-0.114,6190,1.346,1.088,933,0.799673988582199,58.7091259651082,0,0.360303671056989
"TOI-3235 b","TOI-3235","Transit",1,211.35589065,11.39953337,604,0.029,0.264,3388.8,0.3697,0.3939,NA,0.78671946484566,48.2260468573933,0,0.122105316791073
"TOI-3261 b","TOI-3261","Transit",1,30.3,3.82,1722,0,0.138,5068,0.849,0.861,1466,2.99722469029636,31.5433384243469,0,0.406924311517591
"TOI-329 b","TOI-329","Transit",1,40.4,4.94057819,1213.02,0.39,0.205,5614,1.5326,1.0678,NA,1.84720372751948,32.0272623121742,0,0.277257789213563
"TOI-332 b","TOI-332","Transit",1,57.2,3.2,1871,0,0.256,5251,0.87,0.88,NA,9.6252685546875,47.3522966708057,0,0.44488319364125
"TOI-3321 b","TOI-3321","Transit",1,176.07693748,15.55806521,1616,0.054,-0.103,5850,1.549,1.041,NA,0.257811612554171,37.6783145036873,0,0.379920006114182
"TOI-3331 A b","TOI-3331 A","Transit",1,721.47048389,12.97999965,1488,0,0.148,5609,0.952,1.016,818.5,1.8191197453265,83.5006712001147,0,0.347311033551576
"TOI-3364 b","TOI-3364","Transit",1,530.77343969,12.22899794,1264,0,0.387,5706,1.419,1.186,425,1.60030708711925,73.786545441504,0,0.290245331567014
"TOI-3464 b","TOI-3464","Transit",1,397.28550875,13.7646283,1693,0.25,0.045,6370,1.56,1.363,1370,0.839993685485503,60.1709877289046,0,0.399536341171375
"TOI-3474 b","TOI-3474","Transit",1,193.87532827,14.67255574,1451,0.13,0.146,6020,1.256,1.121,740,0.338432454586947,40.7123725234651,0,0.337885002420197
"TOI-3486 b","TOI-3486","Transit",1,99.16246298,10.5700688,1190,0.078,0.283,4930,0.788,0.837,334,0.462999609345284,34.3046322655641,0,0.271393269304257
"TOI-3493 b","TOI-3493","Transit",1,8.97,3.22,1102,NA,0.03,5844,1.228,1.023,245,1.48146566214928,18.6933143128767,0,0.248974600667465
"TOI-3523 A b","TOI-3523 A","Transit",1,435.42491759,15.9727975,1984,0.047,-0.366,6450,1.448,1.131,2590,0.589165194684954,58.4768767540202,0,0.473670802231677
"TOI-3540 A b","TOI-3540 A","Transit",1,375.03752026,23.53885947,1498,0,0.176,5810,1.228,1.081,841.3,0.158556931288873,44.7056767780991,0,0.349858609533029
"TOI-3568 b","TOI-3568","Transit",1,26.4,5.3,899,0.035,-0.01,4969,0.719,0.78,NA,0.977784345466392,24.9966639283559,0,0.197258808243956
"TOI-3593 b","TOI-3593","Transit",1,565.73456446,11.02963701,1170,0.105,0.384,5550,0.918,1.015,308,2.32485470186008,80.212817156101,0,0.26629811734135
"TOI-3629 b","TOI-3629","Transit",1,82.63538582,8.29464572,690,0.05,0.4,3870,0.6,0.63,39,0.798434505312023,35.3510348475253,0,0.144014470231575
"TOI-3682 b","TOI-3682","Transit",1,69.28659273,12.80065596,1657,0.22,0.416,5703,1.735,1.32,1258,0.182145854139375,26.0571259633109,0,0.390365067638142
"TOI-3688 A b","TOI-3688 A","Transit",1,311.47183886,13.08088048,1534,0,0.262,5950,1.302,1.199,924.3,0.767316639351316,54.6523608710341,0,0.359029883066262
"TOI-3693 b","TOI-3693","Transit",1,324.18497514,12.59889431,801,0,0.071,5321,0.791,0.867,68.6,0.893845270416522,56.8130686847514,0,0.17229256362571
"TOI-3714 b","TOI-3714","Transit",1,222.4798849,11.32107051,750,0.03,0.1,3660,0.51,0.53,54,0.845463819162372,49.6500454762053,0,0.159299926120297
"TOI-3757 b","TOI-3757","Transit",1,85.3,12,759,0.14,0,3913,0.62,0.64,55.4,0.272189930555556,29.8608327635606,0,0.161592744503605
"TOI-3785 b","TOI-3785","Transit",1,14.95,5.14,582,0.11,0.099,3576,0.5,0.52,19.1,0.60704180064877,19.1010419989976,0,0.116500649631875
"TOI-3807 b","TOI-3807","Transit",1,330.54154328,18.49481816,1646,0,0.278,5772,1.468,1.181,1230,0.288099573321927,47.3484770973496,0,0.387562734058543
"TOI-3819 b","TOI-3819","Transit",1,352.78953177,13.13692538,1633,0,0.273,5859,1.538,1.242,1186,0.85802758938288,58.0402134737652,0,0.384250885282654
"TOI-3837 b","TOI-3837","Transit",1,187.51876013,10.87271128,1178,0.221,-0.26,5905,1.2,0.89,NA,0.804447891118227,46.5126899080091,0,0.268336178126513
"TOI-3856 b","TOI-3856","Transit",1,171.62733978,13.59649359,1544,0.083,0.454,5622,1.055,1.096,949,0.376506489308148,39.7921859153375,0,0.361577459047716
"TOI-3877 b","TOI-3877","Transit",1,99.7981198,11.67975789,1445,0.22,0.269,5731,1.445,1.16,729,0.345372377243503,32.7387642125284,0,0.336356456831325
"TOI-3884 b","TOI-3884","Transit",1,32.59,6.43,441,0.06,0.04,3180,0.302,0.298,6.29,0.675955651556551,25.2147528960346,0,0.0805798282933788
"TOI-3894 b","TOI-3894","Transit",1,260.61929374,15.27784069,1531,0.05,0.021,6000,1.502,1.138,NA,0.40298362018395,46.2583689736264,0,0.358265610271826
"TOI-3912 b","TOI-3912","Transit",1,129.03833324,14.28024141,1512,0,0.187,5725,1.392,1.088,872.2,0.244331160924393,33.6674032196409,0,0.353425215907064
"TOI-3919 b","TOI-3919","Transit",1,1233.17421916,12.31866979,1198,0.259,0.175,6100,1.319,1.208,NA,3.63747282142275,112.059410666374,0,0.27343133008942
"TOI-3976 A b","TOI-3976 A","Transit",1,55.61997123,12.27383387,1295,0,0.182,5975,1.501,1.254,469,0.165865781619639,23.8420328637849,0,0.29814281710952
"TOI-3980 b","TOI-3980","Transit",1,187.51876013,14.4595851,1621,0.16,0.188,5840,1.626,1.24,1153,0.342014083451356,40.3331803453372,0,0.381193794104909
"TOI-3984 A b","TOI-3984 A","Transit",1,44,7.9,563,0.23,0.18,3476,0.47,0.49,16.7,0.492082776413225,26.4320480583129,0,0.111660255267113
"TOI-4010 b","TOI-4010","Transit",1,11,3.02,1441,0.03,0.37,4960,0.83,0.88,714,2.20210801722127,21.3752347882229,0,0.335337426438744
"TOI-4010 c","TOI-4010","Transit",1,20.31,5.93,907,0.03,0.37,4960,0.83,0.88,112,0.537047383554131,20.7274386173437,0,0.199296869029119
"TOI-4010 d","TOI-4010","Transit",1,38.15,6.18,650,0.07,0.37,4960,0.83,0.88,30,0.891242480713135,27.8272991152893,0,0.13382416630576
"TOI-406 c","TOI-406","Transit",1,2.08,1.32,584,0.032,-0.02,3392,0.41,0.408,19,4.98664329242842,14.059268483923,0,0.117010164828166
"TOI-406.01","TOI-406","Transit",1,6.57,2.08,368,0.056,-0.02,3392,0.41,0.408,3,4.02570666320551,19.9053143271223,0,0.0619825236287672
"TOI-4087 b","TOI-4087","Transit",1,232.01473711,13.04725353,1458,0,0.237,6060,1.112,1.178,753.9,0.576003375437924,47.2298164247293,0,0.339668305607215
"TOI-411 b","HD 22946","Transit",1,13.71,1.362,1241,NA,-0.08,6169,1.117,1.098,495.139,29.920778824373,35.5343353221098,0,0.284385906809671
"TOI-411 c","HD 22946","Transit",1,9.72,2.328,931,NA,-0.08,6169,1.117,1.098,156.75,4.24799599637548,22.8854611029996,0,0.205411051384608
"TOI-4127 b","TOI-4127","Transit",1,731.0053361,12.28504285,605.1,0.7471,0.14,6096,1.293,1.23,22.3,2.17398869842621,86.3952684539123,0,0.122385550149033
"TOI-4137 b","TOI-4137","Transit",1,457.67290608,13.57407563,1570,0,0.182,6202,1.438,1.313,1013,1.00900001159429,65.0340037925848,0,0.368201156599496
"TOI-4145 A b","TOI-4145 A","Transit",1,136.66621501,13.30506009,1074,0,0.168,5281,0.859,0.905,223,0.319946532374488,35.8955147738578,0,0.241841387919395
"TOI-4153 b","TOI-4153","Transit",1,365.50266805,16.11851425,1669,0.039,0.317,6860,1.605,1.572,NA,0.481262796954886,53.3335871377681,0,0.393422158815887
"TOI-4201 b","TOI-4201","Transit",1,788.21444936,13.67495645,725,0.041,0.52,3794,0.63,0.61,45.2,1.69954746457157,85.0309914062008,0,0.152930986166662
"TOI-421 b","TOI-421","Transit",1,6.7,2.64,922,0.13,-0.044,5291,0.866,0.833,NA,2.00784315260038,17.8424077733784,0,0.203118233001299
"TOI-421 c","TOI-421","Transit",1,14.1,5.09,635,0.19,-0.044,5291,0.866,0.833,NA,0.589566132229402,18.6409777393931,0,0.13000280233358
"TOI-4214 b","TOI-4214","Transit",1,165.27077164,10.68215861,1642,0.17,0.294,6370,1.434,1.382,1210,0.747628330583895,44.0541208675041,0,0.386543703665962
"TOI-431 b","TOI-431","Transit",1,3.07,1.28,1862,0,0.2,4850,0.731,0.78,NA,8.07188987731934,17.3453163707094,0,0.442590375257942
"TOI-431 d","TOI-431","Transit",1,9.9,3.29,633,0,0.2,4850,0.731,0.78,NA,1.53290154703471,19.4284283921071,0,0.129493287137289
"TOI-4406 b","TOI-4406","Transit",1,95.3485221,11.2089807,904,0.15,0.1,6219,1.29,1.19,NA,0.373320951016844,32.665698172812,0,0.198532596234683
"TOI-4438 b","TOI-4438","Transit",1,5.4,2.52,435,0.14,-0.19,3422,0.372,0.368,6,1.86062520246194,16.3951212255354,0,0.0790512827045066
"TOI-4463 A b","TOI-4463 A","Transit",1,252.35575516,13.26022417,1395,0,0.25,5640,1.062,1.056,633,0.59679802485937,48.8595200355267,0,0.323618576924057
"TOI-4465 b","TOI-4465","Transit",1,1872.00931723,14.01122587,427,0.24,-0.06,5545,1.014,0.93,NA,3.75272175589247,129.459509890039,0,0.0770132219193437
"TOI-4487 A b","TOI-4487 A","Transit",1,397.28550875,14.60530185,1639,0.083,0.216,6206,1.634,1.378,1203,0.703133637523501,58.4136193452772,0,0.385779430871526
"TOI-4515 b","TOI-4515","Transit",1,637,12.17,705,0.461,0.05,5433,0.86,0.949,NA,1.94865277107531,81.0293676536479,0,0.147835834203755
"TOI-4600 b","TOI-4600","Transit",1,959.84178914,6.8,347,0.25,0.16,5170,0.81,0.89,NA,16.8321532964773,133.064863677634,1,0.0566326140677145
"TOI-4600 c","TOI-4600","Transit",1,2946.26933289,9.42,191,0.21,0.16,5170,0.81,0.89,NA,19.4350874309697,198.074602899976,0,0.0168904287570377
"TOI-4603 b","TOI-4603","Transit",1,4096.80816623,11.67975789,1677,0.325,0.342,6264,2.738,1.765,1192,14.1778660591705,209.760600066272,0,0.39546021960105
"TOI-4734 b","TOI-4734","Transit",1,61.65871096,10.9175472,1468,0.12,0.288,6070,1.857,1.391,775,0.261267848119136,26.6166077313368,0,0.342215881588668
"TOI-4791 b","TOI-4791","Transit",1,734.18362017,12.44196858,1472,0,0.207,6058,1.409,1.242,783.2,2.10186177466755,86.0351297610025,0,0.34323491198125
"TOI-4794 b","TOI-4794","Transit",1,308.29355479,14.35870428,1673,0.1,-0.102,6390,1.451,1.25,1310,0.5742294387672,51.897043780709,0,0.394441189208468
"TOI-480 b","TOI-480","Transit",1,20.8,2.85372018,1198.94,0,0.164,6174,1.4877,1.2793,NA,4.93509977796203,30.2373688003539,0,0.273670802231677
"TOI-481 b","TOI-481","Transit",1,486.2799,11.09691,1370,0.153,0.26,5735,1.66,1.14,NA,1.96221634586675,74.1412920496388,0,0.317249636970423
"TOI-4860 b","TOI-4860","Transit",1,86.7,8.7,694,0.008,0.27,3260,0.358,0.34,42.5,0.725985758607023,35.3563923889107,0,0.145033500624156
"TOI-4914 b","TOI-4914","Transit",1,227,12.87,894,0.408,-0.13,5805,1,1.03,NA,0.587160698222907,47.0372234352793,0,0.195985020253229
"TOI-4961 b","TOI-4961","Transit",1,572.0911326,12.34108775,919,0.182,0.206,5380,0.912,0.912,115,1.6783079702896,76.255980680368,0,0.202353960206863
"TOI-4994 b","TOI-4994","Transit",1,88.99195396,8.54124329,717.6,0.319,0.165,5640,1.055,1.005,40,0.787506644201569,36.1520432300893,0,0.151045779940387
"TOI-500 b","TOI-500","Transit",1,1.42,1.166,1617,0.063,0.12,4440,0.678,0.74,1138,4.93923233045001,12.3598420168979,0,0.380174763712328
"TOI-5005 b","TOI-5005","Transit",1,32.7,6.25,1040,NA,0.15,5749,0.93,0.97,226,0.7385407488,25.6183933922485,0,0.233179629582452
"TOI-5027 b","TOI-5027","Transit",1,642.01338214,10.76062147,1056,0.385,-0.15,5909,0.92,1.02,NA,2.84118019942109,86.511010686852,0,0.237255751152778
"TOI-5076 b","TOI-5076","Transit",1,16.14568308,3.48935569,550,0,0.082,4780,0.844,0.789,NA,2.09549900931765,24.0920421068726,0,0.108348406491224
"TOI-5108 b","TOI-5108","Transit",1,32,6.6,1180,NA,0.2,5808,1.29,1.1,NA,0.613740712914267,24.6615883388305,0,0.268845693322803
"TOI-5110 b","TOI-5110","Transit",1,921.7023803,11.98240037,976,0.745,0.065,6160,2.333,1.469,NA,2.954105429623,98.2293937923121,0,0.216875143301149
"TOI-512 b","TOI-512","Transit",1,3.57,1.54,1009,0.02,-0.11,5277,0.89,0.74,127,5.38980205154939,17.0526457557978,0,0.225282144039946
"TOI-5153 b","TOI-5153","Transit",1,1036.12060682,11.88151954,906,0.091,0.12,6300,1.4,1.24,NA,3.40612916739291,104.589282818388,0,0.199042111430973
"TOI-5181 A b","TOI-5181 A","Transit",1,330.54154328,13.34989601,1585,0.15,0.208,6060,1.53,1.25,1053,0.766053610847434,55.7303931153481,0,0.372022520571676
"TOI-519 b","TOI-519","Transit",1,147.15455244,11.54525012,687,0.33,0.27,3322,0.35,0.335,NA,0.52726679937605,39.9855616589329,0,0.143250197437139
"TOI-5205 b","TOI-5205","Transit",1,343,11.6,737,0.02,0,3430,0.394,0.392,49,1.2116771392841,60.9026356940548,0,0.155988077344407
"TOI-5210 b","TOI-5210","Transit",1,81.99972901,10.72699453,1286,0.066,0.324,5723,1.209,1.105,456,0.366306817360958,30.9660065745247,0,0.295849998726212
"TOI-5218 b","TOI-5218","Transit",1,657,9.86,783,0,0.41,4230,0.708,0.739,62,3.77921314491822,91.4244276082101,0,0.167706926859094
"TOI-5232 b","TOI-5232","Transit",1,743.71847238,12.778238,1772,0.035,-0.104,6500,1.785,1.389,NA,1.9654518641121,85.4450327476003,0,0.419662191424859
"TOI-5293 A b","TOI-5293 A","Transit",1,170.4,11.9,675,0.38,-0.03,3586,0.52,0.54,34.6,0.55756495381148,42.381794093552,0,0.140193106259394
"TOI-530 b","TOI-530","Transit",1,127.1313628,9.30345398,565,0,0.376,3659,0.54,0.53,NA,0.870536175504107,41.4020901870732,0,0.112169770463404
"TOI-5300 b","TOI-5300","Transit",1,190.6970442,9.86390302,1043,0,-0.17,4610,0.65,0.67,198,1.09563107673588,49.2453928782947,0,0.233943902376888
"TOI-5301 b","TOI-5301","Transit",1,1182.32167404,13.09208946,1648,0.33,0.03,6240,2.19,1.483,NA,2.90519655229298,106.434240654768,0,0.388072249254834
"TOI-532 b","TOI-532","Transit",1,61.5,5.82,867,0,0.338,3927,0.612,0.639,94.1,1.72017615655698,36.4077707803688,0,0.189106565103304
"TOI-5322 b","TOI-5322","Transit",1,184.02264765,16.6117094,1350,0.055,-0.048,5692,1.462,0.998,554,0.221357918004419,37.2774758532839,0,0.312154485007515
"TOI-5340 b","TOI-5340","Transit",1,270.15414595,15.07607904,1566,0.13,0.208,5990,1.842,1.35,1004,0.434723564040025,47.4110570563634,0,0.367182126206914
"TOI-5344 b","TOI-5344","Transit",1,130.94530368,10.60369574,689,0.054,0.425,3747,0.588,0.612,38,0.605598674406377,39.3581210774871,0,0.143759712633429
"TOI-5386 A b","TOI-5386 A","Transit",1,155.10026262,14.70618268,1488,0.072,0.182,6094,1.245,1.165,817,0.268892956043701,36.3725970230642,0,0.347311033551576
"TOI-5398 b","TOI-5398","Transit",1,58.7,10.3,947,0.13,0.09,6000,1.051,1.146,NA,0.296205548137824,26.7373561443953,0,0.209487172954933
"TOI-5398 c","TOI-5398","Transit",1,11.8,3.52,1242,0.14,0.09,6000,1.051,1.146,NA,1.49183495433415,20.5063183167796,0,0.284640664407816
"TOI-544 b","TOI-544","Transit",1,2.89,2.018,999,0,-0.17,4169,0.623,0.631,NA,1.93910407410236,13.4031341097641,0,0.222734568058492
"TOI-5542 b","TOI-5542","Transit",1,419.53349724,11.30986153,441,0.018,-0.21,5700,1.058,0.89,9.6,1.59904814844772,68.2138716916105,0,0.0805798282933788
"TOI-5573 b","TOI-5573","Transit",1,112,9.75,528,0.072,0.42,3790,0.594,0.619,12.92,0.666301724573914,37.9598708489873,0,0.102743739332026
"TOI-558 b","TOI-558","Transit",1,1147.36054927,12.17295304,1061,0.298,-0.004,6466,1.496,1.349,NA,3.50734780712466,108.735162010775,0,0.238529539143505
"TOI-559 b","TOI-559","Transit",1,1910.14872607,12.22899794,1180,0.151,-0.069,5925,1.233,1.026,NA,5.75918897819563,139.976837844521,0,0.268845693322803
"TOI-5592 b","TOI-5592","Transit",1,285.72773789,17.14974047,1789,0.062,-0.013,6237,1.393,1.194,1712,0.312353594537944,45.7157077836213,0,0.42399307059333
"TOI-561 b","TOI-561","Transit",1,2.02,1.397,2319,0,NA,NA,0.843,0.806,4709,4.0853466468849,13.4677642120152,0,0.559014597610374
"TOI-561 c","TOI-561","Transit",1,5.93,2.865,802,0.023,NA,NA,0.843,0.806,67.5,1.39042502684424,16.1132466940306,0,0.172547321223855
"TOI-561 d","TOI-561","Transit",1,13.33,2.615,600,0.111,NA,NA,0.843,0.806,21.2,4.11037865420599,25.2869966356776,0,0.121086286398492
"TOI-561 e","TOI-561","Transit",1,12.4,2.517,416,0.074,NA,NA,0.843,0.806,4.89,4.2878422601792,24.8592062439943,0,0.0742108883397447
"TOI-5616 b","TOI-5616","Transit",1,624,10.78,939,0,0.14,3996,0.646,0.666,137,2.74659780660576,85.2120350014651,0,0.20744911216977
"TOI-5634 A b","TOI-5634 A","Transit",1,588,10.42,837,0,-0.27,3896,0.54,0.556,77,2.86576735363487,84.134249726062,0,0.181463837158943
"TOI-564 b","TOI-564","Transit",1,464.98529,11.43318,1714,0.072,0.143,5640,1.088,0.998,1423,1.71555581805986,71.4256348536366,0,0.404886250732428
"TOI-5678 b","TOI-5678","Transit",1,20,4.91,513,0.14,0,5485,0.938,0.905,NA,0.931648911875382,22.604363077569,0,0.0989223753598451
"TOI-5688 A b","TOI-5688 A","Transit",1,124,10.3,742,0.128,0.47,3713,0.57,0.6,50.3,0.625715297599492,38.8606672139154,0,0.157261865335134
"TOI-5720 b","TOI-5720","Transit",1,4.3,1.09,708,NA,0.03,3325,0.383,0.383,41.7,18.3086247489438,22.2453376209839,0,0.148600106998191
"TOI-5786 b","TOI-5786","Transit",1,73,8.54,1040,NA,0.08,6235,1.36,1.23,NA,0.646272996251224,32.7454163980544,0,0.233179629582452
"TOI-5795 b","TOI-5795","Transit",1,23.66,5.62,1136.78,0.25,-0.27,5715,1.082,0.901,NA,0.73497498044104,22.9803815447668,0,0.257835069930961
"TOI-5800 b","TOI-5800","Transit",1,9.5,2.46,1108,0.3,-0.04,4850,0.773,0.778,NA,3.51872272440749,22.0096061806576,0,0.250503146256337
"TOI-5817 b","TOI-5817","Transit",1,10.3,3.08,950,0.2,-0.24,5770,1.427,0.97,NA,1.94380116004758,20.4814772194515,0,0.210251445749369
"TOI-5882 b","TOI-5882","Transit",1,6995.40323807,11.46678726,1515,0.0339,0.18,5920,2.26,1.334,NA,25.5831636986407,276.632704029996,0,0.354189488701501
"TOI-6008 b","TOI-6008","Transit",1,4,1.03,707,NA,0.3,3075,0.242,0.23,41.5,20.1843644386933,22.0713758308802,0,0.148345349400046
"TOI-6016 b","TOI-6016","Transit",1,371.85923619,13.67495645,1890,0,0.28,6110,1.51,1.31,940,0.80180263449546,58.4042341125556,0,0.449723588006012
"TOI-6034 b","TOI-6034","Transit",1,254,11.92,714,0.04,-0.09,3635,0.489,0.514,43,0.826935644261746,51.7007392882638,0,0.150128652587063
"TOI-6038 A b","TOI-6038 A","Transit",1,78.5,6.41,1439,NA,0.124,6110,1.648,1.291,716,1.64347207794479,39.1943833729722,0,0.334827911242453
"TOI-6130 b","TOI-6130","Transit",1,333.71982735,14.3474953,1750,0.036,0.28,6110,1.51,1.31,1150,0.623046554310854,54.0158210971937,0,0.414057524265661
"TOI-615 b","TOI-615","Transit",1,138.25535705,18.97680433,1666,0.39,-0.1,6850,1.732,1.449,1286,0.111552547107601,30.2306487285601,0,0.392657886021451
"TOI-622 b","TOI-622","Transit",1,96.30200732,9.2362001,1388,0.42,0.09,6400,1.415,1.313,602,0.673941347204043,36.1650463373453,0,0.321835273737039
"TOI-628 b","TOI-628","Transit",1,2011.8639,11.88154,1586,0.072,0.258,6250,1.345,1.311,NA,6.61374058647823,145.740734659074,0,0.372277278169821
"TOI-6324 b","TOI-6324","Transit",1,1.17,1.059,1216,0,-0.32,3247,0.293,0.269,NA,5.43206231244307,11.7723447954519,0,0.278016966856036
"TOI-6383 A b","TOI-6383 A","Transit",1,331,11.29,745,0.05,NA,3444,0.457,0.458,51.3,1.2682735339025,60.6436103447194,0,0.15802613812957
"TOI-640 b","TOI-640","Transit",1,181.16219199,19.2794468,1816,0.013,0.072,6460,2.082,1.536,NA,0.139396100220243,34.3324283188566,0,0.430871525743255
"TOI-654.01","TOI-654","Transit",1,8.71,2.378,794,0,0.12,3521,0.43,0.419,65,3.57148940354435,21.4348858492622,0,0.170509260438693
"TOI-6628 b","TOI-6628","Transit",1,235.19302118,10.98480109,833,0.67,0.36,5463,1.01,0.97,NA,0.97839584785632,51.8243829087713,0,0.180444806766362
"TOI-663 b","TOI-663","Transit",1,4.45,2.27,674,NA,0.07,3681,0.512,0.514,49.1,2.09772812589258,15.6814096282673,0,0.139938348661249
"TOI-663 c","TOI-663","Transit",1,3.65,2.26,553,NA,0.07,3681,0.512,0.514,22.3,1.74354960887714,14.2334518105229,0,0.10911267928566
"TOI-663 d","TOI-663","Transit",1,5.2,1.92,482,NA,0.07,3681,0.512,0.514,12.9,4.05103895399306,18.4318564809227,0,0.0910248898173388
"TOI-6651 b","TOI-6651","Transit",1,61,5.09,1493,0.091,0.225,5940,1.721,1.323,817,2.55060525290734,38.7725218155478,0,0.348584821542302
"TOI-669 b","TOI-669","Transit",1,10,2.58606487,1124.85,0,0.001,5597,0.9882,0.9245,NA,3.18822173101328,22.0241073541245,0,0.254795811785086
"TOI-6695 b","TOI-6695","Transit",1,66.74396547,9.52763359,599,0.04,0.2,6400,1.517,1.338,NA,0.425523576019885,29.6436380710453,0,0.120831528800346
"TOI-674 b","TOI-674","Transit",1,23.6,5.25,635,0,0.17,3514,0.42,0.42,38.4,0.899292257855523,23.7462137332811,0,0.13000280233358
"TOI-6894 b","TOI-6894","Transit",1,53.39517238,9.5836785,417.9,0.029,0.142,3007,0.2276,0.207,5.54,0.334481456861609,26.4364357095584,0,0.0746949277762209
"TOI-7149 b","TOI-7149","Transit",1,224,13.2,593,0.078,-0.08,3363,0.351,0.344,20.6,0.537023123799983,46.1376070887816,0,0.119302983211474
"TOI-733 b","TOI-733","Transit",1,5.72,1.992,1055.8,0.046,-0.04,5585,0.949,0.956,207.1,3.99020113939087,18.97891453132,0,0.237204799633149
"TOI-757 b","TOI-757","Transit",1,10.5,2.5,641,0.39,-0.27,5278,0.78,0.8,NA,3.705408,22.9531697157495,0,0.131531347922452
"TOI-762 A b","TOI-762 A","Transit",1,79.77493016,8.33948164,555.4,0.083,0.357,3266,0.425,0.442,NA,0.758430908811634,34.6403052655394,0,0.109724097521209
"TOI-763 b","TOI-763","Transit",1,9.79,2.28,1038,0.04,0.01,5450,0.897,0.917,NA,4.55454411073853,23.2082260068702,0,0.232670114386162
"TOI-763 c","TOI-763","Transit",1,9.32,2.63,800,0.04,0.01,5450,0.897,0.917,NA,2.82498033279046,21.0837619748328,0,0.172037806027565
"TOI-771 b","TOI-771","Transit",1,2.47,1.36,543,0.055,-0.13,3370,0.232,0.22,14,5.41435827142276,15.0937462702468,0,0.106565103304206
"TOI-776 b","TOI-776","Transit",1,5,1.798,520,0.052,-0.21,3725,0.547,0.542,NA,4.74315922514452,18.677045687022,0,0.100705678546863
"TOI-776 c","TOI-776","Transit",1,6.9,2.047,420,0.089,-0.21,3725,0.547,0.542,NA,4.4357016210725,20.5628660617667,0,0.0752299187323262
"TOI-778 b","TOI-778","Transit",1,878,15.4,1561,0.21,0,6643,1.71,1.4,NA,1.32555916001691,84.5677780889926,0,0.365908338216187
"TOI-782 b","TOI-782","Transit",1,19.1,2.734,435,0.19,0.34,3370,0.413,0.397,5.91,5.15352750561295,29.6029813243849,0,0.0790512827045066
"TOI-815 b","TOI-815","Transit",1,7.6,2.94,686,0.2,-0.09,4869,0.77,0.776,36.9,1.64906723483507,18.0074058838764,0,0.142995439838993
"TOI-815 c","TOI-815","Transit",1,23.5,2.62,469,0.22,-0.09,4869,0.77,0.776,8.03,7.20494633001956,33.5429541184489,0,0.0877130410414491
"TOI-824 b","TOI-824","Transit",1,18.467,2.926,1253,NA,-0.092,4600,0.695,0.71,412,4.06480901969616,28.1370807121987,0,0.287442997987415
"TOI-836 b","TOI-836","Transit",1,4.53,1.704,871,0.053,-0.284,4552,0.665,0.678,78.838,5.04842829874839,18.2613267956638,0,0.190125595495886
"TOI-836 c","TOI-836","Transit",1,9.6,2.587,665,0.078,-0.284,4552,0.665,0.678,26.707,3.05737499020011,21.5752295369234,0,0.137645530277941
"TOI-837 b","TOI-837","Transit",1,120.45696625,9.16894621,995.3,NA,0.01,5995,1.052,1.142,164,0.861668879660086,40.5951612440509,0,0.221791964945354
"TOI-858 B b","TOI-858 B","Transit",1,349.6112477,14.06727078,1529,0.15,0.153,5842,1.308,1.081,908.9,0.692504526298295,55.8349070132547,0,0.357756095075536
"TOI-892 b","TOI-892","Transit",1,301.9385,11.99363,1397,0.125,0.24,6261,1.39,1.28,NA,0.965013334422827,56.1955525513408,0,0.324128092120347
"TOI-905 b","TOI-905","Transit",1,211.99261,13.125739,1192,0.024,0.14,5570,0.918,0.968,337,0.516911495979704,45.0107761121352,0,0.271902784500548
"TOI-908 b","TOI-908","Transit",1,16.137,3.186,1317,0.132,0.08,5626,1.028,0.95,80.884,2.75139058211834,25.206151163896,0,0.303747484268718
"TOI-954 b","TOI-954","Transit",1,55.30242,9.550068,1526,0.14,0.215,5710,1.892,1.201,1393,0.350099512604245,26.9517431268362,0,0.3569918222811
"TOI-969 b","TOI-969","Transit",1,9.1,2.765,941,NA,0.175,4435,0.671,0.734,188,2.37368315152947,20.3184769687374,0,0.207958627366061
"TYC 8998-760-1 c","TYC 8998-760-1","Imaging",1,1906.98,12.3299,1240,NA,NA,NA,NA,1,NA,5.60963025936024,139.287234161766,0,0.284131149211525
"TrES-5 b","TrES-5","Transit",1,568.9157,13.383546,1480,NA,0.2,5171,0.868,0.901,NA,1.30858245390247,73.0224473293418,0,0.345272972766413
"VHS J125601.92-125723.9 b","VHS J125601.92-125723.9","Imaging",1,5085.254512,13.67495645,1194,0.68,NA,NA,NA,NA,NA,10.9648223520747,215.978934150792,0,0.272412299696838
"WASP-10 b","WASP-10","Transit",1,1001.12,12.106,1370,NA,0.03,4675,0.698,0.75,NA,3.11136448908594,101.849935123456,0,0.317249636970423
"WASP-102 b","WASP-102","Transit",1,197.68926915,14.90794433,1671,0,-0.2,5990,1.375,1.08,1293,0.329000509604763,40.7850209221978,0,0.393931674012177
"WASP-103 b","WASP-103","Transit",1,473.547,17.127,2508,NA,0.06,6110,1.436,1.22,NA,0.519739779954091,58.8923546330647,0,0.607163783659848
"WASP-104 b","WASP-104","Transit",1,404.263,12.745,1516,0,0.32,5475,0.963,1.076,NA,1.07674096656119,63.0783173900097,0,0.354444246299646
"WASP-105 b","WASP-105","Transit",1,572.094,10.76064,900,0,0.28,5070,0.9,0.89,NA,2.53174434245079,81.6643797818206,0,0.197513565842101
"WASP-113 b","WASP-113","Transit",1,150.96925,15.793481,1496,0,0.1,5890,1.608,1.318,NA,0.211310789419985,34.6276756000515,0,0.349349094336739
"WASP-114 b","WASP-114","Transit",1,562.24127,15.008851,2043,0.012,0.14,5940,1.43,1.289,NA,0.916953144240652,68.5497160204053,0,0.488701500522253
"WASP-116 b","WASP-116","Transit",1,203.41018048,13.67495645,1414,0,0,6250,1.426,1.25,663,0.438592894082987,43.1957868301584,0,0.328458971288819
"WASP-118 b","WASP-118","Transit",1,163.36462,16.14096,1729,0,0.16,6410,1.696,1.32,NA,0.214208492513532,35.6313556021514,0,0.408707614704609
"WASP-119 b","WASP-119","Transit",1,390.9309,15.6926,1600,0.058,0.14,5650,1.2,1.02,NA,0.55780454242629,55.9011278118917,0,0.375843884543856
"WASP-120 b","WASP-120","Transit",1,1541.4755,16.510857,1880,0.057,-0.05,6450,1.87,1.393,NA,1.88840238494314,108.218504477206,0,0.447176012024559
"WASP-123 b","WASP-123","Transit",1,285.72917,14.773462,1520,0,0.18,5740,1.285,1.166,NA,0.488623672037631,49.2554365735635,0,0.355463276692227
"WASP-124 b","WASP-124","Transit",1,190.698,13.89916,1400,0.017,-0.02,6050,1.02,1.07,NA,0.391604106274152,41.485546414732,0,0.324892364914784
"WASP-129 b","WASP-129","Transit",1,317.83,10.42437,1100,0.096,0.15,5900,0.9,1,NA,1.5470779507127,61.843001244709,0,0.248465085471174
"WASP-130 b","WASP-130","Transit",1,390.9309,9.97601,833,0,0.26,5625,0.96,1.04,NA,2.17118151921253,70.1115525823198,0,0.180444806766362
"WASP-132 b","WASP-132","Transit",1,136.0305582,10.09929161,682,0.0163,0.15,4686,0.758,0.789,58.5,0.728166181498685,41.1046359916334,0,0.141976409446412
"WASP-132 c","WASP-132","Transit",1,6.26,1.841,1329,0,0.15,4686,0.758,0.789,791,5.53196889452704,20.6527693573835,0,0.306804575446463
"WASP-133 b","WASP-133","Transit",1,368.6828,13.56289,1790,0.17,0.29,5700,1.44,1.16,NA,0.814822326678924,58.394015592748,0,0.424247828191476
"WASP-136 b","WASP-136","Transit",1,479.9233,15.46842,1742,NA,-0.18,6260,2.21,1.41,NA,0.714991255412384,62.3851124844761,0,0.412019463480498
"WASP-138 b","WASP-138","Transit",1,387.7526,12.21781,1590,NA,-0.09,6272,1.36,1.22,NA,1.17230705615529,63.0955453481491,0,0.373296308562403
"WASP-139 b","WASP-139","Transit",1,37.18611,8.9672,910,0,0.2,5310,0.8,0.92,NA,0.284365524544073,22.8076200459771,0,0.200061141823555
"WASP-140 b","WASP-140","Transit",1,775.5052,16.14096,1320,0.047,0.12,5260,0.87,0.9,NA,1.01686521737941,77.6328802461961,0,0.304511757063154
"WASP-141 b","WASP-141","Transit",1,854.9627,13.56289,1540,0,0.29,5900,1.37,1.25,NA,1.88954487824681,88.9232827209733,0,0.360558428655135
"WASP-142 b","WASP-142","Transit",1,266.9772,17.14977,2000,0,0.26,6010,1.64,1.33,NA,0.291854259319062,44.1901992392196,0,0.477746923802002
"WASP-144 b","WASP-144","Transit",1,139.8452,9.52765,1260,0,0.18,5200,0.81,0.81,NA,0.891573068754117,42.9090507903348,0,0.289226301174432
"WASP-145 A b","WASP-145 A","Transit",1,282.8687,10.0881,1200,0,-0.04,4900,0.68,0.76,NA,1.51922997460804,59.3069760352792,0,0.273940845285711
"WASP-147 b","WASP-147","Transit",1,87.40325,12.498035,1404,0,0.092,5702,1.429,1.044,NA,0.246870464306056,29.6183557549711,0,0.325911395307365
"WASP-149 b","WASP-149","Transit",1,314.96795134,15.24421375,1855,0,0,5750,1.08,1.05,1966,0.490250492166337,50.9094834652256,0,0.440807072070925
"WASP-150 b","WASP-150","Transit",1,2688.8418,11.99363,1460,0.3775,0.156,6218,1.651,1.394,NA,8.59369769391276,167.697012089684,0,0.340177820803505
"WASP-153 b","WASP-153","Transit",1,123.9537,17.37395,1700,0.009,0.34,5914,1.73,1.336,1400,0.130325846568038,29.9156529577915,0,0.401319644358393
"WASP-154 b","WASP-154","Transit",1,198.96058278,10.76062147,994,0,0.2,4774,0.823,0.8,162,0.880484556841449,48.1595996168251,0,0.221460780067766
"WASP-155 b","WASP-155","Transit",1,276.8285425,13.45077684,1468,0,0,5660,1.24,1.09,771,0.627242570098755,50.8100675210904,0,0.342215881588668
"WASP-156 b","WASP-156","Transit",1,41.8,6.02802815,934.5,0,0.305,4987,0.8268,0.8712,NA,1.05224586633025,29.4929712649804,0,0.206302702978116
"WASP-158 b","WASP-158","Transit",1,886.7457,11.99363,1590,0,0.24,6350,1.39,1.38,NA,2.83409179267336,96.303538510034,0,0.373296308562403
"WASP-159 b","WASP-159","Transit",1,174.8065,15.46842,1850,0,0.22,6120,2.11,1.41,NA,0.260427278461464,37.6507674990627,0,0.439533284080198
"WASP-160 B b","WASP-160 B","Transit",1,88.35674,12.21781,1119,0,0.27,5298,0.868,0.87,NA,0.267132263615713,30.1190438679384,0,0.253305479835936
"WASP-161 b","WASP-161","Transit",1,791.3967,12.811887,1557,NA,0.16,6400,1.712,1.39,990,2.07501718621936,88.0255181952481,0,0.364889307823606
"WASP-162 b","WASP-162","Transit",1,1652.716,11.209,910,0.434,0.28,5300,1.11,0.95,NA,6.47089549184735,135.998370207444,0,0.200061141823555
"WASP-163 b","WASP-163","Transit",1,594.3421,13.473218,1638,NA,-0.34,5500,1.015,0.97,1200,1.33995201370349,74.3876093130719,0,0.38552467327338
"WASP-164 b","WASP-164","Transit",1,676.9779,12.643752,1610,0,-0.01,5806,0.932,0.946,NA,1.84677227783446,81.9534581363416,0,0.37839146052531
"WASP-165 b","WASP-165","Transit",1,209.13214,14.12334,1624,0,0.33,5599,1.75,1.248,NA,0.409331625811613,43.0982569713387,0,0.381958066899345
"WASP-166 b","WASP-166","Transit",1,32.10083,7.06167,1270,0,0.19,6050,1.22,1.19,440,0.502644306467755,23.87934687434,0,0.291773877155886
"WASP-167 b","WASP-167","Transit",1,2542.64,17.71022,2329,NA,0.1,7000,1.79,1.59,NA,2.52394431110199,134.19875354071,0,0.561562173591827
"WASP-168 b","WASP-168","Transit",1,133.4886,16.8135,1340,0,-0.01,6000,1.12,1.08,NA,0.154859037411731,31.5581145109936,0,0.309606909026062
"WASP-169 b","WASP-169","Transit",1,178.30263,14.616536,1604,0,0.06,6110,2.011,1.337,NA,0.314840888435713,39.1178220723572,0,0.376862914936438
"WASP-170 b","WASP-170","Transit",1,508.528,12.285064,1422,NA,0.22,5600,0.938,0.93,680,1.51233973320832,72.0587536712343,0,0.330497032073982
"WASP-171 b","WASP-171","Transit",1,344.52772,10.98482,1642,0,0.04,5965,1.637,1.171,NA,1.43321748320676,62.7239839897303,0,0.386543703665962
"WASP-172 b","WASP-172","Transit",1,149.3801,17.59813,1740,0,-0.1,6900,1.91,1.49,NA,0.151133222604518,32.6310564680862,0,0.411509948284208
"WASP-173 A b","WASP-173 A","Transit",1,1172.7927,13.4508,1880,0,0.16,5800,1.11,1.05,NA,2.65731886183635,104.581433903179,0,0.447176012024559
"WASP-174 b","WASP-174","Transit",1,104.88337431,16.10730527,1528,0,0.06,6399,1.347,1.24,901.9,0.138390011024704,28.5798472550732,0,0.35750133747739
"WASP-175 b","WASP-175","Transit",1,314.6517,13.540472,1571,0,0.15,6229,1.204,1.212,NA,0.698868448335522,53.9903524040575,0,0.368455914197641
"WASP-176 b","WASP-176","Transit",1,271.74465,16.869545,1721,0,0.164,5941,1.925,1.345,NA,0.312117167589647,44.9517743940642,0,0.406669553919446
"WASP-177 b","WASP-177","Transit",1,161.45764,17.71022,1142,NA,0.25,5017,0.885,0.876,NA,0.160270463754976,33.8170208060142,0,0.25916490459328
"WASP-178 b","WASP-178","Transit",1,527.5978,20.28829,2470,0,0.21,9360,1.67,2.07,NA,0.34836410991211,57.1145538457047,0,0.597482994930324
"WASP-18 b","WASP-18","Transit",1,3241.8497514,13.89913607,2429,0.0051,0.107,6432,1.319,1.294,5805,6.65727082481569,171.04900839112,0,0.587037933406364
"WASP-180 A b","WASP-180 A","Transit",1,286.047,13.89916,1540,0,0.1,6600,1.19,1.3,NA,0.587406159411228,50.8092102083208,0,0.360558428655135
"WASP-181 b","WASP-181","Transit",1,95.03117,13.271456,1186,NA,0.09,5839,0.965,1.04,NA,0.224169809801824,29.9703472568062,0,0.270374238911676
"WASP-182 b","WASP-182","Transit",1,47.03884,9.52765,1479,0,0.27,5638,1.34,1.076,NA,0.299892759490021,24.8859043107317,0,0.345018215168267
"WASP-183 b","WASP-183","Transit",1,159.55066,16.47723,1111,NA,-0.31,5313,0.871,0.784,NA,0.196658514847558,34.8518008106617,0,0.251267419050773
"WASP-184 b","WASP-184","Transit",1,181.1631,14.90797,1480,0,0.12,6000,1.65,1.23,NA,0.301495597554916,39.0430412315125,0,0.345272972766413
"WASP-185 b","WASP-185","Transit",1,311.4734,14.01125,1160,0.24,-0.02,5900,1.5,1.12,NA,0.624391638844102,52.8068258482665,0,0.263750541359896
"WASP-188 b","WASP-188","Transit",1,458.6263913,14.81827249,1666,0,0,6850,1.83,1.5,1278,0.777200504825967,62.3087093504183,0,0.392657886021451
"WASP-189 b","WASP-189","Transit",1,632.47852993,18.14733975,3353,0,0.29,8000,2.36,2.03,NA,0.583544041876868,66.1202415443001,0,0.822433954092681
"WASP-19 b","WASP-19","Transit",1,366.77398168,15.86070769,2113,0.0126,0.04,5616,1.006,0.965,3320,0.506871179448353,53.8587168053778,0,0.506534532392429
"WASP-190 b","WASP-190","Transit",1,317.83,12.89035,1500,0,-0.02,6400,1.6,1.35,NA,0.818215158511656,55.61386929571,0,0.35036812472932
"WASP-192 b","WASP-192","Transit",1,731.009,13.78707,1620,0,0.14,5910,1.32,1.09,NA,1.53806094264837,81.5536483684737,0,0.380939036506764
"WASP-193 b","WASP-193","Transit",1,44.17814857,16.40994774,1254,0.056,-0.06,6078,1.239,1.059,413,0.0551255174636459,18.3767276669809,0,0.28769775558556
"WASP-194 b","WASP-194","Transit",1,373.13054982,15.47960235,1693,0,0,6405,1.409,1.29,1365,0.55468723256535,54.9880763086136,0,0.399536341171375
"WASP-195 b","WASP-195","Transit",1,33.05415433,10.31226224,1522,0,0,6300,1.578,1.3,890,0.16619997976631,20.0518327535214,0,0.355972791888518
"WASP-197 b","WASP-197","Transit",1,403.32424848,14.44837612,1665,0,0,6050,2.112,1.36,1276,0.737333521968936,59.1746461948151,0,0.392403128423305
"WASP-2 b","WASP-2","Transit",1,295.89973,12.116929,1311,NA,0.12,5180,0.866,0.895,492,0.917135789485893,55.3469923497697,0,0.302218938679846
"WASP-20 b","WASP-20","Transit",1,98.841,16.388,1379,0,-0.008,5940,1.392,1.2,NA,0.123830043802825,27.5057575351707,0,0.319542455353731
"WASP-33 b","WASP-33","Transit",1,665.21819,17.855937,2781.7,NA,NA,7430,1.444,1.495,NA,0.644292303008023,68.3610552898291,0,0.676890938272234
"WASP-36 b","WASP-36","Transit",1,750.39663,14.874343,1733,NA,-0.26,5959,0.985,1.081,NA,1.25731547439203,79.550802321053,0,0.40972664509719
"WASP-39 b","WASP-39","Transit",1,89.31023,14.336311,1166,NA,0.01,5485,0.939,0.913,NA,0.167130506232174,27.9543835571312,0,0.265279086948768
"WASP-42 b","WASP-42","Transit",1,167.49641,12.576498,1021,NA,0.29,5315,0.892,0.951,NA,0.464294016297598,40.8734137175539,0,0.22833923521769
"WASP-44 b","WASP-44","Transit",1,276.5121,12.3299,1337,NA,-0.003,5420,0.906,0.935,533,0.813396387607235,53.0389985959674,0,0.308842636231626
"WASP-45 b","WASP-45","Transit",1,306.38812,10.603714,1153,NA,-0.03,5150,0.855,0.85,294,1.4169830879732,60.2039492234248,0,0.261967238172878
"WASP-46 b","WASP-46","Transit",1,607.0553,13.159366,1636,NA,-0.3,5600,0.858,0.828,NA,1.46889285618484,76.0702191137791,0,0.38501515807709
"WASP-5 b","WASP-5","Transit",1,502.15,12.184,1706,0.038,0.09,5700,1.029,0.96,NA,1.53084266566367,71.9018079983668,0,0.402848189947265
"WASP-50 b","WASP-50","Transit",1,466.828704,13.069694,1394.84,NA,NA,5400,0.843,0.892,NA,1.1529966746806,66.9366677961158,0,0.323577815708353
"WASP-52 b","WASP-52","Transit",1,146.2,14.24,1315,0,0.03,5000,0.79,0.87,NA,0.279179912299335,35.8869636122,0,0.303237969072428
"WASP-53 b","WASP-53","Transit",1,677.61356,12.038466,1053,0.03,0.22,4953,0.798,0.839,NA,2.14158540492729,84.0278964420065,0,0.236491478358342
"WASP-57 b","WASP-57","Transit",1,204.68252,11.76945,1338,NA,-0.25,5600,0.927,0.886,NA,0.692275580266244,46.7068217758866,0,0.309097393829771
"WASP-59 b","WASP-59","Transit",1,274.276,8.687,670,0.1,-0.15,4650,0.613,0.719,NA,2.30698677227506,62.9327943088222,0,0.138919318268667
"WASP-64 b","WASP-64","Transit",1,403.945,14.247,1689,0,-0.08,5400,1.058,1.004,NA,0.77022697717203,59.6372252733963,0,0.398517310778794
"WASP-65 b","WASP-65","Transit",1,492.62,12.464,1480,0,-0.07,5600,1.01,0.93,NA,1.40283463792757,70.4117798523578,0,0.345272972766413
"WASP-69 b","WASP-69","Transit",1,82.58,11.21,971,0,0.35,4792,0.801,0.83,NA,0.323239780010764,30.3985351072004,0,0.215601355310422
"WASP-7 b","WASP-7","Transit",1,305.1168,14.90797,1487,NA,0,6400,1.432,1.276,NA,0.507782059039859,50.6689410707433,0,0.34705627595343
"WASP-70 A b","WASP-70 A","Transit",1,187.512,13.047,1387,0,-0.006,5763,1.215,1.106,NA,0.465547330432652,42.459729639588,0,0.321580516138894
"WASP-75 b","WASP-75","Transit",1,340.06,14.235,1710,0,0.07,6100,1.26,1.14,NA,0.650054692737575,54.7415464617784,0,0.403867220339847
"WASP-76 b","WASP-76","Transit",1,284.13859586,20.78145022,2228,0,0.366,6329,1.756,1.458,4104,0.174569930100599,41.4138124161871,0,0.535831656179146
"WASP-79 b","WASP-79","Transit",1,270.15414595,17.14974047,1716.2,0,0.03,6600,1.51,1.39,NA,0.295328760133526,44.4523847874927,0,0.405446717448348
"WASP-80 b","WASP-80","Transit",1,170.99254,11.197791,825,0.002,-0.13,4143,0.586,0.577,NA,0.671501292856553,43.7663597416392,0,0.178406745981199
"WASP-81 b","WASP-81","Transit",1,231.69807,16.017661,1623,0.066,-0.36,5870,1.283,1.08,NA,0.31087935637382,42.59706550916,0,0.3817033093012
"WASP-83 b","WASP-83","Transit",1,95.349,11.65736,1120,0,0.29,5510,1.05,1.11,NA,0.331880915168789,32.031405082535,0,0.253560237434081
"WASP-84 b","WASP-84","Transit",1,220,10.72,732,NA,NA,NA,0.768,0.853,NA,0.984702604293081,50.7378395106547,0,0.15471428935368
"WASP-84 c","WASP-84","Transit",1,15.2,1.95,1329,NA,NA,NA,0.768,0.853,NA,11.3033328275932,31.2696133322547,0,0.306804575446463
"WASP-89 b","WASP-89","Transit",1,1875.197,11.65736,1120,0.193,0.15,5130,0.88,0.92,NA,6.52699133165284,142.050042569659,0,0.253560237434081
"WASP-90 b","WASP-90","Transit",1,200.2329,18.27067,1840,0,0.11,6430,1.98,1.55,NA,0.181025092644962,37.0773344589784,0,0.436985708098744
"WASP-91 b","WASP-91","Transit",1,425.8922,11.54527,1160,0,0.19,4920,0.86,0.84,NA,1.52599870976913,68.0245721440331,0,0.263750541359896
"WASP-92 b","WASP-92","Transit",1,255.85315,16.376349,1871,0,0,6280,1.341,1.19,NA,0.321222734430052,44.2695252152802,0,0.44488319364125
"WASP-93 b","WASP-93","Transit",1,467.2101,17.900773,1942,0,0.07,6700,1.524,1.334,NA,0.449121275316541,57.2187335785567,0,0.462970983109571
"WASP-96 b","WASP-96","Transit",1,152.55,13.45,1285,0,0.14,5540,1.05,1.06,NA,0.345710142183124,37.71924459264,0,0.295595241128067
"WASP-98 b","WASP-98","Transit",1,293.03926,12.823096,1171,NA,-0.49,5473,0.741,0.809,NA,0.766326580980774,53.5407536781395,0,0.266552874939495
"WD 1856+534 b","WD 1856+534","Transit",1,4386.054,10.4,163,0,NA,4710,0.0131,0.518,0.181,21.5001117966261,230.005563009647,0,0.00975721600896743
"WISEP J121756.91+162640.2 A b","WISEP J121756.91+162640.2 A","Imaging",1,6992,10.468,450,NA,NA,575,0.091,0.029,NA,33.6106599118148,289.458878757247,0,0.0828726466766871
"WTS-1 b","WTS-1","Transit",1,1274.44,16.7,1500,0.1,-0.5,6250,1.15,1.2,NA,1.50881760305986,97.8406848747824,0,0.35036812472932
"WTS-2 b","WTS-2","Transit",1,355.9696,15.277867,2000,0,0.2,5000,0.752,0.82,NA,0.550416567097757,54.0621253863394,0,0.477746923802002
"Wendelstein-1 b","Wendelstein-1","Transit",1,188.15536,11.5609626,2198,0.012,NA,4251,0.61,0.65,NA,0.671430967400272,45.1834430593288,0,0.528188928234785
"Wendelstein-2 b","Wendelstein-2","Transit",1,232.33373,12.9934728,2470,0.057,NA,4591,0.66,0.73,NA,0.583987164389677,47.3599826140367,0,0.597482994930324
"Wolf 327 b","Wolf 327","Transit",1,2.53,1.24,996,0,-0.17,3542,0.406,0.405,233.9,7.31681757913464,15.9980643990493,0,0.221970295264056
"Wolf 503 b","Wolf 503","Transit",1,6.27,2.043,789,0.409,-0.47,4716,0.689,0.688,64.7,4.05442436132196,19.6208406088213,0,0.169235472447966
"XO-5 b","XO-5","Transit",1,378.2,12.78,1230,0,0.05,5430,1.13,1.04,NA,0.999069555110334,60.9274999519202,0,0.281583573230072
"XO-6 b","XO-6","Transit",1,1398.452,23.20263,1577,0,-0.07,6720,1.93,1.47,NA,0.617309104501249,86.9507230031195,0,0.369984459786513
"XO-7 b","XO-7","Transit",1,225.34147,15.389957,1743,0.038,0.432,6250,1.48,1.405,1540,0.340875403982789,42.8568138819607,0,0.412274221078644
"Earth","Sun","Transit",1,365.256,1,255,0.0167,0,5778,0.0892,0.00315,NA,2014.021584,214.050724455677,1,0.033194915038341
