"pl_name","hostname","discoverymethod","default_flag","pl_eqt","pl_insol","pl_eqt_est","pl_orbeccen","st_met","st_teff","st_rad","st_mass","T_used","can_hold_water_temp","WRI_temp_prob"
"1RXS J160929.1-210524 b","1RXS J160929.1-210524","Imaging",1,1700,NA,1700,NA,NA,4060,NA,0.85,1700,0,2.58420845343183e-09
"2M0437 b","2MASS J04372171+2651014","Imaging",1,1450,NA,1450,NA,0.01,3100,0.84,0.17,1450,0,8.71155472498925e-08
"2MASS J03590986+2009361 b","2MASS J03590986+2009361","Imaging",1,2369,NA,2369,NA,NA,NA,NA,NA,2369,0,2.10872496472383e-13
"2MASS J11011926-7732383 b","2MASS J11011926-7732383","Imaging",1,2677,NA,2677,NA,NA,NA,NA,NA,2677,0,2.76572861271913e-15
"2MASS J11550485-7919108 b","2MASS J11550485-7919108","Imaging",1,2506,NA,2506,NA,NA,NA,NA,NA,2506,0,3.06763006998716e-14
"2MASS J12073346-3932539 b","2MASS J12073346-3932539","Imaging",1,1250,NA,1250,NA,NA,NA,NA,0.024,1250,0,1.45314718970977e-06
"2MASS J21252752-8138278 b","2MASS J21252752-8138278","Imaging",1,1616,NA,1616,NA,NA,NA,NA,NA,1616,0,8.42670213888902e-09
"51 Eri b","51 Eri","Imaging",1,700,NA,700,NA,-0.027,NA,NA,1.75,700,0,0.00332623724249351
"AU Mic b","AU Mic","Transit",1,600,21.2,600,0.00577,0.23,3678,0.744,0.51,600,0,0.0134470756967497
"AU Mic c","AU Mic","Transit",1,459,7.3,459,0.00338,0.23,3678,0.744,0.51,459,0,0.0901826362091846
"BD+05 4868 A b","BD+05 4868 A","Transit",1,1820,NA,1820,NA,-0.05,4596,0.69,0.7,1820,0,4.77527982185041e-10
"BD+60 1417 b","BD+60 1417","Imaging",1,1303,NA,1303,NA,NA,4993,0.797,1,1303,0,6.89323504837154e-07
"BD-14 3065 b","BD-14 3065 A","Transit",1,2001,NA,2001,0.066,-0.34,6935,2.35,1.41,2001,0,3.74019870565204e-11
"BD-210397 b","BD-210397","Radial Velocity",1,NA,0.02,104.732796142456,0.1,0.12,4051,0.747,0.679,104.732796142456,0,0.935449582011787
"Barnard b","Barnard's star","Radial Velocity",1,438,NA,438,0.03,-0.56,3195,0.185,0.162,438,0,0.117542525349302
"Barnard c","Barnard's star","Radial Velocity",1,400,NA,400,0.08,-0.56,3195,0.185,0.162,400,0,0.185245879776266
"Barnard d","Barnard's star","Radial Velocity",1,483,NA,483,0.04,-0.56,3195,0.185,0.162,483,0,0.0660434332310213
"Barnard e","Barnard's star","Radial Velocity",1,340,NA,340,0.04,-0.56,3195,0.185,0.162,340,1,0.345941646306859
"CD Cet b","CD Cet","Radial Velocity",1,464,8.6,464,NA,0.13,3130,0.175,0.161,464,0,0.0845739489831532
"CFBDSIR J145829+101343 b","CFBDSIR J145829+101343","Imaging",1,370,NA,370,NA,NA,580.5,NA,0.021,370,0,0.257488288040695
"CFHTWIR-Oph 98 b","CFHTWIR-Oph 98 A","Imaging",1,1800,NA,1800,NA,NA,2320,0.245,0.0147,1800,0,6.3273269824649e-10
"CT Cha b","CT Cha","Imaging",1,2600,NA,2600,NA,NA,NA,NA,NA,2600,0,8.17263601039609e-15
"CoRoT-1 b","CoRoT-1","Transit",1,1898,NA,1898,0,-0.3,5950,1.11,0.95,1898,0,1.59343795888429e-10
"CoRoT-10 b","CoRoT-10","Transit",1,600,NA,600,0.53,0.26,5075,0.79,0.89,600,0,0.0134470756967497
"CoRoT-11 b","CoRoT-11","Transit",1,1657,NA,1657,0,-0.03,6440,1.37,1.27,1657,0,4.73264213460021e-09
"CoRoT-12 b","CoRoT-12","Transit",1,1442,NA,1442,0.07,0.16,5675,1.116,1.078,1442,0,9.74954270380678e-08
"CoRoT-13 b","CoRoT-13","Transit",1,1700,NA,1700,0,0.01,5945,1.01,1.09,1700,0,2.58420845343183e-09
"CoRoT-14 b","CoRoT-14","Transit",1,1952,NA,1952,0,0.05,6035,1.21,1.13,1952,0,7.45310492931254e-11
"CoRoT-17 b","CoRoT-17","Transit",1,1626,NA,1626,0,0,5740,1.59,1.04,1626,0,7.32060403722529e-09
"CoRoT-18 b","CoRoT-18","Transit",1,1550,NA,1550,0.08,-0.1,5440,1,0.95,1550,0,2.13298809993594e-08
"CoRoT-19 b","CoRoT-19","Transit",1,2000,NA,2000,0.047,-0.02,6090,1.65,1.21,2000,0,3.79320005550161e-11
"CoRoT-22 b","CoRoT-22","Transit",1,885,NA,885,0.077,0.17,5939,1.136,1.099,885,0,0.000247027020265475
"CoRoT-23 b","CoRoT-23","Transit",1,1660,NA,1660,0.16,0.05,5900,1.61,1.14,1660,0,4.5370174335226e-09
"CoRoT-24 b","CoRoT-24","Transit",1,1070,NA,1070,0,0.3,4950,0.86,0.91,1070,0,1.82934395672616e-05
"CoRoT-24 c","CoRoT-24","Transit",1,850,NA,850,0,0.3,4950,0.86,0.91,850,0,0.000404169683433244
"CoRoT-25 b","CoRoT-25","Transit",1,1330,NA,1330,0,-0.01,6040,1.19,1.09,1330,0,4.71437603619081e-07
"CoRoT-26 b","CoRoT-26","Transit",1,1600,NA,1600,0,0.01,5590,1.79,1.09,1600,0,1.05544305029626e-08
"CoRoT-27 b","CoRoT-27","Transit",1,1500,NA,1500,0.065,-0.1,5900,1.08,1.05,1500,0,4.31064298840213e-08
"CoRoT-32 b","CoRoT-32","Transit",1,938,132.26,938,NA,0,5970,0.79,1.08,938,0,0.000117196327911232
"CoRoT-35 b","CoRoT-35","Transit",1,1747,NA,1747,0,-0.5,6390,1.65,1.01,1747,0,1.33385041638541e-09
"CoRoT-36 b","CoRoT-36","Transit",1,1567,NA,1567,0,-0.1,6730,1.52,1.32,1567,0,1.67919139245858e-08
"CoRoT-4 b","CoRoT-4","Transit",1,1074,NA,1074,0,NA,6190,1.17,1.16,1074,0,1.72922503418585e-05
"CoRoT-5 b","CoRoT-5","Transit",1,1438,NA,1438,0.09,-0.25,6100,1.186,1,1438,0,1.03140334135719e-07
"CoRoT-6 b","CoRoT-6","Transit",1,1017,NA,1017,0.1,-0.2,6090,1.025,1.05,1017,0,3.85632313016909e-05
"CoRoT-9 b","CoRoT-9","Transit",1,420,NA,420,0.133,-0.01,5625,0.96,0.96,420,0,0.146461550784856
"DMPP-1 b","DMPP-1","Radial Velocity",1,877,NA,877,0.083,NA,6196,1.26,1.21,877,0,0.000276452332408087
"DMPP-1 c","DMPP-1","Radial Velocity",1,1239,NA,1239,0.057,NA,6196,1.26,1.21,1239,0,1.69641185929442e-06
"DMPP-1 d","DMPP-1","Radial Velocity",1,1632,NA,1632,0.07,NA,6196,1.26,1.21,1632,0,6.72791477353194e-09
"DMPP-1 e","DMPP-1","Radial Velocity",1,1314,NA,1314,0.07,NA,6196,1.26,1.21,1314,0,5.90474750401446e-07
"DMPP-2 b","DMPP-2","Radial Velocity",1,1000,NA,1000,0.078,NA,6500,1.78,1.44,1000,0,4.89843248274485e-05
"DMPP-3 A b","DMPP-3 A","Radial Velocity",1,854,NA,854,0.14,0.18,5138,0.91,0.87,854,0,0.000382057782292156
"DS Tuc A b","DS Tuc A","Transit",1,850,NA,850,0,0,5428,0.964,1.01,850,0,0.000404169683433244
"EPIC 201595106 b","EPIC 201595106","Transit",1,2038,2852,2038,0,0.01,5679,0.98,0.958,2038,0,2.22220943645859e-11
"EPIC 205950854 c","K2-168","Transit",1,960.6,NA,960.6,NA,NA,5502.7,0.83,0.877,960.6,0,8.52741948044036e-05
"EPIC 211822797 b","EPIC 211822797","Transit",1,431,NA,431,NA,0.2,4057,0.58,0.62,431,0,0.128150489053022
"EPIC 211945201 b","EPIC 211945201","Transit",1,817,NA,817,NA,0.1,6069,1.39,1.17,817,0,0.000642873330851807
"EPIC 212297394 b","EPIC 212297394","Transit",1,1149,NA,1149,NA,-0.03,5171,0.8,0.83,1149,0,6.01902242366399e-06
"EPIC 212297394 c","EPIC 212297394","Transit",1,866,NA,866,NA,-0.03,5171,0.8,0.83,866,0,0.000322717085731005
"EPIC 212587672 b","EPIC 212587672","Transit",1,756,NA,756,NA,-0.18,6004,0.98,0.99,756,0,0.00151537984735342
"EPIC 212587672 c","EPIC 212587672","Transit",1,658,NA,658,NA,-0.18,6004,0.98,0.99,658,0,0.00599040004950781
"EPIC 212737443 b","EPIC 212737443","Transit",1,536,NA,536,0.2,-0.137,4684,0.673,0.69,536,0,0.0324554100177535
"EPIC 212737443 c","EPIC 212737443","Transit",1,316,NA,316,0.2,-0.137,4684,0.673,0.69,316,1,0.425749122842487
"EPIC 220674823 b","EPIC 220674823","Transit",1,2299,4656,2299,0,-0.005,5578,0.99,0.913,2299,0,5.64670403386537e-13
"EPIC 220674823 c","EPIC 220674823","Transit",1,804,70,804,0.17,-0.005,5578,0.99,0.913,804,0,0.000771815179737166
"EPIC 229004835 b","EPIC 229004835","Transit",1,804,69.7,804,0.23,-0.12,5868,0.999,0.97,804,0,0.000771815179737166
"EPIC 246851721 b","EPIC 246851721","Transit",1,1401,642,1401,NA,0.141,6202,1.586,1.317,1401,0,1.7359539147509e-07
"EPIC 248847494 b","EPIC 248847494","Transit",1,183,0.19,183,0,-0.23,4898,2.7,0.9,183,0,0.828105850495064
"EPIC 249893012 b","EPIC 249893012","Transit",1,1616,1037,1616,0.06,0.2,5430,1.71,1.05,1616,0,8.42670213888902e-09
"EPIC 249893012 c","EPIC 249893012","Transit",1,990,160,990,0.07,0.2,5430,1.71,1.05,990,0,5.63851368170659e-05
"EPIC 249893012 d","EPIC 249893012","Transit",1,752,53,752,0.15,0.2,5430,1.71,1.05,752,0,0.0016029784910254
"FU Tau b","FU Tau","Imaging",1,2375,NA,2375,NA,NA,2838,NA,0.05,2375,0,1.93799879940644e-13
"G 192-15 b","G 192-15","Radial Velocity",1,453.6,7.06,453.6,0,NA,NA,NA,0.132,453.6,0,0.096614359836122
"G 192-15 c","G 192-15","Radial Velocity",1,55.9,0.0016,55.9,0.676,NA,NA,NA,0.132,55.9,0,0.966454122893493
"G 196-3 b","G 196-3","Imaging",1,1670,NA,1670,NA,NA,NA,NA,NA,1670,0,3.94148358117098e-09
"G 261-6 b","G 261-6","Radial Velocity",1,322.3,1.8,322.3,0,NA,NA,NA,0.118,322.3,1,0.404231345190871
"G 264-012 b","G 264-012","Radial Velocity",1,587,20.5,587,NA,0.1,3326,0.305,0.297,587,0,0.0161027902076687
"G 264-012 c","G 264-012","Radial Velocity",1,387,3.87,387,NA,0.1,3326,0.305,0.297,387,0,0.214455321480623
"G 268-110 b","G 268-110","Radial Velocity",1,534,13.57,534,0,NA,NA,NA,0.137,534,0,0.0333508665349082
"G 9-40 b","G 9-40","Transit",1,440.6,6.27,440.6,0,-0.07,3395,0.3026,0.2952,440.6,0,0.113800447198807
"GJ 1002 b","GJ 1002","Radial Velocity",1,230.9,0.67,230.9,NA,-0.25,3024,0.137,0.12,230.9,1,0.710589440819389
"GJ 1002 c","GJ 1002","Radial Velocity",1,181.7,0.257,181.7,NA,-0.25,3024,0.137,0.12,181.7,0,0.83069413842673
"GJ 1061 b","GJ 1061","Radial Velocity",1,NA,3.8,388.840147019481,0.31,-0.08,2953,0.156,0.12,388.840147019481,0,0.210125499153543
"GJ 1061 c","GJ 1061","Radial Velocity",1,NA,1.4,302.940409703532,0.29,-0.08,2953,0.156,0.12,302.940409703532,1,0.4711692274336
"GJ 1061 d","GJ 1061","Radial Velocity",1,NA,0.6,245.11111869696,0.53,-0.08,2953,0.156,0.12,245.11111869696,1,0.667806340128365
"GJ 1132 b","GJ 1132","Transit",1,583.8,19.3,583.8,0.0118,-0.17,3229,0.2211,0.1945,583.8,0,0.0168319562041178
"GJ 1132 c","GJ 1132","Radial Velocity",1,300,NA,300,0.27,NA,3270,0.2105,0.181,300,1,0.481489495237934
"GJ 1214 b","GJ 1214","Transit",1,567,17.2,567,0.0062,0.24,3101,0.2162,0.182,567,0,0.021225384023903
"GJ 1289 b","GJ 1289","Radial Velocity",1,150,NA,150,0,0.02,3296,NA,0.21,150,0,0.884588018426184
"GJ 143 b","GJ 143","Transit",1,422,NA,422,0.188,0.003,4640,0.695,0.73,422,0,0.142978323407121
"GJ 238 b","GJ 238","Transit",1,758,NA,758,NA,0.15,3485,0.4314,0.4193,758,0,0.00147338968626015
"GJ 251 b","GJ 251","Radial Velocity",1,351,2.53,351,0.1,-0.03,3451,0.364,0.36,351,0,0.311801536243815
"GJ 273 b","GJ 273","Radial Velocity",1,NA,1.06,282.586666157972,0.1,0.09,3382,0.293,0.29,282.586666157972,1,0.54263415992626
"GJ 273 c","GJ 273","Radial Velocity",1,NA,6.66,447.397709966315,0.17,0.09,3382,0.293,0.29,447.397709966315,0,0.104504404920225
"GJ 3021 b","GJ 3021","Radial Velocity",1,350,NA,350,0.511,0.1,5540,0.9,0.9,350,1,0.314828934247803
"GJ 3090 b","GJ 3090","Transit",1,693,NA,693,0.32,-0.06,3556,0.516,0.519,693,0,0.00366928313322662
"GJ 3138 b","GJ 3138","Radial Velocity",1,NA,118.1,918.095109311324,0.19,-0.3,3717,0.5,0.681,918.095109311324,0,0.00015507357007543
"GJ 3138 c","GJ 3138","Radial Velocity",1,NA,13.9,537.748118552448,0.11,-0.3,3717,0.5,0.681,537.748118552448,0,0.0316917953907905
"GJ 3138 d","GJ 3138","Radial Velocity",1,NA,0.1,156.612059065512,0.32,-0.3,3717,0.5,0.681,156.612059065512,0,0.874744239133279
"GJ 3293 b","GJ 3293","Radial Velocity",1,NA,1.07,283.250799213004,0.06,0.02,3466,0.404,0.42,283.250799213004,1,0.540313940851875
"GJ 3293 c","GJ 3293","Radial Velocity",1,NA,0.17,178.828786639781,0.11,0.02,3466,0.404,0.42,178.828786639781,0,0.836300607727985
"GJ 3293 d","GJ 3293","Radial Velocity",1,NA,0.59,244.083376488982,0.12,0.02,3466,0.404,0.42,244.083376488982,1,0.671006701399238
"GJ 3293 e","GJ 3293","Radial Velocity",1,NA,3.34,376.497256783759,0.21,0.02,3466,0.404,0.42,376.497256783759,0,0.240399771220452
"GJ 3323 b","GJ 3323","Radial Velocity",1,NA,2.58,352.963767174743,0.23,-0.27,3159,0.119,0.164,352.963767174743,0,0.30590312667051
"GJ 3323 c","GJ 3323","Radial Velocity",1,NA,0.17,178.828786639781,0.17,-0.27,3159,0.119,0.164,178.828786639781,0,0.836300607727985
"GJ 341 b","GJ 341","Transit",1,NA,13.8,536.778325393347,0,-0.16,3770,0.5066,0.48,536.778325393347,0,0.0321132494567701
"GJ 3470 b","GJ 3470","Radial Velocity",1,593.5,NA,593.5,NA,0.2,3600,0.547,0.539,593.5,0,0.0147160362181692
"GJ 3473 b","GJ 3473","Transit",1,773,59.4,773,0,0.11,3347,0.364,0.36,773,0,0.00119336504085271
"GJ 3473 c","GJ 3473","Radial Velocity",1,329.1,1.95,329.1,0,0.11,3347,0.364,0.36,329.1,1,0.38141427140893
"GJ 357 b","GJ 357","Transit",1,518,NA,518,NA,-0.12,3505,0.337,0.342,518,0,0.0414230799457706
"GJ 357 c","GJ 357","Radial Velocity",1,401.2,4.45,401.2,NA,-0.12,3505,0.337,0.342,401.2,0,0.182710884409772
"GJ 357 d","GJ 357","Radial Velocity",1,219.6,0.38,219.6,NA,-0.12,3505,0.337,0.342,219.6,1,0.742165396324176
"GJ 367 b","GJ 367","Transit",1,1365,579,1365,0.06,-0.01,3522,0.458,0.455,1365,0,2.88095687453446e-07
"GJ 3929 b","GJ 3929","Transit",1,568,17.3,568,0,-0.02,3384,0.32,0.313,568,0,0.0209350163556843
"GJ 3929 c","GJ 3929","Radial Velocity",1,317,1.68,317,0,-0.02,3384,0.32,0.313,317,1,0.422312531507065
"GJ 393 b","GJ 393","Radial Velocity",1,485,9.21,485,NA,-0.09,3579,0.426,0.426,485,0,0.0643286099052908
"GJ 3942 b","GJ 3942","Radial Velocity",1,590,NA,590,0.121,-0.04,3867,0.61,0.63,590,0,0.0154474601936914
"GJ 3988 b","GJ 3988","Radial Velocity",1,348,2.45,348,0,-0.12,3273,0.19734,0.1842,348,1,0.320931002740892
"GJ 3998 b","GJ 3998","Radial Velocity",1,NA,48,733.053225214538,0,-0.13,3726,0.5,0.52,733.053225214538,0,0.00209170371968174
"GJ 3998 c","GJ 3998","Radial Velocity",1,NA,5.4,424.544911083181,0,-0.13,3726,0.5,0.52,424.544911083181,0,0.13864616150348
"GJ 3998 d","GJ 3998","Radial Velocity",1,NA,1.2,291.487886320701,0,-0.13,3726,0.5,0.52,291.487886320701,1,0.511423095055111
"GJ 414 A b","GJ 414 A","Radial Velocity",1,308.6,NA,308.6,0.45,0.24,4120,0.68,0.65,308.6,1,0.451381913522783
"GJ 414 A c","GJ 414 A","Radial Velocity",1,124.7,NA,124.7,0.105,0.24,4120,0.68,0.65,124.7,0,0.91626256559664
"GJ 486 b","GJ 486","Radial Velocity",1,696.3,39.2,696.3,0.00086,-0.15,3317,0.3243,0.312,696.3,0,0.00350337797903229
"GJ 504 b","GJ 504","Imaging",1,510,NA,510,NA,0.28,6234,NA,1.22,510,0,0.0461309864021509
"GJ 514 b","GJ 514","Radial Velocity",1,202,0.28,202,0.45,-0.14,3728,0.5,0.51,202,1,0.786659845412861
"GJ 720 A b","GJ 720 A","Radial Velocity",1,401,NA,401,0.12,-0.14,3837,0.56,0.57,401,0,0.18313150540629
"GJ 724 b","GJ 724","Radial Velocity",1,611,23.32,611,0.577,-0.02,3799,0.52226,0.5271,611,0,0.011541023147981
"GJ 740 b","GJ 740","Radial Velocity",1,829,79,829,0.24,0.08,3913,0.56,0.58,829,0,0.000543045123935886
"GJ 806 b","GJ 806","Transit",1,940,130,940,NA,-0.28,3600,0.4144,0.413,940,0,0.000113944474902573
"GJ 806 c","GJ 806","Radial Velocity",1,490,9.5,490,NA,-0.28,3600,0.4144,0.413,490,0,0.0602214204466203
"GJ 887 b","GJ 887","Radial Velocity",1,468,7.95,468,0,-0.06,3688,0.4712,0.489,468,0,0.0803169544065665
"GJ 887 c","GJ 887","Radial Velocity",1,352,2.56,352,NA,-0.06,3688,0.4712,0.489,352,0,0.308790129879821
"GJ 9689 b","GJ 9689","Radial Velocity",1,453.04,NA,453.04,0.29,0.05,3836,0.57,0.59,453.04,0,0.0973043079584093
"GJ 9827 b","GJ 9827","Transit",1,1035.01,NA,1035.01,NA,-0.29,4236,0.58,0.62,1035.01,0,2.99306913200417e-05
"GJ 9827 c","GJ 9827","Transit",1,715.94,NA,715.94,NA,-0.29,4236,0.58,0.62,715.94,0,0.00265970252219887
"GJ 9827 d","GJ 9827","Transit",1,675,34.9,675,NA,-0.29,4236,0.58,0.62,675,0,0.00472195059050942
"GPX-1 b","GPX-1","Transit",1,2300,4650,2300,0,0.35,7000,1.56,1.68,2300,0,5.56780417843254e-13
"GQ Lup b","GQ Lup","Imaging",1,2650,NA,2650,NA,NA,NA,NA,0.7,2650,0,4.04397557918219e-15
"GSC 06214-00210 b","GSC 06214-00210","Imaging",1,2300,NA,2300,NA,NA,4200,NA,0.9,2300,0,5.56780417843254e-13
"GU Psc b","GU Psc","Imaging",1,1050,NA,1050,NA,0.1,NA,NA,0.325,1050,0,2.42389744501643e-05
"Gl 378 b","Gl 378","Radial Velocity",1,830,NA,830,0.109,0.06,3879,0.56,0.56,830,0,0.000535461365509687
"Gliese 12 b","Gliese 12","Transit",1,314.6,1.62,314.6,0.5,-0.32,3296,0.2617,0.2414,314.6,1,0.430572355968375
"HAT-P-1 b","HAT-P-1","Transit",1,1322,NA,1322,NA,0.13,5980,1.174,1.151,1322,0,5.27609707255241e-07
"HAT-P-12 b","HAT-P-12","Transit",1,963,NA,963,0,-0.29,4650,0.701,0.733,963,0,8.24427144736956e-05
"HAT-P-16 b","HAT-P-16","Transit",1,1626,NA,1626,0.036,0.17,6158,1.237,1.218,1626,0,7.32060403722529e-09
"HAT-P-18 b","HAT-P-18","Transit",1,852,NA,852,0.084,0.1,4803,0.749,0.77,852,0,0.000392958294179539
"HAT-P-19 b","HAT-P-19","Transit",1,981.2,154,981.2,NA,0.166,4962,0.773,0.807,981.2,0,6.38173622974436e-05
"HAT-P-20 b","HAT-P-20","Transit",1,970,NA,970,0.015,0.35,4595,0.694,0.756,970,0,7.47098961559994e-05
"HAT-P-23 b","HAT-P-23","Transit",1,2056,NA,2056,0.106,0.15,5905,1.203,1.13,2056,0,1.72498641720815e-11
"HAT-P-25 b","HAT-P-25","Transit",1,1182,325,1182,0.023,0.294,5519,0.919,1.012,1182,0,3.78321945853775e-06
"HAT-P-28 b","HAT-P-28","Transit",1,1384,NA,1384,0.051,0.12,5680,1.103,1.025,1384,0,2.20509043931679e-07
"HAT-P-32 b","HAT-P-32","Transit",1,1835.7,1841,1835.7,0.159,-0.16,6001,1.367,1.132,1835.7,0,3.82873214794931e-10
"HAT-P-36 b","HAT-P-36","Transit",1,1780.97,NA,1780.97,NA,NA,5620,1.041,1.03,1780.97,0,8.27016150696662e-10
"HAT-P-37 b","HAT-P-37","Transit",1,1271,NA,1271,0.058,0.03,5500,0.877,0.929,1271,0,1.08137728348865e-06
"HAT-P-38 b","HAT-P-38","Transit",1,1082,NA,1082,0.067,0.06,5330,0.923,0.886,1082,0,1.54512540250441e-05
"HAT-P-39 b","HAT-P-39","Transit",1,1752,NA,1752,0,0.19,6430,1.625,1.404,1752,0,1.24323081317368e-09
"HAT-P-4 b","HAT-P-4","Transit",1,1686,NA,1686,0,NA,5860,1.596,1.248,1686,0,3.14689722673791e-09
"HAT-P-42 b","HAT-P-42","Transit",1,1428,NA,1428,0,0.27,5743,1.53,1.178,1428,0,1.18724200525604e-07
"HAT-P-43 b","HAT-P-43","Transit",1,1353,NA,1353,NA,0.2,5693,1.08,1.03,1353,0,3.41090486216358e-07
"HAT-P-44 b","HAT-P-44","Transit",1,1108,NA,1108,0.044,0.33,5295,0.949,0.942,1108,0,1.07171152149804e-05
"HAT-P-45 b","HAT-P-45","Transit",1,1652,NA,1652,0.049,0.07,6330,1.319,1.259,1652,0,5.07760635703621e-09
"HAT-P-46 b","HAT-P-46","Transit",1,1458,NA,1458,0.123,0.3,6120,1.396,1.284,1458,0,7.78407643806547e-08
"HAT-P-50 b","HAT-P-50","Transit",1,1862,NA,1862,0.115,-0.18,6280,1.698,1.273,1862,0,2.64444034368061e-10
"HAT-P-51 b","HAT-P-51","Transit",1,1168.2,310,1168.2,NA,0.302,5453,0.995,0.961,1168.2,0,4.59403167471983e-06
"HAT-P-52 b","HAT-P-52","Transit",1,1218,NA,1218,0.047,0.28,5131,0.893,0.887,1218,0,2.2796258459685e-06
"HAT-P-53 b","HAT-P-53","Transit",1,1778,NA,1778,0.134,0,5956,1.209,1.093,1778,0,8.62310901720625e-10
"HAT-P-54 b","HAT-P-54","Transit",1,818,NA,818,0.074,-0.127,4390,0.617,0.645,818,0,0.000633896331228019
"HAT-P-55 b","HAT-P-55","Transit",1,1367,583,1367,NA,0.003,5804,1.105,1.028,1367,0,2.80100971725214e-07
"HAT-P-58 b","HAT-P-58","Transit",1,1622,1146,1622,0.073,-0.224,6078,1.53,1.031,1622,0,7.74446118505685e-09
"HAT-P-59 b","HAT-P-59","Transit",1,1277.8,441.4,1277.8,0.03,0.217,5678,1.1038,1.008,1277.8,0,9.82702341656387e-07
"HAT-P-60 b","HAT-P-60","Transit",1,1772,1634,1772,0.25,0.037,6212,2.197,1.435,1772,0,9.38275362312199e-10
"HAT-P-61 b","HAT-P-61","Transit",1,1505,849.5,1505,0.113,0.194,5587,0.938,1.004,1505,0,4.01778500583618e-08
"HAT-P-62 b","HAT-P-62","Transit",1,1512,867.2,1512,0.101,0.414,5629,1.17,1.023,1512,0,3.64090365401343e-08
"HAT-P-63 b","HAT-P-63","Transit",1,1237,387.4,1237,0.069,0.251,5400,0.9661,0.925,1237,0,1.74483122297171e-06
"HAT-P-64 b","HAT-P-64","Transit",1,1766,1611,1766,0.101,-0.113,6457,1.735,1.298,1766,0,1.02093183996579e-09
"HAT-P-65 b","HAT-P-65","Transit",1,1818,1821,1818,NA,0.208,5872,1.666,1.297,1818,0,4.91157715578395e-10
"HAT-P-66 b","HAT-P-66","Transit",1,1896,NA,1896,0.09,0.035,6002,1.881,1.255,1896,0,1.63891829799693e-10
"HAT-P-67 b","HAT-P-67","Transit",1,1903,NA,1903,0,-0.08,6406,2.546,1.642,1903,0,1.48518240491748e-10
"HAT-P-68 b","HAT-P-68","Transit",1,1027.8,184.8,1027.8,0.041,-0.059,4508,0.6701,0.6785,1027.8,0,3.31265489073671e-05
"HAT-P-69 b","HAT-P-69","Transit",1,1930,NA,1930,0,-0.069,7394,1.926,1.648,1930,0,1.01573597371001e-10
"HAT-P-70 b","HAT-P-70","Transit",1,2562,NA,2562,0,-0.059,8450,1.858,1.89,2562,0,1.39502797801631e-14
"HAT-P-9 b","HAT-P-9","Transit",1,1540,931,1540,0.084,0.12,6350,1.338,1.281,1540,0,2.45526943603436e-08
"HATS-1 b","HATS-1","Transit",1,1359,NA,1359,0.12,-0.06,5870,1.038,0.986,1359,0,3.13475195717357e-07
"HATS-10 b","HATS-10","Transit",1,1407,NA,1407,0.501,0.15,5880,1.105,1.101,1407,0,1.5954079864257e-07
"HATS-11 b","HATS-11","Transit",1,1596,NA,1596,NA,0.03,6563,1.54,1.33,1596,0,1.11655236275079e-08
"HATS-12 b","HATS-12","Transit",1,1446,NA,1446,NA,-0.1,6357,1.17,1.16,1446,0,9.21594676810995e-08
"HATS-13 b","HATS-13","Transit",1,1244,NA,1244,0.181,0.05,5523,0.887,0.962,1244,0,1.58116061012384e-06
"HATS-14 b","HATS-14","Transit",1,1276,NA,1276,0.142,0.33,5346,0.933,0.967,1276,0,1.00791036358458e-06
"HATS-15 b","HATS-15","Transit",1,1505,NA,1505,0.126,0,5311,0.922,0.871,1505,0,4.01778500583618e-08
"HATS-16 b","HATS-16","Transit",1,1592,NA,1592,0,-0.1,5738,1.238,0.97,1592,0,1.1811998557102e-08
"HATS-17 b","HATS-17","Transit",1,814,72.7,814,0.029,0.3,5846,1.091,1.131,814,0,0.00067057381315674
"HATS-18 b","HATS-18","Transit",1,2069.48,NA,2069.48,NA,NA,5600,1.02,1.037,2069.48,0,1.4269488978936e-11
"HATS-2 b","HATS-2","Transit",1,1550,NA,1550,NA,NA,NA,0.876,0.904,1550,0,2.13298809993594e-08
"HATS-22 b","HATS-22","Transit",1,858,NA,858,0.079,0,4803,0.689,0.759,858,0,0.000361155174027007
"HATS-23 b","HATS-23","Transit",1,1654,NA,1654,0.114,0.28,5780,1.199,1.121,1654,0,4.93670167729866e-09
"HATS-24 b","HATS-24","Transit",1,2166,NA,2166,0,-0.229,6125,1.12,1.07,2166,0,3.66916876675426e-12
"HATS-25 b","HATS-25","Transit",1,1277,NA,1277,0.176,0.02,5715,1.107,0.994,1277,0,9.93827120959135e-07
"HATS-26 b","HATS-26","Transit",1,1918,NA,1918,0.245,-0.02,6071,2.04,1.299,1918,0,1.20257924912596e-10
"HATS-27 b","HATS-27","Transit",1,1659,NA,1659,0.581,0.09,6438,1.74,1.415,1659,0,4.60131028694961e-09
"HATS-28 b","HATS-28","Transit",1,1253,NA,1253,0.202,0.01,5498,0.922,0.929,1253,0,1.39308114588048e-06
"HATS-29 b","HATS-29","Transit",1,1212,NA,1212,0.158,0.16,5670,1.073,1.032,1212,0,2.48044682366484e-06
"HATS-3 b","HATS-3","Transit",1,1648,NA,1648,0,-0.157,6351,1.404,1.209,1648,0,5.37159572491729e-09
"HATS-30 b","HATS-30","Transit",1,1414,NA,1414,0.096,0.06,5943,1.061,1.093,1414,0,1.44575352439717e-07
"HATS-31 b","HATS-31","Transit",1,1823,NA,1823,0.233,0,6050,1.87,1.275,1823,0,4.57789268271042e-10
"HATS-32 b","HATS-32","Transit",1,1437,NA,1437,0.471,0.39,5700,1.097,1.099,1437,0,1.0460190791608e-07
"HATS-33 b","HATS-33","Transit",1,1429,NA,1429,0.08,0.29,5659,1.022,1.062,1429,0,1.17065299845652e-07
"HATS-34 b","HATS-34","Transit",1,1445,NA,1445,0.108,0.25,5380,0.98,0.955,1445,0,9.34654345872911e-08
"HATS-35 b","HATS-35","Transit",1,2037,NA,2037,0.306,0.21,6300,1.433,1.317,2037,0,2.25369976867131e-11
"HATS-36 b","HATS-36","Transit",1,1203,NA,1203,NA,0.15,5950,1.1,1.1,1203,0,2.81533078594605e-06
"HATS-37 A b","HATS-37 A","Transit",1,1085,229.7,1085,0,0.051,5326,0.877,0.843,1085,0,1.4812582833675e-05
"HATS-38 b","HATS-38","Transit",1,1294,464.7,1294,0,-0.102,5732,1.105,0.89,1294,0,7.82388937114741e-07
"HATS-39 b","HATS-39","Transit",1,1645,NA,1645,0.275,0,6572,1.621,1.379,1645,0,5.6032053280274e-09
"HATS-4 b","HATS-4","Transit",1,1315,NA,1315,0.013,0.43,5403,0.925,1.001,1315,0,5.82224212558635e-07
"HATS-40 b","HATS-40","Transit",1,2101,NA,2101,0.312,0.01,6460,2.26,1.561,2101,0,9.15772104727485e-12
"HATS-41 b","HATS-41","Transit",1,1710,NA,1710,0.38,0.47,6424,1.71,1.496,1710,0,2.24500243522443e-09
"HATS-42 b","HATS-42","Transit",1,1856,NA,1856,0.229,0.22,6060,1.48,1.273,1856,0,2.87739980644995e-10
"HATS-43 b","HATS-43","Transit",1,1003,NA,1003,0.173,0.05,5099,0.812,0.837,1003,0,4.69596431211271e-05
"HATS-44 b","HATS-44","Transit",1,1161,NA,1161,0.279,0.32,5080,0.847,0.86,1161,0,5.08385898392167e-06
"HATS-45 b","HATS-45","Transit",1,1518,NA,1518,0.24,0.02,6450,1.315,1.272,1518,0,3.34612955651901e-08
"HATS-46 b","HATS-46","Transit",1,1054,NA,1054,0.559,-0.06,5495,0.853,0.917,1054,0,2.29123970411352e-05
"HATS-47 b","HATS-47","Transit",1,852.9,87.73,852.9,0.088,-0.113,4512,0.6564,0.674,852.9,0,0.000388015113566989
"HATS-48 A b","HATS-48 A","Transit",1,954.6,137.6,954.6,0.162,0.186,4546,0.7152,0.7279,954.6,0,9.27856470616161e-05
"HATS-49 b","HATS-49","Transit",1,834.8,80.45,834.8,0.071,0.208,4405,0.6977,0.7133,834.8,0,0.000500507028776001
"HATS-5 b","HATS-5","Transit",1,1025,NA,1025,0.019,0.19,5304,0.871,0.936,1025,0,3.44577264653365e-05
"HATS-51 b","HATS-51","Transit",1,1553,NA,1553,0.33,NA,5758,1.44,1.187,1553,0,2.04482061527399e-08
"HATS-52 b","HATS-52","Transit",1,1834,NA,1834,0.246,NA,6010,1.046,1.111,1834,0,3.92142405299656e-10
"HATS-53 b","HATS-53","Transit",1,1312,NA,1312,0.33,NA,5644,1.101,0.964,1312,0,6.07328230909168e-07
"HATS-54 b","HATS-54","Transit",1,1429,NA,1429,0,0.37,5621,1.23,1.05,1429,0,1.17065299845652e-07
"HATS-55 b","HATS-55","Transit",1,1367,NA,1367,0.092,0.108,6214,1.126,1.1955,1367,0,2.80100971725214e-07
"HATS-56 b","HATS-56","Transit",1,1902,NA,1902,0.019,0.19,6536,2.201,1.573,1902,0,1.50622852530291e-10
"HATS-57 b","HATS-57","Transit",1,1413.4,NA,1413.4,0.028,0.268,5587,0.96,1.026,1413.4,0,1.45801134310861e-07
"HATS-58 A b","HATS-58 A","Transit",1,1721,NA,1721,0.168,NA,7175,1.433,1.461,1721,0,1.92306966566303e-09
"HATS-59 b","HATS-59","Transit",1,1128,269,1128,0.129,0.18,5670,1.036,1.038,1128,0,8.08830627925726e-06
"HATS-59 c","HATS-59","Radial Velocity",1,175.9,0.159,175.9,0.083,0.18,5670,1.036,1.038,175.9,0,0.841864669471556
"HATS-6 b","HATS-6","Transit",1,712.8,NA,712.8,0,0.2,3724,0.57,0.574,712.8,0,0.00277951905503077
"HATS-60 b","HATS-60","Transit",1,1528,903.9,1528,0.191,0.335,5688,1.46,1.097,1528,0,2.90691295566026e-08
"HATS-61 b","HATS-61","Transit",1,1226.1,374.2,1226.1,0.092,0.247,5542,1.664,1.076,1226.1,0,2.03406108190552e-06
"HATS-62 b","HATS-62","Transit",1,1237,387.4,1237,0.298,0.133,5416,0.933,0.896,1237,0,1.74483122297171e-06
"HATS-63 b","HATS-63","Transit",1,1398.3,634.1,1398.3,0.136,0.081,5627,1.07,0.931,1398.3,0,1.80317586071255e-07
"HATS-64 b","HATS-64","Transit",1,1793,1711,1793,0.151,0.22,6554,2.113,1.564,1793,0,6.98228846107816e-10
"HATS-65 b","HATS-65","Transit",1,1634,1178,1634,0.062,0.199,6277,1.31,1.257,1634,0,6.54121367693525e-09
"HATS-66 b","HATS-66","Transit",1,1998,2637,1998,0.064,-0.017,6626,1.841,1.411,1998,0,3.90146660200001e-11
"HATS-67 b","HATS-67","Transit",1,2193,3821,2193,0.057,0.332,6594,1.441,1.435,2193,0,2.5093932553301e-12
"HATS-68 b","HATS-68","Transit",1,1741,1521,1741,0.036,0.21,6147,1.748,1.351,1741,0,1.45135470299061e-09
"HATS-69 b","HATS-69","Transit",1,1295.7,466.6,1295.7,0.519,0.377,5137,0.8785,0.892,1295.7,0,7.63895383569352e-07
"HATS-7 b","HATS-7","Transit",1,1084,NA,1084,0.17,0.25,4985,0.815,0.849,1084,0,1.50224848075544e-05
"HATS-70 b","HATS-70","Transit",1,2730,9110,2730,0.18,0.041,7930,1.881,1.78,2730,0,1.31196639819523e-15
"HATS-71 b","HATS-71","Transit",1,586.8,NA,586.8,0,0.17,3405,0.4783,0.4861,586.8,0,0.0161474385703508
"HATS-72 b","HATS-72","Transit",1,739.3,49.58,739.3,0.013,0.099,4656.1,0.7214,0.7311,739.3,0,0.00191602919316025
"HATS-74 A b","HATS-74 A","Transit",1,895.1,106.9,895.1,0.044,0.514,3776.9,0.5758,0.601,895.1,0,0.00021430723808168
"HATS-75 b","HATS-75","Transit",1,772.3,59.26,772.3,0.064,0.522,3790.4,0.5848,0.6017,772.3,0,0.00120516339441185
"HATS-76 b","HATS-76","Transit",1,939.8,129.8,939.8,0.062,0.322,4016,0.6259,0.662,939.8,0,0.000114265558429987
"HATS-77 b","HATS-77","Transit",1,828.3,78.37,828.3,0.045,0.253,4071,0.6428,0.655,828.3,0,0.000548417538096168
"HATS-8 b","HATS-8","Transit",1,1324,NA,1324,0.376,0.21,5679,1.086,1.056,1324,0,5.12968430671095e-07
"HATS-9 b","HATS-9","Transit",1,1746,NA,1746,NA,0.38,5599,1.56,1.1,1746,0,1.35275205184291e-09
"HD 101581 b","HIP 56998","Transit",1,834,80,834,NA,-0.343,4675,0.63,0.653,834,0,0.000506170205873024
"HD 101581 c","HIP 56998","Transit",1,747,52,747,NA,-0.343,4675,0.63,0.653,747,0,0.00171961932664087
"HD 106315 b","HD 106315","Transit",1,1153,NA,1153,0.093,-0.311,6327,1.296,1.091,1153,0,5.68960103209128e-06
"HD 106315 c","HD 106315","Transit",1,886,NA,886,0.22,-0.311,6327,1.296,1.091,886,0,0.000243576219820991
"HD 106906 b","HD 106906","Imaging",1,1800,NA,1800,NA,NA,6516,NA,1.5,1800,0,6.3273269824649e-10
"HD 109286 b","HD 109286","Radial Velocity",1,259.4,0.709,259.4,0.338,0.05,5694,1.089,0.98,259.4,1,0.621805205595213
"HD 110067 b","HD 110067","Transit",1,800,NA,800,NA,-0.2,5266,0.788,0.798,800,0,0.00081646617893964
"HD 110067 c","HD 110067","Transit",1,699,NA,699,NA,-0.2,5266,0.788,0.798,699,0,0.00337321345865855
"HD 110067 d","HD 110067","Transit",1,602,NA,602,NA,-0.2,5266,0.788,0.798,602,0,0.0130787968967232
"HD 110067 e","HD 110067","Transit",1,533,NA,533,NA,-0.2,5266,0.788,0.798,533,0,0.0338074950637519
"HD 110067 f","HD 110067","Transit",1,489,NA,489,NA,-0.2,5266,0.788,0.798,489,0,0.0610227263290738
"HD 110067 g","HD 110067","Transit",1,440,NA,440,NA,-0.2,5266,0.788,0.798,440,0,0.114654678857584
"HD 110113 b","HD 110113","Transit",1,1371,735.49,1371,0.093,0.14,5732,0.968,0.997,1371,0,2.64770948683178e-07
"HD 110113 c","HD 110113","Radial Velocity",1,990,199.9,990,0.045,0.14,5732,0.968,0.997,990,0,5.63851368170659e-05
"HD 115954 b","HD 115954","Radial Velocity",1,144.9,0.064,144.9,0.487,0.34,5957,1.213,1.18,144.9,0,0.891714745224591
"HD 118203 b","HD 118203","Radial Velocity",1,1361,NA,1361,0.3136,0.287,5742,2.04,1.27,1361,0,3.04776193528448e-07
"HD 135344 A b","HD 135344 A","Imaging",1,1585,NA,1585,0.5,0.05,9540,1.5,NA,1585,0,1.30346955927282e-08
"HD 135694 b","HD 135694","Transit",1,NA,71.8,810.692789980182,NA,NA,5712,1.08,1.02,810.692789980182,0,0.000702495129481655
"HD 136352 b","HD 136352","Radial Velocity",1,905,111.6,905,0,-0.24,5664,1.058,0.87,905,0,0.000186444391247875
"HD 136352 c","HD 136352","Radial Velocity",1,677,35.1,677,0,-0.24,5664,1.058,0.87,677,0,0.00459151708508331
"HD 136352 d","HD 136352","Radial Velocity",1,431,5.74,431,0,-0.24,5664,1.058,0.87,431,0,0.128150489053022
"HD 137496 b","HD 137496","Transit",1,2130,NA,2130,0,-0.03,5799,1.59,1.04,2130,0,6.08928503395763e-12
"HD 137496 c","HD 137496","Radial Velocity",1,370,NA,370,0.477,-0.03,5799,1.59,1.04,370,0,0.257488288040695
"HD 1397 b","HD 1397","Transit",1,1228.3,356,1228.3,0.251,0.29,5521,2.336,1.324,1228.3,0,1.97205788081034e-06
"HD 152843 b","HD 152843","Transit",1,NA,255.7,1113.6734892913,0.14,-0.16,6310,1.43,1.15,1113.6734892913,0,9.8948029876208e-06
"HD 15906 b","HD 15906","Transit",1,668,33.14,668,0.11,0.02,4757,0.762,0.79,668,0,0.00520818884055234
"HD 15906 c","HD 15906","Transit",1,532,13.37,532,0.04,0.02,4757,0.762,0.79,532,0,0.0342701539432783
"HD 176986 b","HD 176986","Radial Velocity",1,NA,83.5,841.873459510679,0.066,0.03,4931,0.782,0.789,841.873459510679,0,0.000453110732993484
"HD 176986 c","HD 176986","Radial Velocity",1,NA,23.5,613.185907389341,0.111,0.03,4931,0.782,0.789,613.185907389341,0,0.0111953563205927
"HD 183579 b","HD 183579","Transit",1,752,NA,752,0.061,-0.038,5784,0.96,0.996,752,0,0.0016029784910254
"HD 190360 b","HD 190360","Radial Velocity",1,150,NA,150,0.34,NA,NA,NA,1,150,0,0.884588018426184
"HD 191939 b","HD 191939","Transit",1,880,100,880,0.031,-0.15,5348,0.94,0.81,880,0,0.000265028148910787
"HD 191939 c","HD 191939","Transit",1,600,21,600,0.034,-0.15,5348,0.94,0.81,600,0,0.0134470756967497
"HD 191939 d","HD 191939","Transit",1,540,14.3,540,0.031,-0.15,5348,0.94,0.81,540,0,0.0307337059015985
"HD 191939 e","HD 191939","Radial Velocity",1,390,3.9,390,0.031,-0.15,5348,0.94,0.81,390,0,0.207429538396902
"HD 191939 g","HD 191939","Radial Velocity",1,278,0.99,278,0.03,-0.15,5348,0.94,0.81,278,1,0.55860241452212
"HD 192310 b","HD 192310","Radial Velocity",1,355,NA,355,0.13,-0.04,5166,NA,0.8,355,0,0.299853529428988
"HD 192310 c","HD 192310","Radial Velocity",1,185,NA,185,0.32,-0.04,5166,NA,0.8,185,0,0.82406279281784
"HD 202772 A b","HD 202772 A","Transit",1,2132,3440,2132,0.038,0.3,6272,2.591,1.72,2132,0,5.92030605027132e-12
"HD 203030 b","HD 203030","Imaging",1,1040,NA,1040,NA,NA,NA,NA,NA,1040,0,2.79012317808565e-05
"HD 20329 b","HD 20329","Transit",1,2141,3474,2141,0,-0.07,5596,1.13,0.9,2141,0,5.21608313064013e-12
"HD 206893 b","HD 206893","Imaging",1,1429.2,NA,1429.2,0.14,NA,NA,NA,1.32,1429.2,0,1.16736311662828e-07
"HD 206893 c","HD 206893","Imaging",1,1181.9,NA,1181.9,0.41,NA,NA,NA,1.32,1181.9,0,3.78854665378574e-06
"HD 207496 b","HD 207496","Transit",1,743,72.9,743,0.231,0.095,4819,0.769,0.8,743,0,0.00181900280963619
"HD 207897 b","HD 207897","Transit",1,581.75,NA,581.75,0,-0.03,5106,0.7827,0.8208,581.75,0,0.0173160331123415
"HD 211403 b","HD 211403","Radial Velocity",1,380,3.44,380,0.084,0.18,6273,1.206,1.2,380,0,0.231514879299577
"HD 213885 b","HD 213885","Transit",1,2128,NA,2128,0,-0.04,5978,1.1011,1.068,2128,0,6.26308706170368e-12
"HD 213885 c","HD 213885","Radial Velocity",1,1265.4,NA,1265.4,0,-0.04,5978,1.1011,1.068,1265.4,0,1.17003596229466e-06
"HD 21520 b","HD 21520","Transit",1,637,NA,637,0,0.049,5871,1.044,1.09,637,0,0.00803331616039289
"HD 21749 c","GJ 143","Transit",1,701,NA,701,NA,0.003,4640,0.695,0.73,701,0,0.00327991307589995
"HD 219134 b","HD 219134","Radial Velocity",1,1015,176.2,1015,0,0.11,4699,0.778,0.81,1015,0,3.96638698688619e-05
"HD 219134 c","HD 219134","Radial Velocity",1,782,62.1,782,0.062,0.11,4699,0.778,0.81,782,0,0.00105156303301699
"HD 219134 d","HD 219134","Radial Velocity",1,410.5,4.72,410.5,0.138,0.11,4699,0.778,0.81,410.5,0,0.163974164758976
"HD 219134 f","HD 219134","Radial Velocity",1,522.6,12.38,522.6,0.148,0.11,4699,0.778,0.81,522.6,0,0.0389278550799557
"HD 219666 b","HD 219666","Transit",1,1076,NA,1076,0.05,NA,5540,1.059,1.02,1076,0,1.6812394702671e-05
"HD 22496 b","HD 22496","Radial Velocity",1,573,26,573,NA,-0.08,4385,0.674,0.684,573,0,0.0195405180738596
"HD 22946 d","HD 22946","Transit",1,546,18.561,546,NA,-0.08,6169,1.117,1.098,546,0,0.0283159070309738
"HD 23472 b","HD 23472","Transit",1,543,16,543,0.072,-0.2,4684,0.71,0.67,543,0,0.0295007994067919
"HD 23472 c","HD 23472","Transit",1,467,7.96,467,0.063,-0.2,4684,0.71,0.67,467,0,0.0813625016366885
"HD 23472 d","HD 23472","Transit",1,909,117,909,0.07,-0.2,4684,0.71,0.67,909,0,0.000176242020943558
"HD 23472 e","HD 23472","Transit",1,723,46.7,723,0.07,-0.2,4684,0.71,0.67,723,0,0.00240878557042022
"HD 23472 f","HD 23472","Transit",1,630,26.3,630,0.07,-0.2,4684,0.71,0.67,630,0,0.00885750444356001
"HD 238090 b","HD 238090","Radial Velocity",1,469.6,8.1,469.6,0.3,-0.03,3933,0.57,0.578,469.6,0,0.0786695657103918
"HD 25463 b","HD 25463","Transit",1,1198.46,NA,1198.46,0,-0.018,6353,1.4182,1.251,1198.46,0,3.0010526769813e-06
"HD 25463 c","HD 25463","Transit",1,1585.57,NA,1585.57,0,-0.018,6353,1.4182,1.251,1585.57,0,1.29305673864316e-08
"HD 260655 b","HD 260655","Transit",1,709,42.2,709,0.039,-0.43,3803,0.439,0.439,709,0,0.00293173987388773
"HD 260655 c","HD 260655","Transit",1,557,16.1,557,0.038,-0.43,3803,0.439,0.439,557,0,0.0243543037645536
"HD 2685 b","HD 2685","Transit",1,2061,NA,2061,0.091,0.02,6801,1.56,1.43,2061,0,1.60779367734423e-11
"HD 27969 b","HD 27969","Radial Velocity",1,261,0.76,261,0.182,0.18,5966,1.27,1.16,261,1,0.616496394930551
"HD 28109 b","HD 28109","Transit",1,881.2,NA,881.2,0.3307,0,6120,1.446,1.26,881.2,0,0.000260591738534055
"HD 28109 c","HD 28109","Transit",1,585.2,NA,585.2,0.1203,0,6120,1.446,1.26,585.2,0,0.0165090358577707
"HD 28109 d","HD 28109","Transit",1,506.5,NA,506.5,0.0864,0,6120,1.446,1.26,506.5,0,0.048347195432258
"HD 284149 AB b","HD 284149 A","Imaging",1,2395,NA,2395,NA,NA,6035,1.36,NA,2395,0,1.46262182842569e-13
"HD 285968 b","HD 285968","Radial Velocity",1,450,NA,450,0,-0.1,NA,NA,0.5,450,0,0.10112691018396
"HD 3167 b","HD 3167","Transit",1,1774,1650,1774,0,0.04,5261,0.88,0.837,1774,0,9.12238017022307e-10
"HD 3167 c","HD 3167","Transit",1,564,16.9,564,0.06,0.04,5261,0.88,0.837,564,0,0.0221203246459323
"HD 332231 b","HD 332231","Transit",1,798.3,NA,798.3,0,0.043,6128,1.266,1.1642,798.3,0,0.000836215933683768
"HD 35843 c","HD 35843","Transit",1,479,NA,479,0.153,-0.27,5666,0.897,0.94,479,0,0.069601150274246
"HD 42618 b","HD 42618","Radial Velocity",1,337,3.16,337,0.19,-0.09,5727,0.999,1.015,337,1,0.355554280955488
"HD 42813 b","HD 42813","Transit",1,716,74.7,716,NA,0.24,5289,0.98,0.901,716,0,0.00265746391202235
"HD 48948 b","HD 48948","Radial Velocity",1,957,138.85,957,0.055,-0.21,4593,0.679,0.686,957,0,8.97047756775095e-05
"HD 48948 c","HD 48948","Radial Velocity",1,553,15.5,553,0.55,-0.21,4593,0.679,0.686,553,0,0.0257281194937122
"HD 48948 d","HD 48948","Radial Velocity",1,349,2.46,349,0.055,-0.21,4593,0.679,0.686,349,1,0.317872149526735
"HD 5278 b","HD 5278","Transit",1,943,132,943,0.08,-0.12,6203,1.194,1.126,943,0,0.000109235071905032
"HD 56414 b","HD 56414","Transit",1,1133,NA,1133,0.68,0,8500,1.751,1.89,1133,0,7.53880419719964e-06
"HD 6061 b","HD 6061","Transit",1,1075.31,NA,1075.31,0,-0.05,5934,1.0072,1.0269,1075.31,0,1.6976421368379e-05
"HD 62364 b","HD 62364","Radial Velocity",1,NA,0.072,144.264117571002,0.607,-0.11,6255,1.401,1.157,144.264117571002,0,0.892575704940285
"HD 63433 b","HD 63433","Transit",1,886.44,NA,886.44,0,0.079,5634,0.9169,0.9883,886.44,0,0.000242073175413013
"HD 63433 c","HD 63433","Transit",1,622.31,NA,622.31,0,0.079,5634,0.9169,0.9883,622.31,0,0.00985975545194245
"HD 63433 d","HD 63433","Transit",1,1040,NA,1040,0.16,0.03,5688,0.912,0.99,1040,0,2.79012317808565e-05
"HD 63935 b","HD 63935","Transit",1,825.22,NA,825.22,0,0.107,5513,0.9598,0.9406,825.22,0,0.000572694337972009
"HD 63935 c","HD 63935","Radial Velocity",1,619.59,NA,619.59,0,0.107,5513,0.9598,0.9406,619.59,0,0.0102405015206382
"HD 73344 b","HD 73344","Transit",1,911,NA,911,0.03,0.143,6252.6,1.22,1.2,911,0,0.00017135210458308
"HD 73583 b","HD 73583","Transit",1,714,43.3,714,0.09,0,4511,0.65,0.73,714,0,0.00273310666267041
"HD 73583 c","HD 73583","Transit",1,498,10.2,498,0.08,0,4511,0.65,0.73,498,0,0.0541571565364149
"HD 74698 b","HD 74698","Radial Velocity",1,NA,123,927.473430964065,0.1,0.07,5783,1.333,1.039,927.473430964065,0,0.000135904709448508
"HD 74698 c","HD 74698","Radial Velocity",1,NA,0.088,151.686128713965,0.2,0.07,5783,1.333,1.039,151.686128713965,0,0.882143596012787
"HD 77946 b","HD 77946","Transit",1,1128.86,NA,1128.86,0.211,0.215,6007,1.3174,1.1973,1128.86,0,7.99101798402713e-06
"HD 7924 c","HD 7924","Radial Velocity",1,583.6,28.35,583.6,0.098,-0.15,5075,0.7821,0.832,583.6,0,0.0168785916493842
"HD 7924 d","HD 7924","Radial Velocity",1,499,15.17,499,0.21,-0.15,5075,0.7821,0.832,499,0,0.0534408733059573
"HD 80653 b","HD 80653","Transit",1,2463,6130,2463,0,0.255,5959,1.22,1.18,2463,0,5.61796604855868e-14
"HD 86226 b","HD 86226","Radial Velocity",1,176,NA,176,0.059,0.018,5863,1.053,1.019,176,0,0.841677250640555
"HD 86226 c","HD 86226","Transit",1,1311,NA,1311,0.075,0.018,5863,1.053,1.019,1311,0,6.15934510614592e-07
"HD 88986 b","HD 88986","Radial Velocity",1,460,NA,460,0.24,0.06,5861,1.543,1.25,460,0,0.0890347312606539
"HD 89345 b","HD 89345","Transit",1,1089,NA,1089,0.22,0.421,5576,1.747,1.157,1089,0,1.40018961896251e-05
"HD 93963 A b","HD 93963 A","Transit",1,1842.23,NA,1842.23,0,0.11,5908,1.0311,1.0844,1842.23,0,3.49260668116001e-10
"HD 93963 A c","HD 93963 A","Transit",1,1212.45,NA,1212.45,0,0.11,5908,1.0311,1.0844,1212.45,0,2.46479012351943e-06
"HD 94771 b","HD 94771","Radial Velocity",1,NA,0.271,200.940520195665,0.39,0.22,5631,1.903,1.2,200.940520195665,1,0.789151141555647
"HD 95086 b","HD 95086","Imaging",1,1000,NA,1000,NA,NA,NA,NA,1.6,1000,0,4.89843248274485e-05
"HD 95338 b","HD 95338","Radial Velocity",1,385,7.42,385,0.197,0.04,5212,0.87,0.83,385,0,0.219234420422767
"HD 97658 b","HD 97658","Radial Velocity",1,751,NA,751,0.05,-0.23,5212,0.728,0.85,751,0,0.00162565694065612
"HIP 113103 b","HIP 113103","Transit",1,721,NA,721,0.17,-0.1,4930,0.742,0.761,721,0,0.00247736745808545
"HIP 113103 c","HIP 113103","Transit",1,585,NA,585,0.17,-0.1,4930,0.742,0.761,585,0,0.0165547916691826
"HIP 116454 b","HIP 116454","Transit",1,753.2,51.2858,753.2,0.215,0,5048,0.758,0.8,753.2,0,0.00157618091413296
"HIP 21152 b","HIP 21152","Imaging",1,1300,NA,1300,0.36,0.13,6655,NA,1.4,1300,0,7.19045367323075e-07
"HIP 29442 c","HD 42813","Radial Velocity",1,1123,451,1123,NA,0.24,5289,0.98,0.901,1123,0,8.67786112166853e-06
"HIP 29442 d","HD 42813","Radial Velocity",1,920,203,920,NA,0.24,5289,0.98,0.901,920,0,0.000150972776140648
"HIP 65 A b","HIP 65 A","Transit",1,1411,661,1411,0,0.18,4590,0.7242,0.781,1411,0,1.5080907456823e-07
"HIP 65426 b","HIP 65426","Imaging",1,1500,NA,1500,NA,NA,8840,1.77,1.96,1500,0,4.31064298840213e-08
"HIP 67522 b","HIP 67522","Transit",1,1175,NA,1175,0.064,NA,5675,1.38,1.22,1175,0,4.17483074627754e-06
"HIP 67522 c","HIP 67522","Transit",1,917,NA,917,0.077,NA,5675,1.38,1.22,917,0,0.000157481314783486
"HIP 77900 b","HIP 77900","Imaging",1,2507,NA,2507,NA,NA,NA,NA,NA,2507,0,3.02476691165764e-14
"HIP 78530 b","HIP 78530","Imaging",1,2700,NA,2700,NA,NA,10500,NA,2.5,2700,0,2.00103595268637e-15
"HIP 79098 AB b","HIP 79098 AB","Imaging",1,2450,NA,2450,NA,NA,NA,NA,3.75,2450,0,6.74563836323228e-14
"HIP 81208 C b","HIP 81208 C","Imaging",1,2050,NA,2050,NA,NA,NA,NA,0.135,2050,0,1.87694745883482e-11
"HIP 8152 b","HIP 8152","Transit",1,794.96,NA,794.96,0,0.007,5618,0.9603,0.9373,794.96,0,0.000876419326975431
"HIP 8152 c","HIP 8152","Transit",1,650.68,NA,650.68,0.2,0.007,5618,0.9603,0.9373,650.68,0,0.0066360051443673
"HIP 94235 b","HIP 94235","Transit",1,1060,NA,1060,0.32,0,5991,1.08,1.094,1060,0,2.10574072348408e-05
"HIP 9618 b","HIP 9618","Transit",1,640.88,NA,640.88,0,-0.018,5649,0.9593,0.942,640.88,0,0.00760973106093378
"HIP 9618 c","HIP 9618","Transit",1,470.31,NA,470.31,0,-0.018,5649,0.9593,0.942,470.31,0,0.0779484818092592
"HIP 97166 b","HIP 97166","Transit",1,701.66,NA,701.66,0.29,0.248,5216,0.8418,0.9342,701.66,0,0.00324969194648173
"HN Lib b","HN Lib","Radial Velocity",1,234.4,0.503,234.4,0.079,-0.18,3347,0.299,0.291,234.4,1,0.700357138127255
"HR 2562 b","HR 2562","Imaging",1,1255,NA,1255,NA,0.1,6597,1.334,1.368,1255,0,1.35442289354396e-06
"HR 5183 b","HR 5183","Radial Velocity",1,171,NA,171,0.84,0.1,5794,1.53,1.07,171,0,0.85082892582193
"HR 858 b","HR 858","Transit",1,1552,NA,1552,0,0.025,6354,1.258,1.204,1552,0,2.073797217614e-08
"HR 858 c","HR 858","Transit",1,1309,NA,1309,0,0.025,6354,1.258,1.204,1309,0,6.33514669613407e-07
"HR 858 d","HR 858","Transit",1,1061,NA,1061,0,0.025,6354,1.258,1.204,1061,0,2.07631839356995e-05
"HR 8799 e","HR 8799","Imaging",1,1150,NA,1150,0.15,-0.5,7400,NA,NA,1150,0,5.93492076405294e-06
"IRAS 04125+2902 b","IRAS 04125+2902","Transit",1,854,NA,854,NA,NA,4080,1.45,0.7,854,0,0.000382057782292156
"ITG 15 b","ITG 15 A","Imaging",1,2601,NA,2601,NA,NA,NA,NA,NA,2601,0,8.05844199635559e-15
"K2-100 b","K2-100","Transit",1,1841,1915,1841,0,0.22,5945,1.24,1.15,1841,0,3.55358165991156e-10
"K2-101 b","K2-101","Transit",1,618,NA,618,NA,0.07,4927,0.76,0.82,618,0,0.0104697718804925
"K2-104 b","K2-104","Transit",1,798,NA,798,NA,0.18,3712,0.48,0.51,798,0,0.000839750409057414
"K2-105 b","K2-105","Transit",1,928,NA,928,NA,0.23,5636,0.97,1.05,928,0,0.000134901581313813
"K2-107 b","K2-107","Transit",1,1649,NA,1649,NA,0.14,6061,1.81,1.3,1649,0,5.29653988325226e-09
"K2-108 b","K2-108","Transit",1,1360,NA,1360,NA,0.36,5599,1.76,1.17,1360,0,3.09095093655931e-07
"K2-11 b","K2-11","Transit",1,734,NA,734,NA,-0.12,5433,5.15,1.35,734,0,0.00206407931358174
"K2-110 b","K2-110","Transit",1,638,27.7,638,0.13,-0.34,5010,0.713,0.738,638,0,0.00792195804330409
"K2-111 b","K2-111","Transit",1,1309,490,1309,0.1,-0.46,5775,1.25,0.84,1309,0,6.33514669613407e-07
"K2-113 b","K2-113","Transit",1,1098,NA,1098,NA,0.27,5660,1.24,1.04,1098,0,1.23363852364804e-05
"K2-114 b","K2-114","Transit",1,701.4,NA,701.4,0.079,0.42,4899,0.832,0.863,701.4,0,0.00326156396499351
"K2-115 b","K2-115","Transit",1,696,NA,696,0.063,-0.198,5870,0.855,0.918,696,0,0.00351814618579296
"K2-116 b","K2-116","Transit",1,NA,78.6,829.241132378757,0.06,NA,4348.35,0.6694,0.694512,829.241132378757,0,0.000541206669387339
"K2-117 b","K2-117","Transit",1,868,NA,868,NA,-0.05,3778,0.51,0.54,868,0,0.000313764426341188
"K2-117 c","K2-117","Transit",1,537,NA,537,NA,-0.05,3778,0.51,0.54,537,0,0.0320164385788814
"K2-118 b","K2-118","Transit",1,NA,4.3,401.044267925268,0.2,NA,4726.29,0.734626,0.756446,401.044267925268,0,0.183038340620614
"K2-119 b","K2-119","Transit",1,666,NA,666,NA,-0.05,4740,0.71,0.76,666,0,0.0053560461861449
"K2-12 b","K2-12","Transit",1,1026,185,1026,0.5,0,5672,1.117,0.965,1026,0,3.39762744096362e-05
"K2-121 b","K2-121","Transit",1,738,NA,738,NA,-0.16,4690,0.67,0.69,738,0,0.00195133194676167
"K2-122 b","K2-122","Transit",1,769,NA,769,NA,0.32,4009,0.59,0.63,769,0,0.00126237270404383
"K2-123 b","K2-123","Transit",1,338,NA,338,NA,0.03,4035,0.59,0.62,338,1,0.352336648624977
"K2-124 b","K2-124","Transit",1,442,NA,442,NA,0.023,3570,0.388,0.39,442,0,0.11182879139076
"K2-125 b","K2-125","Transit",1,NA,2,331.194181528258,0.08,NA,3654.47,0.402049,0.494727,331.194181528258,1,0.374486428980885
"K2-126 b","K2-126","Transit",1,601,NA,601,NA,0.02,4339,0.65,0.69,601,0,0.0132616751424025
"K2-127 b","K2-127","Transit",1,809,NA,809,NA,-0.11,4575,0.66,0.72,809,0,0.000719417049182235
"K2-128 b","K2-128","Transit",1,NA,68.8,802.088535850536,0.23,NA,4469.51,0.777569,0.711248,802.088535850536,0,0.00079283949136262
"K2-129 b","K2-129","Transit",1,NA,4.5,405.628375261469,0.13,NA,3459.09,0.36001,0.360031,405.628375261469,0,0.173589155134664
"K2-13 b","K2-13","Transit",1,511,NA,511,NA,-0.54,5698,0.78,0.8,511,0,0.0455157490559407
"K2-130 b","K2-130","Transit",1,NA,136.4,951.762944323043,0.17,NA,4356.47,0.744261,0.69563,951.762944323043,0,9.65643036206354e-05
"K2-131 b","K2-131","Transit",1,2223,4070,2223,0,-0.04,5120,0.7595,0.803,2223,0,1.64526760572886e-12
"K2-133 e","K2-133","Transit",1,296,1.8,296,NA,NA,3655,0.455,0.461,296,1,0.495552413821715
"K2-136 b","K2-136","Transit",1,610,33.5,610,0.14,-0.02,4500,0.677,0.742,610,0,0.0117026539753655
"K2-136 c","K2-136","Transit",1,470,11.91,470,0.047,-0.02,4500,0.677,0.742,470,0,0.0782625740969464
"K2-136 d","K2-136","Transit",1,420,7.07,420,0.071,-0.02,4500,0.677,0.742,420,0,0.146461550784856
"K2-139 b","K2-139","Transit",1,524,NA,524,NA,0.24,5370,0.88,0.96,524,0,0.0381974953464689
"K2-14 b","K2-14","Transit",1,488,NA,488,NA,-0.37,3789,0.45,0.47,488,0,0.061833992851214
"K2-140 b","K2-140","Transit",1,962,204,962,0,0.1,5585,1.06,0.96,962,0,8.36108903253857e-05
"K2-141 b","K2-141","Transit",1,2103,3260,2103,0,0,4570,0.681,0.708,2103,0,8.90359229704933e-12
"K2-141 c","K2-141","Transit",1,695,39.1,695,0.092,0,4570,0.681,0.708,695,0,0.0035678230163534
"K2-147 b","K2-147","Transit",1,1077,NA,1077,0.38,-0.02,3690,0.578,0.563,1077,0,1.65774835910547e-05
"K2-148 b","K2-148","Transit",1,NA,48.8,736.088707221322,NA,-0.11,4079,0.632,0.65,736.088707221322,0,0.00200441712030755
"K2-148 c","K2-148","Transit",1,NA,26.5,631.882995064264,NA,-0.11,4079,0.632,0.65,631.882995064264,0,0.00862789511173149
"K2-148 d","K2-148","Transit",1,NA,16.8,563.835634576975,NA,-0.11,4079,0.632,0.65,563.835634576975,0,0.0221704088286267
"K2-149 b","K2-149","Transit",1,NA,7,453.001572432833,NA,0.11,3745,0.568,0.595,453.001572432833,0,0.0973518134733755
"K2-15 b","K2-15","Transit",1,676,NA,676,NA,-0.46,5131,0.68,0.72,676,0,0.00465627927718308
"K2-150 b","K2-150","Transit",1,NA,4.9,414.356560601104,NA,0.09,3499,0.436,0.457,414.356560601104,0,0.156669912813851
"K2-151 b","K2-151","Transit",1,566,NA,566,NA,-0.19,3695,0.45,0.47,566,0,0.0215196905564044
"K2-152 b","K2-152","Transit",1,337,NA,337,NA,0.12,4044,0.61,0.63,337,1,0.355554280955488
"K2-153 b","K2-153","Transit",1,497,NA,497,NA,-0.09,3845,0.53,0.55,497,0,0.0548824836650492
"K2-154 b","K2-154","Transit",1,715,NA,715,NA,0.21,4097,0.63,0.65,715,0,0.00269502062869516
"K2-154 c","K2-154","Transit",1,552,NA,552,NA,0.21,4097,0.63,0.65,552,0,0.0260831961799552
"K2-155 b","K2-155","Transit",1,708,NA,708,NA,-0.3,4258,0.58,0.65,708,0,0.00297316125140807
"K2-155 c","K2-155","Transit",1,583,NA,583,NA,-0.3,4258,0.58,0.65,583,0,0.0170192612362354
"K2-155 d","K2-155","Transit",1,381,NA,381,NA,-0.3,4258,0.58,0.65,381,0,0.22902084324532
"K2-157 b","K2-157","Transit",1,2432,6660,2432,NA,0.02,5334,0.86,0.89,2432,0,8.69005174547836e-14
"K2-157 c","K2-157","Radial Velocity",1,587,22.65,587,0.2,0.02,5334,0.86,0.89,587,0,0.0161027902076687
"K2-157 d","K2-157","Radial Velocity",1,429.1,6.46,429.1,0.5,0.02,5334,0.86,0.89,429.1,0,0.131167393595923
"K2-158 b","K2-158","Transit",1,794,NA,794,NA,0.07,5503,0.95,0.92,794,0,0.000888328098528982
"K2-158 c","K2-158","Transit",1,948,NA,948,NA,0.07,5503,0.95,0.92,948,0,0.000101814576385093
"K2-159 b","K2-159","Transit",1,684,NA,684,NA,-0.07,5425,0.83,0.9,684,0,0.00416261060879719
"K2-16 b","K2-16","Transit",1,658,44.5,658,NA,-0.33,4742,0.66,0.68,658,0,0.00599040004950781
"K2-16 c","K2-16","Transit",1,485,13.1,485,NA,-0.33,4742,0.66,0.68,485,0,0.0643286099052908
"K2-162 b","K2-162","Transit",1,631,NA,631,NA,-0.17,4842,0.69,0.75,631,0,0.00873482200177719
"K2-166 b","K2-166","Transit",1,1140,NA,1140,NA,0.09,5960,1.61,1.16,1140,0,6.83164455426685e-06
"K2-167 b","K2-167","Transit",1,1220,NA,1220,0.48,-0.456,6310,1.499,1.084,1220,0,2.21636587329073e-06
"K2-168 b","K2-168","Transit",1,766.35,NA,766.35,NA,NA,5502.7,0.83,0.877,766.35,0,0.00131027094015354
"K2-17 b","K2-17","Transit",1,487,NA,487,NA,0.15,4320,0.66,0.71,487,0,0.062655325076328
"K2-174 b","K2-174","Transit",1,455,NA,455,NA,0.113,4455,0.676,0.7,455,0,0.0949085737228654
"K2-18 b","K2-18","Transit",1,284,NA,284,0.2,0.12,3457,0.411,0.359,284,1,0.537694434497747
"K2-18 c","K2-18","Radial Velocity",1,363,NA,363,0.47,NA,3457,0.411,0.359,363,0,0.276764975639515
"K2-180 b","K2-180","Transit",1,797.5,NA,797.5,0.075,-0.578,5365,0.719,0.735,797.5,0,0.00084567440293219
"K2-181 b","K2-181","Transit",1,1015,NA,1015,0.4,0.385,5520,1.04,1.022,1015,0,3.96638698688619e-05
"K2-182 b","K2-182","Transit",1,965.8,NA,965.8,0.071,0.022,5128,0.789,0.823,965.8,0,7.92579185023227e-05
"K2-184 b","K2-184","Transit",1,533,NA,533,NA,-0.1,5245,0.75,0.84,533,0,0.0338074950637519
"K2-185 b","K2-185","Transit",1,809,NA,809,NA,-0.1,5788,0.94,0.96,809,0,0.000719417049182235
"K2-185 c","K2-185","Transit",1,477,NA,477,NA,-0.1,5788,0.94,0.96,477,0,0.0714457927927489
"K2-188 b","K2-188","Transit",1,1692,NA,1692,NA,-0.01,5977,1.19,1.06,1692,0,2.89211876885329e-09
"K2-188 c","K2-188","Transit",1,1026,NA,1026,NA,-0.01,5977,1.19,1.06,1026,0,3.39762744096362e-05
"K2-189 b","K2-189","Transit",1,1197,NA,1197,NA,0,5519,0.87,0.94,1197,0,3.06334392038847e-06
"K2-189 c","K2-189","Transit",1,872,NA,872,NA,0,5519,0.87,0.94,872,0,0.000296597079535946
"K2-192 b","K2-192","Transit",1,939,NA,939,NA,0.15,5222,0.81,0.9,939,0,0.000115558964818275
"K2-193 b","K2-193","Transit",1,739,NA,739,NA,0,5817,0.98,1.01,739,0,0.00192411897958828
"K2-195 b","K2-195","Transit",1,720,NA,720,NA,-0.1,5713,0.99,0.94,720,0,0.0025123853659214
"K2-197 b","K2-197","Transit",1,848,NA,848,NA,0.08,5667,0.93,1,848,0,0.000415700808849035
"K2-198 b","K2-198","Transit",1,715.8,NA,715.8,NA,NA,5212.9,0.757,0.799,715.8,0,0.00266493326265141
"K2-198 c","K2-198","Transit",1,1229.9,NA,1229.9,NA,NA,5212.9,0.757,0.799,1229.9,0,1.92815507743954e-06
"K2-198 d","K2-198","Transit",1,943.2,NA,943.2,NA,NA,5212.9,0.757,0.799,943.2,0,0.000108928122386313
"K2-199 b","K2-199","Transit",1,913,116.2,913,0.02,-0.01,4491,0.682,0.711,913,0,0.000166597838606174
"K2-199 c","K2-199","Transit",1,694,38.6,694,0.03,-0.01,4491,0.682,0.711,694,0,0.0036181987453947
"K2-203 b","K2-203","Transit",1,738.4,NA,738.4,0.23,-0.021,5026,0.765,0.793,738.4,0,0.00194040096634175
"K2-204 b","K2-204","Transit",1,1148,NA,1148,0.28,0.21,5783,1.253,1.076,1148,0,6.10431585082407e-06
"K2-208 b","K2-208","Transit",1,1122,NA,1122,0.37,-0.064,5500,0.872,0.881,1122,0,8.80083167527518e-06
"K2-21 b","K2-21","Transit",1,NA,10,495.25081569584,0.1,NA,4222.06,0.646783,0.676023,495.25081569584,0,0.0561732582359472
"K2-21 c","K2-21","Transit",1,NA,5.1,418.521471429788,0.21,NA,4222.06,0.646783,0.676023,418.521471429788,0,0.149081542747998
"K2-211 b","K2-211","Transit",1,1873,NA,1873,0.19,0.134,5117,0.818,0.851,1873,0,2.26522828053636e-10
"K2-214 b","K2-214","Transit",1,1006,NA,1006,NA,0.05,5854,1.27,1.05,1006,0,4.50186443372666e-05
"K2-216 b","K2-216","Transit",1,1103,248,1103,0,0,4503,0.72,0.7,1103,0,1.14982811517086e-05
"K2-220 b","K2-220","Transit",1,758,NA,758,NA,0.04,5660,1.02,0.96,758,0,0.00147338968626015
"K2-222 b","K2-222","Transit",1,871,96,871,0.16,-0.315,5942,1.115,0.989,871,0,0.000300798812717299
"K2-224 b","K2-224","Transit",1,1002,NA,1002,NA,-0.19,5620,0.84,0.91,1002,0,4.76250639007825e-05
"K2-224 c","K2-224","Transit",1,764,NA,764,NA,-0.19,5620,0.84,0.91,764,0,0.0013542629553234
"K2-225 b","K2-225","Transit",1,923,NA,923,0.23,0.486,5520,1.7,1.482,923,0,0.00014473318967988
"K2-226 b","K2-226","Transit",1,1187,NA,1187,0.22,-0.05,5288,0.889,0.856,1187,0,3.52619465762198e-06
"K2-228 b","K2-228","Transit",1,914,NA,914,NA,-0.25,4715,0.65,0.71,914,0,0.00016427039483668
"K2-229 c","K2-229","Transit",1,750,NA,750,NA,-0.09,5315,0.79,0.87,750,0,0.00164865570824219
"K2-230 b","K2-230","Transit",1,1529,NA,1529,NA,0.1,5945,1.39,1.11,1529,0,2.86629545490087e-08
"K2-232 b","K2-232","Transit",1,1030,NA,1030,0.258,0.1,6154,1.161,1.188,1030,0,3.2116800392052e-05
"K2-233 b","K2-233","Transit",1,1127,269,1127,0,-0.082,4796,0.71,0.79,1127,0,8.202922551822e-06
"K2-233 c","K2-233","Transit",1,794,66.2,794,0,-0.082,4796,0.71,0.79,794,0,0.000888328098528982
"K2-233 d","K2-233","Transit",1,525,12.7,525,0.18,-0.082,4796,0.71,0.79,525,0,0.0376838849247199
"K2-237 b","K2-237","Transit",1,1759,NA,1759,0.03,0.337,6180,1.236,1.256,1759,0,1.12661169957065e-09
"K2-238 b","K2-238","Transit",1,1587,NA,1587,0,0.34,5630,1.59,1.19,1587,0,1.26729799604764e-08
"K2-239 b","K2-239","Transit",1,502,NA,502,NA,-0.1,3420,0.36,0.4,502,0,0.0513453054212177
"K2-239 c","K2-239","Transit",1,427,NA,427,NA,-0.1,3420,0.36,0.4,427,0,0.13457180304446
"K2-239 d","K2-239","Transit",1,399,NA,399,NA,-0.1,3420,0.36,0.4,399,0,0.1873790662342
"K2-240 b","K2-240","Transit",1,586,NA,586,NA,-0.1,3810,0.54,0.58,586,0,0.0163272528283017
"K2-240 c","K2-240","Transit",1,389,NA,389,NA,-0.1,3810,0.54,0.58,389,0,0.209752414431761
"K2-241 b","K2-241","Transit",1,507,NA,507,NA,-0.44,5262,0.75,0.71,507,0,0.0480245144883607
"K2-242 b","K2-242","Transit",1,416,NA,416,NA,-0.01,3459,0.37,0.38,416,0,0.153638700779222
"K2-243 b","K2-243","Transit",1,1035,NA,1035,NA,-0.03,6570,1.39,1.29,1035,0,2.99349031171162e-05
"K2-243 c","K2-243","Transit",1,801,NA,801,NA,-0.03,6570,1.39,1.29,801,0,0.000805067104111343
"K2-244 b","K2-244","Transit",1,638,NA,638,NA,-0.29,5677,0.92,0.86,638,0,0.00792195804330409
"K2-245 b","K2-245","Transit",1,923,NA,923,NA,-0.45,5793,1.25,0.83,923,0,0.00014473318967988
"K2-246 b","K2-246","Transit",1,977,NA,977,NA,-0.19,5610,0.94,0.87,977,0,6.77023381699284e-05
"K2-247 b","K2-247","Transit",1,979,NA,979,NA,-0.08,4667,0.69,0.74,979,0,6.58237072317672e-05
"K2-247 c","K2-247","Transit",1,688,NA,688,NA,-0.08,4667,0.69,0.74,688,0,0.00393568606305426
"K2-248 b","K2-248","Transit",1,886,NA,886,NA,-0.1,5528,0.92,0.88,886,0,0.000243576219820991
"K2-249 b","K2-249","Transit",1,1061,NA,1061,NA,0.04,6504,1.57,1.32,1061,0,2.07631839356995e-05
"K2-25 b","K2-25","Transit",1,494,9.91,494,0.428,0.15,3207,0.2932,0.2634,494,0,0.0571137238172838
"K2-250 b","K2-250","Transit",1,1003,NA,1003,0.21,-0.02,5003,0.797,0.809,1003,0,4.69596431211271e-05
"K2-251 b","K2-251","Transit",1,437,NA,437,NA,-0.04,3717,0.49,0.52,437,0,0.119009958315428
"K2-252 b","K2-252","Transit",1,639,NA,639,NA,-0.09,5152,0.82,0.79,639,0,0.00781213141957493
"K2-253 b","K2-253","Transit",1,1238,NA,1238,NA,0,6027,1.1,1.08,1238,0,1.72045121410772e-06
"K2-254 b","K2-254","Transit",1,791,NA,791,NA,-0.14,4629,0.67,0.71,791,0,0.000926595065630282
"K2-254 c","K2-254","Transit",1,551,NA,551,NA,-0.14,4629,0.67,0.71,551,0,0.0264430403148399
"K2-255 b","K2-255","Transit",1,1034,NA,1034,NA,-0.14,4676,0.69,0.71,1034,0,3.03590896992487e-05
"K2-257 b","K2-257","Transit",1,789,NA,789,NA,-0.03,3725,0.5,0.52,789,0,0.000953016989164037
"K2-258 b","K2-258","Transit",1,831,NA,831,NA,0.01,6351,1.31,1.21,831,0,0.000527983460182458
"K2-259 b","K2-259","Transit",1,795,NA,795,NA,0.16,6059,1.13,1.14,795,0,0.000875926604604839
"K2-26 b","K2-26","Transit",1,430,5.8,430,NA,-0.13,3785,0.52,0.56,430,0,0.129730885677953
"K2-260 b","K2-260","Transit",1,2090,NA,2090,0.053,0.334,6860,1.755,1.637,2090,0,1.06907754960281e-11
"K2-261 b","K2-261","Transit",1,1036,NA,1036,0.274,0.372,5490,1.663,1.107,1036,0,2.95166432260349e-05
"K2-263 b","K2-263","Transit",1,470,8.17,470,0.15,-0.08,5368,0.85,0.88,470,0,0.0782625740969464
"K2-264 b","K2-264","Transit",1,496,NA,496,NA,-0.013,3660,0.473,0.496,496,0,0.0556169538885609
"K2-264 c","K2-264","Transit",1,331,NA,331,NA,-0.013,3660,0.473,0.496,331,1,0.375126698117452
"K2-265 b","K2-265","Transit",1,1366,NA,1366,0.16,0.033,5420,0.92,0.901,1366,0,2.84070206128859e-07
"K2-266 b","K2-266","Transit",1,1515,879.5,1515,NA,-0.12,4285,0.703,0.686,1515,0,3.49040618408377e-08
"K2-266 c","K2-266","Transit",1,664.5,32.4,664.5,0.042,-0.12,4285,0.703,0.686,664.5,0,0.00546967228738841
"K2-266 d","K2-266","Transit",1,538.3,13.95,538.3,0.047,-0.12,4285,0.703,0.686,538.3,0,0.0314543516829972
"K2-266 e","K2-266","Transit",1,490.1,9.581,490.1,0.043,-0.12,4285,0.703,0.686,490.1,0,0.0601418336669481
"K2-268 b","K2-268","Transit",1,1136,NA,1136,NA,0.03,5106,0.78,0.84,1136,0,7.22718848153367e-06
"K2-268 c","K2-268","Transit",1,696,NA,696,NA,0.03,5106,0.78,0.84,696,0,0.00351814618579296
"K2-268 d","K2-268","Transit",1,888,NA,888,NA,0.03,5106,0.78,0.84,888,0,0.000236818527485941
"K2-268 e","K2-268","Transit",1,801,NA,801,NA,0.03,5106,0.78,0.84,801,0,0.000805067104111343
"K2-268 f","K2-268","Transit",1,492,NA,492,NA,0.03,5106,0.78,0.84,492,0,0.0586482734379497
"K2-269 b","K2-269","Transit",1,1429,NA,1429,NA,-0.08,6209,1.45,1.16,1429,0,1.17065299845652e-07
"K2-27 b","K2-27","Transit",1,902,116,902,0.251,0.13,5248,0.885,0.866,902,0,0.00019448183779758
"K2-270 b","K2-270","Transit",1,1203,NA,1203,NA,0.26,4877,0.77,0.85,1203,0,2.81533078594605e-06
"K2-270 c","K2-270","Transit",1,848,NA,848,NA,0.26,4877,0.77,0.85,848,0,0.000415700808849035
"K2-271 b","K2-271","Transit",1,893,NA,893,NA,-0.3,5644,0.99,0.83,893,0,0.000220733017643161
"K2-272 b","K2-272","Transit",1,747,NA,747,NA,-0.09,5397,0.83,0.86,747,0,0.00171961932664087
"K2-273 b","K2-273","Transit",1,849,NA,849,NA,0.2,5161,0.85,0.89,849,0,0.000409894715684375
"K2-274 b","K2-274","Transit",1,655,NA,655,NA,-0.16,5044,0.7,0.79,655,0,0.00624707736619736
"K2-275 b","K2-275","Transit",1,1166,NA,1166,NA,-0.06,4841,0.69,0.77,1166,0,4.73847160328307e-06
"K2-275 c","K2-275","Transit",1,653,NA,653,NA,-0.06,4841,0.69,0.77,653,0,0.00642423766685553
"K2-276 b","K2-276","Transit",1,583,NA,583,NA,0.07,5139,0.85,0.82,583,0,0.0170192612362354
"K2-277 b","K2-277","Transit",1,1049,NA,1049,0.52,0.078,5680,0.973,0.974,1049,0,2.45824499938305e-05
"K2-278 b","K2-278","Transit",1,1711,NA,1711,NA,0,6747,1.61,1.4,1711,0,2.21363362854867e-09
"K2-279 b","K2-279","Transit",1,879,NA,879,NA,-0.37,5558,0.86,0.79,879,0,0.000268782782071959
"K2-28 b","K2-28","Transit",1,568,NA,568,0,0.26,3214,0.288,0.257,568,0,0.0209350163556843
"K2-280 b","K2-280","Transit",1,787,NA,787,0.35,0.33,5500,1.28,1.03,787,0,0.000980191596523777
"K2-281 b","K2-281","Transit",1,665,NA,665,NA,0.22,4812,0.76,0.82,665,0,0.00543153302761244
"K2-283 b","K2-283","Transit",1,1186,NA,1186,NA,0.28,5060,0.82,0.89,1186,0,3.57616323497345e-06
"K2-284 b","K2-284","Transit",1,653,42.6,653,0.078,0,4140,0.607,0.63,653,0,0.00642423766685553
"K2-285 b","K2-285","Transit",1,1088.9,234.31,1088.9,0,0,4975,0.787,0.83,1088.9,0,1.40216122204729e-05
"K2-285 c","K2-285","Transit",1,741.4,50.35,741.4,0,0,4975,0.787,0.83,741.4,0,0.00186034331956307
"K2-285 d","K2-285","Transit",1,619.9,24.61,619.9,0,0,4975,0.787,0.83,619.9,0,0.0101963832764332
"K2-285 e","K2-285","Transit",1,500.9,10.5,500.9,0,0,4975,0.787,0.83,500.9,0,0.0521044988662169
"K2-286 b","K2-286","Transit",1,347,NA,347,NA,0,3926,0.62,0.64,347,1,0.324005309590768
"K2-287 b","K2-287","Transit",1,804,NA,804,0.478,0.2,5695,1.07,1.056,804,0,0.000771815179737166
"K2-288 B b","K2-288 B","Transit",1,226.36,NA,226.36,NA,-0.21,3341,0.32,0.33,226.36,1,0.723548477146469
"K2-289 b","K2-289","Transit",1,753,NA,753,NA,0.162,5529,1.025,0.953,753,0,0.00158061591235814
"K2-29 b","K2-29","Transit",1,1171,NA,1171,0.066,0.16,5358,0.86,0.94,1171,0,4.41654905835648e-06
"K2-290 b","K2-290","Transit",1,1230,NA,1230,0,-0.06,6302,1.511,1.194,1230,0,1.92544383257783e-06
"K2-290 c","K2-290","Transit",1,676,NA,676,0,-0.06,6302,1.511,1.194,676,0,0.00465627927718308
"K2-291 b","K2-291","Transit",1,NA,633,1396.93476951101,0,0.08,5520,0.899,0.934,1396.93476951101,0,1.83815066625963e-07
"K2-292 b","K2-292","Transit",1,795,67,795,0.04,0.07,5725,1.09,1,795,0,0.000875926604604839
"K2-293 b","K2-293","Transit",1,750,NA,750,NA,0.218,5532,0.947,0.958,750,0,0.00164865570824219
"K2-294 b","K2-294","Transit",1,1425,NA,1425,NA,0.194,5612,1.2,0.987,1425,0,1.23843286756241e-07
"K2-295 b","K2-295","Transit",1,852,NA,852,0,0.14,4444,0.7,0.74,852,0,0.000392958294179539
"K2-3 b","K2-3","Transit",1,501.3,10.5,501.3,0.107,-0.157,3844,0.546,0.549,501.3,0,0.0518272088727343
"K2-3 c","K2-3","Transit",1,371.8,3.17,371.8,0.048,-0.157,3844,0.546,0.549,371.8,0,0.252675642223091
"K2-3 d","K2-3","Transit",1,305.2,1.44,305.2,0.091,-0.157,3844,0.546,0.549,305.2,1,0.463254754569367
"K2-30 b","K2-30","Transit",1,1092,NA,1092,0,-0.15,5425,0.844,0.9,1092,0,1.34231328004626e-05
"K2-315 b","K2-315","Transit",1,460,7.45,460,NA,-0.24,3300,0.196,0.174,460,0,0.0890347312606539
"K2-316 b","K2-316","Transit",1,841,NA,841,NA,NA,3436,0.379,0.408,841,0,0.000458711565979262
"K2-316 c","K2-316","Transit",1,423,NA,423,NA,NA,3436,0.379,0.408,423,0,0.141262740584868
"K2-317 b","K2-317","Transit",1,432,NA,432,NA,NA,3387,0.379,0.403,432,0,0.12658654458474
"K2-318 b","K2-318","Transit",1,456,NA,456,NA,NA,3851,0.552,0.561,456,0,0.0937067095369219
"K2-319 b","K2-319","Transit",1,641,NA,641,NA,NA,5440,0.898,0.954,641,0,0.00759699001298335
"K2-32 b","K2-32","Transit",1,837,NA,837,0.03,-0.06,5271,0.86,0.83,837,0,0.000485257712824267
"K2-32 c","K2-32","Transit",1,634,NA,634,0.049,-0.06,5271,0.86,0.83,634,0,0.00837679088792199
"K2-32 d","K2-32","Transit",1,550,NA,550,0.05,-0.06,5271,0.86,0.83,550,0,0.0268077122155434
"K2-32 e","K2-32","Transit",1,1066,NA,1066,0.043,-0.06,5271,0.86,0.83,1066,0,1.93525946702259e-05
"K2-320 b","K2-320","Transit",1,698,NA,698,NA,NA,3157,0.3,0.117,698,0,0.00342085083953245
"K2-321 b","K2-321","Transit",1,830,NA,830,0.44,0.148,3750,0.595,0.578,830,0,0.000535461365509687
"K2-322 b","K2-322","Transit",1,635,NA,635,NA,NA,4141,0.602,0.63,635,0,0.00826071116173178
"K2-323 b","K2-323","Transit",1,318,NA,318,NA,NA,3710,0.549,0.478,318,1,0.418883445338283
"K2-324 b","K2-324","Transit",1,707,NA,707,NA,NA,3752,0.505,0.517,707,0,0.00301516608522594
"K2-325 b","K2-325","Transit",1,423,NA,423,NA,NA,3287,0.298,0.274,423,0,0.141262740584868
"K2-326 b","K2-326","Transit",1,1114,NA,1114,NA,NA,3924,0.688,0.507,1114,0,9.8494468404543e-06
"K2-329 b","K2-329","Transit",1,650,45.7,650,0.0697,0.098,5282,0.822,0.901,650,0,0.00669937881915448
"K2-330 b","K2-330","Transit",1,969,NA,969,NA,-0.03,6232,1.5,1.23,969,0,7.57685097839511e-05
"K2-331 b","K2-331","Transit",1,909,NA,909,NA,0.08,5994,1.06,1.1,909,0,0.000176242020943558
"K2-331 c","K2-331","Transit",1,673,NA,673,NA,0.08,5994,1.06,1.1,673,0,0.0048560713091354
"K2-332 b","K2-332","Transit",1,266,NA,266,NA,0.09,3315,0.28,0.27,266,1,0.599731655230525
"K2-333 b","K2-333","Transit",1,826,NA,826,NA,0.07,5880,1.22,1.06,826,0,0.000566446591255847
"K2-334 b","K2-334","Transit",1,1380,NA,1380,NA,0.17,6502,1.49,1.36,1380,0,2.33276339209158e-07
"K2-335 b","K2-335","Transit",1,949,NA,949,NA,0.1,6222,1.33,1.23,949,0,0.000100392091897806
"K2-336 b","K2-336","Transit",1,569,NA,569,NA,-0.17,5424,0.8,0.86,569,0,0.0206485371768805
"K2-337 b","K2-337","Transit",1,850,NA,850,NA,-0.27,5869,1.32,0.94,850,0,0.000404169683433244
"K2-338 b","K2-338","Transit",1,783,NA,783,NA,-0.23,4558,0.63,0.66,783,0,0.00103688506471391
"K2-339 b","K2-339","Transit",1,508,NA,508,NA,-0.11,4857,0.72,0.74,508,0,0.0473852781515513
"K2-34 b","K2-34","Transit",1,1687,NA,1687,NA,0.01,6168,1.42,1.16,1687,0,3.10292649018217e-09
"K2-340 b","K2-340","Transit",1,606,NA,606,NA,0.08,5532,1.13,0.93,606,0,0.0123718454872627
"K2-341 b","K2-341","Transit",1,598,NA,598,NA,-0.05,5817,1.16,0.98,598,0,0.0138255793876854
"K2-342 b","K2-342","Transit",1,861,NA,861,NA,-0.06,5920,1.09,1.01,861,0,0.000346231921922603
"K2-343 b","K2-343","Transit",1,653,NA,653,NA,-0.1,3804,0.46,0.49,653,0,0.00642423766685553
"K2-343 c","K2-343","Transit",1,465,NA,465,NA,-0.1,3804,0.46,0.49,465,0,0.0834908838355182
"K2-344 b","K2-344","Transit",1,722,NA,722,NA,-0.95,4374,0.49,0.51,722,0,0.00244283643844877
"K2-345 b","K2-345","Transit",1,437,NA,437,NA,0.26,3779,0.52,0.56,437,0,0.119009958315428
"K2-346 b","K2-346","Transit",1,450,NA,450,NA,-0.18,4801,0.7,0.71,450,0,0.10112691018396
"K2-347 b","K2-347","Transit",1,640,NA,640,NA,-0.26,4599,0.63,0.66,640,0,0.00770381556157475
"K2-348 b","K2-348","Transit",1,908,NA,908,NA,0.13,5077,0.85,0.83,908,0,0.000178739052821397
"K2-348 c","K2-348","Transit",1,655,NA,655,NA,0.13,5077,0.85,0.83,655,0,0.00624707736619736
"K2-349 b","K2-349","Transit",1,518,NA,518,NA,-0.66,4385,0.49,0.54,518,0,0.0414230799457706
"K2-35 b","K2-35","Transit",1,NA,211,1061.44088840195,0.13,NA,4402.71,0.619575,0.701968,1061.44088840195,0,2.06347734923116e-05
"K2-35 c","K2-35","Transit",1,NA,68,799.746646520713,0.12,NA,4402.71,0.619575,0.701968,799.746646520713,0,0.000819379689325499
"K2-350 b","K2-350","Transit",1,1158,NA,1158,NA,-0.02,5789,1.04,0.98,1158,0,5.30306094628667e-06
"K2-350 c","K2-350","Transit",1,687,NA,687,NA,-0.02,5789,1.04,0.98,687,0,0.00399123501430946
"K2-351 b","K2-351","Transit",1,934,NA,934,NA,0.08,5769,1.05,1.02,934,0,0.000123981060799326
"K2-352 b","K2-352","Transit",1,1160,NA,1160,NA,-0.05,5791,0.95,0.98,1160,0,5.15590061072913e-06
"K2-352 c","K2-352","Transit",1,885,NA,885,NA,-0.05,5791,0.95,0.98,885,0,0.000247027020265475
"K2-352 d","K2-352","Transit",1,727,NA,727,NA,-0.05,5791,0.95,0.98,727,0,0.0022772520868555
"K2-353 b","K2-353","Transit",1,735,NA,735,NA,-0.21,5698,0.99,0.87,735,0,0.00203529719590647
"K2-354 b","K2-354","Transit",1,543,NA,543,NA,-0.04,3669,0.41,0.43,543,0,0.0295007994067919
"K2-355 b","K2-355","Transit",1,1066,NA,1066,NA,-0.12,5790,0.92,0.96,1066,0,1.93525946702259e-05
"K2-356 b","K2-356","Transit",1,624,NA,624,NA,-0.11,5568,0.86,0.9,624,0,0.00963028344577382
"K2-357 b","K2-357","Transit",1,735,NA,735,NA,-0.02,5794,1,0.98,735,0,0.00203529719590647
"K2-358 b","K2-358","Transit",1,888,NA,888,NA,-0.07,5650,0.91,0.93,888,0,0.000236818527485941
"K2-36 b","K2-36","Transit",1,1328,519,1328,0.093,NA,4916,0.718,0.79,1328,0,4.84893497254816e-07
"K2-36 c","K2-36","Transit",1,854,89,854,0.089,NA,4916,0.718,0.79,854,0,0.000382057782292156
"K2-360 c","EPIC 201595106","Radial Velocity",1,912,115,912,0.11,0.01,5679,0.98,0.958,912,0,0.000168958252888153
"K2-37 b","K2-37","Transit",1,974,213.3,974,NA,-0.03,5413,0.85,0.9,974,0,7.0621285385259e-05
"K2-37 c","K2-37","Transit",1,861,130.3,861,NA,-0.03,5413,0.85,0.9,861,0,0.000346231921922603
"K2-37 d","K2-37","Transit",1,663,45.7,663,NA,-0.03,5413,0.85,0.9,663,0,0.00558569537808942
"K2-38 b","K2-38","Transit",1,1310,490,1310,0.11,0.235,5705,1.141,1.054,1310,0,6.24662747443579e-07
"K2-38 c","K2-38","Transit",1,949,135.3,949,0.086,0.235,5705,1.141,1.054,949,0,0.000100392091897806
"K2-4 b","K2-4","Transit",1,NA,15.6,553.485628992192,0.08,NA,4014.73,0.569359,0.635026,553.485628992192,0,0.0255573858762135
"K2-411 b","K2-411","Transit",1,NA,619.038,1389.16722017328,NA,0.1415,5711,1.375,1.018,1389.16722017328,0,2.05044986576893e-07
"K2-412 b","K2-412","Transit",1,NA,243.518,1100.16536005128,NA,0.014,5590,0.977,0.893,1100.16536005128,0,1.19661766860764e-05
"K2-413 b","K2-413","Transit",1,NA,921.755,1534.54304440058,NA,-0.205,4116,0.7,0.808,1534.54304440058,0,2.65122757972945e-08
"K2-413 c","K2-413","Transit",1,NA,69.529,804.204863684244,NA,-0.205,4116,0.7,0.808,804.204863684244,0,0.000769595188539168
"K2-414 b","K2-414","Transit",1,NA,72.113,811.574868958184,NA,-0.102,4343,0.732,0.814,811.574868958184,0,0.000693835684546554
"K2-414 c","K2-414","Transit",1,NA,56.13,762.296560214112,NA,-0.102,4343,0.732,0.814,762.296560214112,0,0.00138707062808377
"K2-415 b","K2-415","Transit",1,412.4,4.82,412.4,NA,-0.13,3173,0.1965,0.1635,412.4,0,0.160341945661353
"K2-416 b","K2-416","Transit",1,447,NA,447,NA,NA,3746,0.554,0.548,447,0,0.105029283459141
"K2-417 b","K2-417","Transit",1,558,NA,558,NA,NA,3861,0.5776,0.569,558,0,0.0240221823738676
"K2-419 A b","K2-419 A","Transit",1,377,3.3,377,0.042,-0.11,3711,0.541,0.562,377,0,0.239110335059469
"K2-42 b","K2-42","Transit",1,NA,44.1,717.686615410605,NA,NA,4613,0.643,0.702,717.686615410605,0,0.00259529909442261
"K2-43 b","K2-43","Transit",1,939.3,NA,939.3,NA,NA,3840.6,0.542,0.571,939.3,0,0.000115072230782047
"K2-43 c","K2-43","Transit",1,1093.7,NA,1093.7,NA,NA,3840.6,0.542,0.571,1093.7,0,1.31058502449081e-05
"K2-45 b","K2-45","Transit",1,NA,100,880.694328356894,NA,NA,4103,0.445,0.503,880.694328356894,0,0.000262452087412445
"K2-46 b","K2-46","Transit",1,NA,119,919.839255638399,NA,NA,6256,1.29,0.96,919.839255638399,0,0.000151314592667961
"K2-47 b","K2-47","Transit",1,NA,10.7,503.699064117555,NA,NA,5054,0.76,0.75,503.699064117555,0,0.0501931854162583
"K2-48 b","K2-48","Transit",1,NA,15.3,550.805232411383,NA,NA,4899,0.73,0.77,550.805232411383,0,0.0265136861096657
"K2-49 b","K2-49","Transit",1,NA,59,771.859408689576,NA,NA,4175,0.45,0.51,771.859408689576,0,0.0012126491383441
"K2-5 b","K2-5","Transit",1,565,24.1,565,NA,-0.33,3930,0.57,0.61,565,0,0.0218179869135167
"K2-5 c","K2-5","Transit",1,456,10.2,456,NA,-0.33,3930,0.57,0.61,456,0,0.0937067095369219
"K2-50 b","K2-50","Transit",1,NA,18.8,579.915426672468,NA,NA,4326,0.546,0.611,579.915426672468,0,0.0177608195499811
"K2-52 b","K2-52","Transit",1,2004,NA,2004,NA,0.055,7147,2.192,1.691,2004,0,3.58559684980746e-11
"K2-53 b","K2-53","Transit",1,665,NA,665,NA,-0.037,5263,0.807,0.851,665,0,0.00543153302761244
"K2-54 b","K2-54","Transit",1,560,NA,560,0.24,-0.02,3990,0.643,0.615,560,0,0.0233711412783653
"K2-55 b","K2-55","Transit",1,NA,115,912.010124518242,NA,NA,4456,0.63,0.696,912.010124518242,0,0.000168934188068906
"K2-57 b","K2-57","Transit",1,635.8,NA,635.8,0.25,0.08,4413,0.671,0.699,635.8,0,0.00816899706286383
"K2-58 b","K2-58","Transit",1,NA,118,917.900700595437,NA,NA,5413,0.86,0.89,917.900700595437,0,0.000155498300403922
"K2-58 c","K2-58","Transit",1,NA,462,1291.17673875357,NA,NA,5413,0.86,0.89,1291.17673875357,0,8.14096414082228e-07
"K2-58 d","K2-58","Transit",1,NA,24.6,620.238865080437,NA,NA,5413,0.86,0.89,620.238865080437,0,0.0101483722264653
"K2-59 b","K2-59","Transit",1,NA,17.1,566.336075662272,NA,NA,5055,0.731,0.774,566.336075662272,0,0.021420338715349
"K2-59 c","K2-59","Transit",1,NA,38.3,692.827141779293,NA,NA,5055,0.731,0.774,692.827141779293,0,0.00367818605011689
"K2-6 b","K2-6","Transit",1,615,NA,615,NA,-0.14,5850,0.96,0.97,615,0,0.010916273995788
"K2-60 b","K2-60","Transit",1,1400,NA,1400,0,0.01,5500,1.12,0.97,1400,0,1.76055364642409e-07
"K2-61 b","K2-61","Transit",1,NA,1686,1784.59467215914,NA,NA,6293,1.36,1.21,1784.59467215914,0,7.85892883336501e-10
"K2-62 b","K2-62","Transit",1,NA,66,793.800162351946,NA,NA,4880,0.73,0.77,793.800162351946,0,0.000890827336124242
"K2-62 c","K2-62","Transit",1,NA,20.5,592.602753086121,NA,NA,4880,0.73,0.77,592.602753086121,0,0.0149002239213203
"K2-63 b","K2-63","Transit",1,NA,188,1031.25166281559,NA,NA,6771,1.63,1.4,1031.25166281559,0,3.15561138064684e-05
"K2-63 c","K2-63","Transit",1,NA,139,956.266407008987,NA,NA,6771,1.63,1.4,956.266407008987,0,9.06354719131993e-05
"K2-64 b","K2-64","Transit",1,NA,98,876.257439995352,NA,NA,5312,0.726,0.741,876.257439995352,0,0.000279355248635433
"K2-65 b","K2-65","Transit",1,NA,45,721.320587855011,NA,NA,5213,0.84,0.87,721.320587855011,0,0.00246624453251934
"K2-66 b","K2-66","Transit",1,1372,840,1372,0,-0.047,5887,1.67,1.11,1372,0,2.61071377394377e-07
"K2-68 b","K2-68","Transit",1,NA,41,704.727410340215,NA,NA,4746,0.675,0.73,704.727410340215,0,0.00311283894169113
"K2-69 b","K2-69","Transit",1,NA,17.9,572.846754951071,NA,NA,4127,0.491,0.551,572.846754951071,0,0.0195818737688496
"K2-7 b","K2-7","Transit",1,786,NA,786,0.24,0.049,5700,1.533,1.056,786,0,0.000994067820361369
"K2-70 b","K2-70","Transit",1,NA,62,781.489454328126,NA,NA,5622,0.93,0.94,781.489454328126,0,0.00105913665716129
"K2-71 b","K2-71","Transit",1,NA,13.4,532.845618626699,NA,NA,4006,0.426,0.477,532.845618626699,0,0.0338785255139997
"K2-72 b","K2-72","Transit",1,NA,8.5,475.532201120999,0.11,NA,3360.47,0.330989,0.271365,475.532201120999,0,0.072828178398917
"K2-72 c","K2-72","Transit",1,NA,2.2,339.180495048208,0.11,NA,3360.47,0.330989,0.271365,339.180495048208,1,0.348555440929427
"K2-72 d","K2-72","Transit",1,NA,5.4,424.544911083181,0.11,NA,3360.47,0.330989,0.271365,424.544911083181,0,0.13864616150348
"K2-72 e","K2-72","Transit",1,NA,1.2,291.487886320701,0.11,NA,3360.47,0.330989,0.271365,291.487886320701,1,0.511423095055111
"K2-73 b","K2-73","Transit",1,NA,213,1063.94725977742,NA,NA,5922,1.06,1.05,1063.94725977742,0,1.99197277729446e-05
"K2-74 b","K2-74","Transit",1,NA,59.1,772.186260089815,NA,NA,6060,0.98,0.96,772.186260089815,0,0.00120709142971396
"K2-75 b","K2-75","Transit",1,NA,430,1268.21332919866,NA,NA,5995,1.56,1.16,1268.21332919866,0,1.12462250772172e-06
"K2-75 c","K2-75","Transit",1,NA,138,954.541843802161,NA,NA,5995,1.56,1.16,954.541843802161,0,9.2861600479361e-05
"K2-77 b","K2-77","Transit",1,806,NA,806,0.29,0.13,5160,0.792,0.847,806,0,0.000750413213062968
"K2-79 b","K2-79","Transit",1,1022,181,1022,0.23,0.035,5897,1.265,1.066,1022,0,3.59434029661656e-05
"K2-8 b","K2-8","Transit",1,631,37.7,631,NA,-0.02,4870,0.74,0.78,631,0,0.00873482200177719
"K2-8 c","K2-8","Transit",1,801,97.8,801,NA,-0.02,4870,0.74,0.78,801,0,0.000805067104111343
"K2-80 b","K2-80","Transit",1,NA,32.5,664.960793450996,NA,NA,5441,0.87,0.9,664.960793450996,0,0.00543451406459456
"K2-80 c","K2-80","Transit",1,NA,166,999.659785360467,NA,NA,5441,0.87,0.9,999.659785360467,0,4.92193756829106e-05
"K2-81 b","K2-81","Transit",1,NA,62.9,784.310196025345,0.06,NA,4674.13,0.634663,0.745273,784.310196025345,0,0.00101796334913626
"K2-83 b","K2-83","Transit",1,NA,41.5,706.866213107875,NA,NA,3910,0.424,0.484,706.866213107875,0,0.00302083047173256
"K2-83 c","K2-83","Transit",1,NA,7.42,459.648847820873,NA,NA,3910,0.424,0.484,459.648847820873,0,0.0894363108982539
"K2-84 b","K2-84","Transit",1,NA,178,1017.25585943645,NA,NA,5652,0.93,0.95,1017.25585943645,0,3.84246483680215e-05
"K2-84 c","K2-84","Transit",1,NA,25.3,624.604817840531,NA,NA,5652,0.93,0.95,624.604817840531,0,0.00954945153163433
"K2-86 b","K2-86","Transit",1,NA,78,827.654060736934,NA,NA,5482,0.76,0.79,827.654060736934,0,0.000553422155999983
"K2-87 b","K2-87","Transit",1,979,NA,979,NA,0.328,5747,1.401,1.164,979,0,6.58237072317672e-05
"K2-88 b","K2-88","Transit",1,NA,7.8,465.424081313981,NA,NA,3537,0.256,0.258,465.424081313981,0,0.0830353939347332
"K2-89 b","K2-89","Transit",1,NA,78,827.654060736934,NA,NA,3691,0.318,0.347,827.654060736934,0,0.000553422155999983
"K2-9 b","K2-9","Transit",1,314,1.36,314,NA,-0.25,3390,0.31,0.3,314,1,0.432643551670613
"K2-90 b","K2-90","Transit",1,502,NA,502,NA,-0.225,4484,0.619,0.629,502,0,0.0513453054212177
"K2-90 c","K2-90","Transit",1,NA,80.8,834.983781032555,0.19,NA,4421.98,0.634754,0.704613,834.983781032555,0,0.000499215019253441
"K2-91 b","K2-91","Transit",1,NA,46,725.294956368551,NA,NA,3622,0.284,0.292,725.294956368551,0,0.00233241990903
"K2-95 b","K2-95","Transit",1,474,NA,474,NA,0.1,3566,0.4,0.41,474,0,0.0742974764887177
"K2-97 b","K2-97","Transit",1,1566,NA,1566,0.207,0.328,4673,4.14,1.17,1566,0,1.70298676162154e-08
"K2-98 b","K2-98","Transit",1,1185,NA,1185,0.119,-0.044,6260,1.518,1.246,1185,0,3.62683989849407e-06
"K2-99 b","K2-99","Transit",1,1184,NA,1184,0.22,0.2,6069,2.55,1.44,1184,0,3.67823468213691e-06
"K2-99 c","K2-99","Radial Velocity",1,390,NA,390,0.21,0.2,6069,2.55,1.44,390,0,0.207429538396902
"KELT-10 b","KELT-10","Transit",1,1377,600,1377,NA,0.09,5948,1.209,1.112,1377,0,2.43334621749705e-07
"KELT-11 b","KELT-11","Transit",1,1712,NA,1712,0,0.17,5375,2.69,1.44,1712,0,2.18270312965141e-09
"KELT-12 b","KELT-12","Transit",1,1800,1749,1800,0,0.19,6279,2.37,1.591,1800,0,6.3273269824649e-10
"KELT-14 b","KELT-14","Transit",1,1970,NA,1970,0,0.32,5720,1.52,1.239,1970,0,5.78546043334709e-11
"KELT-16 b","KELT-16","Transit",1,2453,NA,2453,0,-0.002,6236,1.36,1.211,2453,0,6.46680606261857e-14
"KELT-17 b","KELT-17","Transit",1,2087,NA,2087,NA,-0.018,7454,1.645,1.635,2087,0,1.11517346616509e-11
"KELT-18 b","KELT-18","Transit",1,2085,3152,2085,0,0.09,6670,1.908,1.524,2085,0,1.14700305020101e-11
"KELT-19 A b","KELT-19 A","Transit",1,1935,2340,1935,NA,-0.12,7500,1.83,1.62,1935,0,9.46728542381525e-11
"KELT-20 b","KELT-20","Transit",1,2262,4362.5,2262,NA,-0.29,8720,1.565,1.76,2262,0,9.50396248547718e-13
"KELT-21 b","KELT-21","Transit",1,2051,2950,2051,0,-0.405,7598,1.638,1.458,2051,0,1.85072138389512e-11
"KELT-23 A b","KELT-23 A","Transit",1,1561,991.183,1561,0,-0.105,5899,0.996,0.944,1561,0,1.82711816213369e-08
"KELT-24 b","KELT-24","Transit",1,1391,624,1391,0.0319,0.138,6426,1.338,1.268,1391,0,1.99824579017647e-07
"KELT-4 A b","KELT-4 A","Transit",1,1823,1840,1823,0,-0.116,6206,1.603,1.201,1823,0,4.57789268271042e-10
"KELT-9 b","KELT-9","Transit",1,4050,44900,4050,0,-0.03,10170,2.362,2.52,4050,0,1.12539974177696e-23
"KOBE-1 b","KOBE-1","Radial Velocity",1,594.4,20.56,594.4,0,-0.01,4135,0.619,0.629,594.4,0,0.0145335368934899
"KOBE-1 c","KOBE-1","Radial Velocity",1,392.5,3.91,392.5,0,-0.01,4135,0.619,0.629,392.5,0,0.20170566067798
"KOI-1257 b","KOI-1257","Transit",1,511,NA,511,0.772,0.27,5520,1.13,0.99,511,0,0.0455157490559407
"KOI-13 b","KOI-13","Transit",1,2550,NA,2550,0.00064,0.2,7650,1.74,1.72,2550,0,1.65164151094925e-14
"KOI-134 b","KOI-134","Transit",1,659,45,659,0.16,0.427,6160,1.667,1.407,659,0,0.005907192268528
"KOI-1783.01","KOI-1783","Transit",1,NA,5.7,430.322360360075,0,0.11,5922,1.143,1.076,430.322360360075,0,0.129219625258566
"KOI-1783.02","KOI-1783","Transit",1,NA,2.49,349.844488434652,0,0.11,5922,1.143,1.076,349.844488434652,1,0.315301155274079
"KOI-1831 d","Kepler-324","Transit",1,475,NA,475,NA,NA,5233,0.835,0.901,475,0,0.0733354704791874
"KOI-1833 d","Kepler-968","Transit",1,613,NA,613,NA,NA,4413,0.667,0.681,613,0,0.0112243520234786
"KOI-3503 b","KOI-3503","Transit",1,785,NA,785,NA,NA,6001,1.255,0.858,785,0,0.00100814028673075
"KOI-3503 c","KOI-3503","Transit",1,686,NA,686,NA,NA,6001,1.255,0.858,686,0,0.00404756480709351
"KOI-3680 b","KOI-3680","Transit",1,347,NA,347,0.496,0.16,5830,0.96,1.01,347,1,0.324005309590768
"KOI-4777.01","KOI-4777","Transit",1,1180,320,1180,0,0.1,3515,0.4,0.41,1180,0,3.89120071595197e-06
"KOI-94 b","KOI-94","Transit",1,1486,NA,1486,0.25,0.0228,6182,1.52,1.277,1486,0,5.24924772533545e-08
"KOI-94 c","KOI-94","Transit",1,1012,NA,1012,0.43,0.0228,6182,1.52,1.277,1012,0,4.13740047331317e-05
"KOI-94 d","KOI-94","Transit",1,806,NA,806,0.022,0.0228,6182,1.52,1.277,806,0,0.000750413213062968
"KOI-94 e","KOI-94","Transit",1,584,NA,584,0.019,0.0228,6182,1.52,1.277,584,0,0.0167854474123051
"KOI-984 b","KOI-984","Transit",1,1022,NA,1022,0.12,0.12,5295,0.818,0.928,1022,0,3.59434029661656e-05
"KOI-984 c","KOI-984","Transit Timing Variations",1,597,NA,597,0.38,0.12,5295,0.818,0.928,597,0,0.0140187514208168
"KPS-1 b","KPS-1","Transit",1,1459,729,1459,0,0.22,5165,0.907,0.892,1459,0,7.67531166930484e-08
"Kepler-10 b","Kepler-10","Transit",1,2188,NA,2188,0,-0.15,5708,1.065,0.91,2188,0,2.69230395782658e-12
"Kepler-10 c","Kepler-10","Transit",1,579,NA,579,0.136,-0.15,5708,1.065,0.91,579,0,0.0179869385654422
"Kepler-10 d","Kepler-10","Radial Velocity",1,387,NA,387,0.19,-0.15,5708,1.065,0.91,387,0,0.214455321480623
"Kepler-101 b","Kepler-101","Transit",1,1513,NA,1513,0.086,0.33,5667,1.56,1.17,1513,0,3.59003030207026e-08
"Kepler-101 c","Kepler-101","Transit",1,1413,NA,1413,0,0.33,5667,1.56,1.17,1413,0,1.46624090572121e-07
"Kepler-102 b","Kepler-102","Transit",1,857,90,857,0.1,0.11,4909,0.724,0.803,857,0,0.000366271132343331
"Kepler-102 c","Kepler-102","Transit",1,777,61,777,0.094,0.11,4909,0.724,0.803,777,0,0.00112812542379831
"Kepler-102 d","Kepler-102","Transit",1,686,36.9,686,0.092,0.11,4909,0.724,0.803,686,0,0.00404756480709351
"Kepler-102 e","Kepler-102","Transit",1,590,20.3,590,0.089,0.11,4909,0.724,0.803,590,0,0.0154474601936914
"Kepler-102 f","Kepler-102","Transit",1,495,10,495,0.1,0.11,4909,0.724,0.803,495,0,0.0563606670870799
"Kepler-103 b","Kepler-103","Transit",1,973,149.9,973,0.093,0.16,6009,1.492,1.212,973,0,7.16219689492918e-05
"Kepler-103 c","Kepler-103","Transit",1,434,5.95,434,0.095,0.16,6009,1.492,1.212,434,0,0.123507598451429
"Kepler-1052 c","Kepler-1052","Transit",1,302,1.96,302,0,-0.22,5818,0.848,0.937,302,1,0.474467626921751
"Kepler-107 b","Kepler-107","Transit",1,1592,1073,1592,0.1,0.321,5854,1.447,1.238,1592,0,1.1811998557102e-08
"Kepler-107 c","Kepler-107","Transit",1,1378,602,1378,0.08,0.321,5854,1.447,1.238,1378,0,2.39934574260727e-07
"Kepler-107 d","Kepler-107","Transit",1,1173,315,1173,0.11,0.321,5854,1.447,1.238,1173,0,4.29398938796775e-06
"Kepler-107 e","Kepler-107","Transit",1,955,138.7,955,0.1,0.321,5854,1.447,1.238,955,0,9.22649175223901e-05
"Kepler-109 b","Kepler-109","Transit",1,1276,442,1276,0.11,-0.02,5950,1.387,1.094,1276,0,1.00791036358458e-06
"Kepler-109 c","Kepler-109","Transit",1,859,91,859,0.098,-0.02,5950,1.387,1.094,859,0,0.000356110648327875
"Kepler-111 c","Kepler-111","Transit",1,352.2,2.48,352.2,0.176,0.237,5914,1.145,1.118,352.2,0,0.308189782597002
"Kepler-1126 c","Kepler-1126","Transit",1,305,2.06,305,0,-0.4,5678,0.921,0.794,305,1,0.463954589876193
"Kepler-1162 c","Kepler-1162","Transit",1,401,6.14,401,0,0.14,5225,0.859,0.861,401,0,0.18313150540629
"Kepler-117 b","Kepler-117","Transit",1,984,NA,984,0.0493,-0.04,6150,1.606,1.129,984,0,6.13520271950954e-05
"Kepler-117 c","Kepler-117","Transit",1,704,NA,704,0.0323,-0.04,6150,1.606,1.129,704,0,0.00314476357193223
"Kepler-1181 c","Kepler-1181","Transit",1,1124,377.25,1124,0,0.07,6688,1.347,1.336,1124,0,8.55660877245666e-06
"Kepler-12 b","Kepler-12","Transit",1,1480,NA,1480,NA,0.07,5947,1.483,1.166,1480,0,5.71167519641284e-08
"Kepler-130 c","Kepler-130","Transit",1,683,NA,683,0,0.02,5879,1.17,1,683,0,0.00422134883841427
"Kepler-138 b","Kepler-138","Transit",1,452,9.9,452,0.02,-0.18,3841,0.535,0.535,452,0,0.0985973094511531
"Kepler-138 c","Kepler-138","Transit",1,410,6.8,410,0.017,-0.18,3841,0.535,0.535,410,0,0.164940937562742
"Kepler-138 d","Kepler-138","Transit",1,345,3.4,345,0.01,-0.18,3841,0.535,0.535,345,1,0.33019952231112
"Kepler-138 e","Kepler-138","Transit Timing Variations",1,292,1.73,292,0.112,-0.18,3841,0.535,0.535,292,1,0.509622373124747
"Kepler-1471 c","Kepler-1471","Transit",1,841,118.5,841,0,0.16,5533,1.166,0.934,841,0,0.000458711565979262
"Kepler-1487 c","Kepler-1487","Transit",1,991,227.68,991,0,0.4,5745,3.955,1.801,991,0,5.55973264808904e-05
"Kepler-1491 c","Kepler-1491","Transit",1,530,18.66,530,0,0.14,5626,1.389,0.991,530,0,0.035213857621518
"Kepler-1514 b","Kepler-1514","Transit",1,387.9,3.23,387.9,0.401,0.119,6145,1.289,1.196,387.9,0,0.212329582547441
"Kepler-1514 c","Kepler-1514","Transit",1,1066,193,1066,0.32,0.119,6145,1.289,1.196,1066,0,1.93525946702259e-05
"Kepler-1518 c","Kepler-1518","Transit",1,1094,338.33,1094,0,-0.34,6432,1.345,1.06,1094,0,1.30506428079515e-05
"Kepler-1610 c","Kepler-1610","Transit",1,433,8.34,433,0,-0.1,5295,0.8,0.825,433,0,0.125038949120897
"Kepler-164 e","Kepler-164","Transit",1,429,7.99,429,0,-0.1,5888,1.097,0.966,429,0,0.131327836501647
"Kepler-1649 b","Kepler-1649","Transit",1,307,2.208,307,NA,-0.15,3240,0.2317,0.1977,307,1,0.456963075959516
"Kepler-1649 c","Kepler-1649","Transit",1,234,0.75,234,NA,-0.15,3240,0.2317,0.1977,234,1,0.701536985947625
"Kepler-1652 b","Kepler-1652","Transit",1,268,0.81,268,NA,-0.3,3638,0.382,0.404,268,1,0.5929573734912
"Kepler-1653 b","Kepler-1653","Transit",1,284,0.98,284,NA,-0.18,4807,0.693,0.719,284,1,0.537694434497747
"Kepler-1654 b","Kepler-1654","Transit",1,206,0.3,206,0.26,-0.088,5597,1.179,1.011,206,1,0.777061407858481
"Kepler-1655 b","Kepler-1655","Transit",1,938,129.1,938,0.19,-0.24,6148,1.03,1.03,938,0,0.000117196327911232
"Kepler-1661 b","Kepler-1661","Transit",1,243,0.88,243,0.057,-0.12,5100,0.762,0.841,243,1,0.674363206953423
"Kepler-1669 d","Kepler-1669","Transit",1,669,47.3,669,0,-0.2,4224,0.603,0.609,669,0,0.00513578998312045
"Kepler-167 b","Kepler-167","Transit",1,918,NA,918,0,0.02,4884,0.749,0.777,918,0,0.000155281213009613
"Kepler-167 c","Kepler-167","Transit",1,771,NA,771,0,0.02,4884,0.749,0.777,771,0,0.00122738458368153
"Kepler-167 d","Kepler-167","Transit",1,538,NA,538,0,0.02,4884,0.749,0.777,538,0,0.0315832105837123
"Kepler-167 e","Kepler-167","Transit",1,134.4,NA,134.4,0.29,0.02,4884,0.749,0.777,134.4,0,0.90517760661278
"Kepler-17 b","Kepler-17","Transit",1,1570,NA,1570,0.011,0.26,5781,1.01034,1.04,1570,0,1.60978168408393e-08
"Kepler-1704 b","Kepler-1704","Transit",1,253.8,0.342,253.8,0.92,0.196,5746,1.697,1.132,253.8,1,0.640150302759878
"Kepler-1708 b","Kepler-1708","Transit",1,NA,0.561,241.027121861366,0.4,0,6157,1.117,1.088,241.027121861366,1,0.680429674173136
"Kepler-177 b","Kepler-177","Transit",1,NA,30.4,653.948571470818,0,-0.11,5732,1.324,0.921,653.948571470818,0,0.00633959923550462
"Kepler-177 c","Kepler-177","Transit",1,NA,25.4,625.221103560869,0,-0.11,5732,1.324,0.921,625.221103560869,0,0.00946777814683397
"Kepler-1801 c","Kepler-1801","Transit",1,371,4.47,371,0,-0.06,5738,0.981,0.936,371,0,0.254807223316456
"Kepler-1814 c","Kepler-1814","Transit",1,1711,2011.27,1711,0,0.2,4922,0.823,0.79,1711,0,2.21363362854867e-09
"Kepler-1834 c","Kepler-1834","Transit",1,1541,1334.22,1541,0,0.16,4821,0.788,0.765,1541,0,2.42096262666377e-08
"Kepler-1859 c","Kepler-1859","Transit",1,1327,732.82,1327,0,0.16,5887,1.235,1.09,1327,0,4.91764789202905e-07
"Kepler-186 f","Kepler-186","Transit",1,NA,0.3,206.113061051101,0.04,-0.26,3755,0.523,0.544,206.113061051101,1,0.776785681599672
"Kepler-1869 c","Kepler-1869","Transit",1,1455,1056.84,1455,0,-0.06,5808,0.902,0.987,1455,0,8.11970607410649e-08
"Kepler-1876 b","Kepler-1876","Transit",1,1299,475,1299,0.098,0.01,6104,1.477,1.187,1299,0,7.29234758390358e-07
"Kepler-1894 c","Kepler-1894","Transit",1,1007,243.06,1007,0,0,5772,0.901,0.999,1007,0,4.43896390204889e-05
"Kepler-19 b","Kepler-19","Transit",1,851,87.6,851,0.41,-0.13,5541,0.859,0.936,851,0,0.000398524581285204
"Kepler-1921 c","Kepler-1921","Transit",1,1791,2436.47,1791,0,0.02,6120,2,1.251,1791,0,7.18157883510594e-10
"Kepler-1976 b","Kepler-1976","Transit Timing Variations",1,1103,349.4,1103,0,0.1,5712,1.082,0.976,1103,0,1.14982811517086e-05
"Kepler-1977 b","Kepler-1977","Transit",1,798,95.61,798,0,-0.06,4805,0.688,0.769,798,0,0.000839750409057414
"Kepler-1978 b","Kepler-1978","Transit",1,676,49.3,676,0,-0.04,5251,0.778,0.869,676,0,0.00465627927718308
"Kepler-1979 b","Kepler-1979","Transit",1,683,51.32,683,0,-0.06,5942,0.938,1.028,683,0,0.00422134883841427
"Kepler-1980 b","Kepler-1980","Transit",1,564,23.95,564,0,0.14,5819,0.99,1.049,564,0,0.0221203246459323
"Kepler-1981 b","Kepler-1981","Transit",1,390,5.45,390,0,0.12,5874,3.006,1.519,390,0,0.207429538396902
"Kepler-1982 b","Kepler-1982","Transit",1,1282,638.38,1282,0,0.21,6202,1.122,1.213,1282,0,9.26308203586929e-07
"Kepler-1983 b","Kepler-1983","Transit",1,807,100.13,807,0,0.12,5135,0.874,0.812,807,0,0.000739935652359406
"Kepler-1984 b","Kepler-1984","Transit",1,675,48.82,675,0,-0.14,3638,0.42,0.45,675,0,0.00472195059050942
"Kepler-1985 b","Kepler-1985","Transit",1,1129,382.68,1129,0,0.14,5370,0.966,0.877,1129,0,7.97529148288372e-06
"Kepler-1986 b","Kepler-1986","Transit",1,579,26.62,579,0,-0.54,5549,0.732,0.776,579,0,0.0179869385654422
"Kepler-1987 b","Kepler-1987","Transit",1,997,233.38,997,0,0.12,4769,0.714,0.799,997,0,5.10962969446148e-05
"Kepler-1987 c","Kepler-1987","Transit",1,860,129.44,860,0,0.12,4769,0.714,0.799,860,0,0.00035113655855954
"Kepler-1987 d","Kepler-1987","Transit",1,744,72.38,744,0,0.12,4769,0.714,0.799,744,0,0.00179363196719757
"Kepler-1987 e","Kepler-1987","Transit",1,643,40.33,643,0,0.12,4769,0.714,0.799,643,0,0.0073877293555557
"Kepler-1988 b","Kepler-1988","Transit",1,1105,351.79,1105,0,-0.1,6033,1.788,1.127,1105,0,1.11792049167326e-05
"Kepler-1989 b","Kepler-1989","Transit",1,904,157.97,904,0,-0.14,6032,1.06,0.999,904,0,0.000189085944992904
"Kepler-1990 b","Kepler-1990","Transit",1,1554,1372.87,1554,0,0.21,5751,1.071,1.028,1554,0,2.01624889507921e-08
"Kepler-1990 c","Kepler-1990","Transit",1,1170,442.08,1170,0,0.21,5751,1.071,1.028,1170,0,4.47913450680748e-06
"Kepler-1991 b","Kepler-1991","Transit",1,760,78.79,760,0,0.16,5478,1.053,0.914,760,0,0.00143256137507788
"Kepler-1991 c","Kepler-1991","Transit",1,634,38.27,634,0,0.16,5478,1.053,0.914,634,0,0.00837679088792199
"Kepler-1992 b","Kepler-1992","Transit",1,637,38.99,637,0,0,5383,0.842,0.874,637,0,0.00803331616039289
"Kepler-1993 b","Kepler-1993","Transit",1,903,157.45,903,0,-0.04,5159,3.062,1.373,903,0,0.000191764917229276
"Kepler-1994 b","Kepler-1994","Transit",1,1032,268.27,1032,0,0.16,5495,0.961,0.932,1032,0,3.12255800277493e-05
"Kepler-1995 b","Kepler-1995","Transit",1,375,4.66,375,0,0.48,5029,0.93,0.847,375,0,0.244268018520078
"Kepler-1996 b","Kepler-1996","Transit",1,392,5.61,392,0,0.08,4580,0.675,0.748,392,0,0.202840919506204
"Kepler-1996 c","Kepler-1996","Transit",1,276,1.38,276,0,0.08,4580,0.675,0.748,276,1,0.565529517131548
"Kepler-1997 b","Kepler-1997","Transit",1,660,44.86,660,0,-0.06,6215,1.052,1.111,660,0,0.00582513348614466
"Kepler-1998 b","Kepler-1998","Transit",1,1187,468.31,1187,0,0.06,5640,0.921,0.962,1187,0,3.52619465762198e-06
"Kepler-1999 b","Kepler-1999","Transit",1,577,26.17,577,0,-0.24,4406,0.628,0.632,577,0,0.0184908336788506
"Kepler-20 b","Kepler-20","Transit",1,1187,331,1187,0.083,0.07,5495,0.9164,0.929,1187,0,3.52619465762198e-06
"Kepler-20 c","Kepler-20","Transit",1,828,78.7,828,0.076,0.07,5495,0.9164,0.929,828,0,0.000550736232217537
"Kepler-20 d","Kepler-20","Transit",1,430,5.71,430,0.082,0.07,5495,0.9164,0.929,430,0,0.129730885677953
"Kepler-20 e","Kepler-20","Transit",1,1004,169.8,1004,0.092,0.07,5495,0.9164,0.929,1004,0,4.63035192174077e-05
"Kepler-20 f","Kepler-20","Transit",1,681,35.9,681,0.094,0.07,5495,0.9164,0.929,681,0,0.00434131265255622
"Kepler-20 g","Kepler-20","Radial Velocity",1,524,NA,524,0.15,0.07,5495,0.9639,0.948,524,0,0.0381974953464689
"Kepler-2000 b","Kepler-2000","Transit",1,530,18.73,530,0,0.48,3757,0.576,0.581,530,0,0.035213857621518
"Kepler-2000 c","Kepler-2000","Transit",1,359,3.92,359,0,0.48,3757,0.576,0.581,359,0,0.28817164908691
"Kepler-2001 b","Kepler-2001","Transit",1,1402,911.28,1402,0,0.12,5081,0.77,0.864,1402,0,1.71169790830076e-07
"Kepler-2001 c","Kepler-2001","Transit",1,597,30.1,597,0,0.12,5081,0.77,0.864,597,0,0.0140187514208168
"Kepler-21 b","Kepler-21","Transit",1,2015,2749,2015,0,-0.03,6305,1.902,1.408,2015,0,3.07142318635746e-11
"Kepler-22 b","Kepler-22","Transit",1,279,1.013,279,0.72,-0.255,5596,0.869,0.857,279,1,0.5551301164676
"Kepler-26 b","Kepler-26","Transit",1,NA,7.6,462.411469434271,NA,-0.13,3914,0.512,0.544,462.411469434271,0,0.0863206636941397
"Kepler-26 c","Kepler-26","Transit",1,NA,4.82,412.654854997874,NA,-0.13,3914,0.512,0.544,412.654854997874,0,0.159859723951314
"Kepler-29 b","Kepler-29","Transit",1,NA,55.9,761.514454985314,0,-0.44,5378,0.732,0.761,761.514454985314,0,0.00140239841172992
"Kepler-29 c","Kepler-29","Transit",1,NA,34.4,674.473374512817,0,-0.44,5378,0.732,0.761,674.473374512817,0,0.00475690449846294
"Kepler-290 d","Kepler-290","Transit",1,1589,1503.79,1589,0,-0.06,5142,0.755,0.84,1589,0,1.23213020154166e-08
"Kepler-296 b","Kepler-296","Transit",1,NA,6.5,444.686083809783,0.33,-0.08,3740,0.48,0.498,444.686083809783,0,0.108129431507553
"Kepler-296 c","Kepler-296","Transit",1,NA,14.8,546.248966577946,0.33,-0.08,3740,0.48,0.498,546.248966577946,0,0.0282196766378065
"Kepler-296 d","Kepler-296","Transit",1,NA,2.9,363.433284477437,0.33,-0.08,3740,0.48,0.498,363.433284477437,0,0.275546253179309
"Kepler-296 e","Kepler-296","Transit",1,NA,1.41,303.479931715485,0.33,-0.08,3740,0.48,0.498,303.479931715485,1,0.46927802155471
"Kepler-296 f","Kepler-296","Transit",1,NA,0.62,247.128664307901,0.33,-0.08,3740,0.48,0.498,247.128664307901,1,0.661478682718691
"Kepler-297 d","Kepler-297","Transit",1,325,2.62,325,0,-0.22,5618,0.897,0.846,325,1,0.395115956630972
"Kepler-307 b","Kepler-307","Transit",1,NA,59.7,774.138706166061,NA,0.19,5367,0.814,0.907,774.138706166061,0,0.00117441836331238
"Kepler-307 c","Kepler-307","Transit",1,NA,44,717.279417167038,NA,0.19,5367,0.814,0.907,717.279417167038,0,0.00261017338235014
"Kepler-311 d","Kepler-311","Transit",1,327,2.71,327,0,-0.1,5903,1.156,0.974,327,1,0.388410146839531
"Kepler-323 b","Kepler-323","Transit",1,1838,1900,1838,0.095,-0.14,6004,1.12,1.015,1838,0,3.70680310179341e-10
"Kepler-323 c","Kepler-323","Transit",1,1431,700,1431,0.095,-0.14,6004,1.12,1.015,1431,0,1.13816712691137e-07
"Kepler-347 d","Kepler-347","Transit",1,482,12.75,482,0,0.16,5592,1.451,1,482,0,0.0669166907175388
"Kepler-36 b","Kepler-36","Transit",1,NA,247,1104.0771907212,0,-0.18,5979,1.634,1.034,1104.0771907212,0,1.1325312855882e-05
"Kepler-36 c","Kepler-36","Transit",1,NA,191,1035.34130681647,0,-0.18,5979,1.634,1.034,1035.34130681647,0,2.97914861421046e-05
"Kepler-37 b","Kepler-37","Transit",1,718,44.5,718,0.098,-0.36,5357,0.789,0.79,718,0,0.00258390926155941
"Kepler-37 c","Kepler-37","Transit",1,615,23.9,615,0.099,-0.36,5357,0.789,0.79,615,0,0.010916273995788
"Kepler-37 d","Kepler-37","Transit",1,499,10.39,499,0.1,-0.36,5357,0.789,0.79,499,0,0.0534408733059573
"Kepler-38 b","Kepler-38","Transit",1,475,NA,475,0.032,-0.11,5623,1.752,0.941,475,0,0.0733354704791874
"Kepler-39 b","Kepler-39","Transit",1,897,NA,897,0.112,0.1,6350,1.4,1.29,897,0,0.000208654740774646
"Kepler-4 b","Kepler-4","Transit",1,1650,NA,1650,0,0.17,5857,1.487,1.223,1650,0,5.22253277638172e-09
"Kepler-40 b","Kepler-40","Transit",1,1620,NA,1620,0,0.1,6510,2.13,1.48,1620,0,7.96550569841827e-09
"Kepler-409 b","Kepler-409","Transit",1,438,6.15,438,0.69,0.05,5421,0.897,0.913,438,0,0.117542525349302
"Kepler-41 b","Kepler-41","Transit",1,1790,NA,1790,0,0.38,5750,1.29,1.15,1790,0,7.2833470570653e-10
"Kepler-411 b","Kepler-411","Transit",1,1138,NA,1138,0.146,NA,NA,0.82,0.87,1138,0,7.02663383899539e-06
"Kepler-411 c","Kepler-411","Transit",1,838,NA,838,0.108,NA,NA,0.82,0.87,838,0,0.000478480583425041
"Kepler-411 d","Kepler-411","Transit",1,410,NA,410,0.128,NA,NA,0.82,0.87,410,0,0.164940937562742
"Kepler-411 e","Kepler-411","Transit Timing Variations",1,503,NA,503,0.016,NA,NA,0.82,0.87,503,0,0.0506642197032574
"Kepler-412 b","Kepler-412","Transit",1,1850,NA,1850,NA,0.27,5750,1.287,1.167,1850,0,3.13088161203049e-10
"Kepler-416 d","Kepler-416","Transit",1,1253,583.25,1253,0,0.06,5670,1.022,0.949,1253,0,1.39308114588048e-06
"Kepler-42 b","Kepler-42","Transit",1,519,NA,519,NA,-0.33,3068,0.17,0.13,519,0,0.0408679406413167
"Kepler-42 c","Kepler-42","Transit",1,720,NA,720,NA,-0.33,3068,0.17,0.13,720,0,0.0025123853659214
"Kepler-42 d","Kepler-42","Transit",1,450,NA,450,NA,-0.33,3068,0.17,0.13,450,0,0.10112691018396
"Kepler-421 b","Kepler-421","Transit",1,185,NA,185,0.041,-0.25,5308,0.757,0.794,185,0,0.82406279281784
"Kepler-423 b","Kepler-423","Transit",1,1605,NA,1605,0.019,-0.1,5560,0.95,0.85,1605,0,9.83737986194973e-09
"Kepler-425 b","Kepler-425","Transit",1,1070,NA,1070,0.33,0.24,5170,0.86,0.93,1070,0,1.82934395672616e-05
"Kepler-426 b","Kepler-426","Transit",1,1300,NA,1300,0.18,-0.21,5725,0.92,0.91,1300,0,7.19045367323075e-07
"Kepler-427 b","Kepler-427","Transit",1,1100,NA,1100,0.57,-0.19,5800,1.35,0.96,1100,0,1.19940519698765e-05
"Kepler-428 b","Kepler-428","Transit",1,1070,NA,1070,0.22,0.09,5150,0.8,0.87,1070,0,1.82934395672616e-05
"Kepler-43 b","Kepler-43","Transit",1,1620,NA,1620,NA,0.33,6041,1.42,1.32,1620,0,7.96550569841827e-09
"Kepler-430 b","Kepler-430","Transit",1,667,NA,667,NA,0.2,5884,1.485,1.166,667,0,0.00528160288116741
"Kepler-430 c","Kepler-430","Transit",1,458,NA,458,NA,0.2,5884,1.485,1.166,458,0,0.0913438568539732
"Kepler-431 b","Kepler-431","Transit",1,1032,NA,1032,NA,0.07,6004,1.092,1.071,1032,0,3.12255800277493e-05
"Kepler-431 c","Kepler-431","Transit",1,951,NA,951,NA,0.07,6004,1.092,1.071,951,0,9.76064614414338e-05
"Kepler-431 d","Kepler-431","Transit",1,856,NA,856,NA,0.07,6004,1.092,1.071,856,0,0.000371459534045884
"Kepler-433 b","Kepler-433","Transit",1,1776,NA,1776,0.119,-0.01,6360,2.26,1.46,1776,0,8.86923213724217e-10
"Kepler-434 b","Kepler-434","Transit",1,1000,NA,1000,0.131,0.25,5977,1.38,1.198,1000,0,4.89843248274485e-05
"Kepler-435 b","Kepler-435","Transit",1,1729,NA,1729,0.114,-0.18,6161,3.21,1.538,1729,0,1.71832946127674e-09
"Kepler-436 b","Kepler-436","Transit",1,NA,1.69,317.53885589011,0.19,0.01,4651,0.697,0.729,317.53885589011,1,0.420463795681106
"Kepler-437 b","Kepler-437","Transit",1,NA,2.15,337.236687256408,0.02,0,4551,0.68,0.707,337.236687256408,1,0.354791515551343
"Kepler-438 b","Kepler-438","Transit",1,NA,1.4,302.940409703532,0.03,0.16,3748,0.52,0.544,302.940409703532,1,0.4711692274336
"Kepler-439 b","Kepler-439","Transit",1,NA,1.83,323.920155273281,0.03,0.02,5431,0.866,0.884,323.920155273281,1,0.398753225941282
"Kepler-44 b","Kepler-44","Transit",1,1544,NA,1544,0.066,0.15,5800,1.35,1.12,1544,0,2.32089165830222e-08
"Kepler-440 b","Kepler-440","Transit",1,NA,1.2,291.487886320701,0.34,-0.3,4134,0.559,0.575,291.487886320701,1,0.511423095055111
"Kepler-441 b","Kepler-441","Transit",1,NA,0.21,188.52980711179,0.1,-0.57,4340,0.55,0.572,188.52980711179,0,0.816745362840861
"Kepler-442 b","Kepler-442","Transit",1,NA,0.66,251.021652004359,0.04,-0.37,4402,0.598,0.609,251.021652004359,1,0.649105904920518
"Kepler-443 b","Kepler-443","Transit",1,NA,0.86,268.19446604139,0.11,-0.01,4723,0.706,0.738,268.19446604139,1,0.592296755361079
"Kepler-45 b","Kepler-45","Transit",1,1000,NA,1000,0.11,0.28,3820,0.55,0.59,1000,0,4.89843248274485e-05
"Kepler-452 b","Kepler-452","Transit",1,265,1.1,265,NA,0.21,5757,1.11,1.037,265,1,0.603104723704219
"Kepler-454 b","Kepler-454","Transit",1,916,117.7,916,0.32,0.32,5687,1.066,1.03,916,0,0.000159712583718673
"Kepler-46 b","Kepler-46","Transit",1,543,NA,543,0.01,0.41,5155,0.938,0.902,543,0,0.0295007994067919
"Kepler-46 c","Kepler-46","Transit Timing Variations",1,455,NA,455,0.0146,0.41,5155,0.938,0.902,455,0,0.0949085737228654
"Kepler-5 b","Kepler-5","Transit",1,1750,NA,1750,NA,0.04,6297,1.793,1.374,1750,0,1.27871544475293e-09
"Kepler-51 b","Kepler-51","Transit",1,543,NA,543,0.04,NA,6018,0.94,1.04,543,0,0.0295007994067919
"Kepler-51 c","Kepler-51","Transit",1,439,NA,439,0.014,NA,6018,0.94,1.04,439,0,0.116090802031733
"Kepler-51 d","Kepler-51","Transit",1,381,NA,381,0.008,NA,6018,0.94,1.04,381,0,0.22902084324532
"Kepler-538 b","Kepler-538","Transit",1,417,5.07,417,0.21,-0.09,5534,0.8717,0.892,417,0,0.151817864368246
"Kepler-539 b","Kepler-539","Transit",1,387.6,NA,387.6,0.39,-0.01,5820,0.952,1.048,387.6,0,0.213036447580102
"Kepler-539 c","Kepler-539","Transit Timing Variations",1,253,NA,253,0.5,-0.01,5820,0.952,1.048,253,1,0.642739332299351
"Kepler-549 d","Kepler-549","Transit",1,586,27.93,586,0,0.16,5312,0.986,0.859,586,0,0.0163272528283017
"Kepler-553 b","Kepler-553","Transit",1,1089,235,1089,NA,0.152,5191,0.902,0.889,1089,0,1.40018961896251e-05
"Kepler-553 c","Kepler-553","Transit",1,251,0.589,251,0.346,0.152,5191,0.902,0.889,251,1,0.64917529591779
"Kepler-58 e","Kepler-58","Transit",1,1212,511.6,1212,0,-0.12,6100,1.083,1.017,1212,0,2.48044682366484e-06
"Kepler-6 b","Kepler-6","Transit",1,1460,NA,1460,NA,0.34,5647,1.391,1.209,1460,0,7.56806664076292e-08
"Kepler-60 b","Kepler-60","Transit",1,NA,318,1176.06677118158,NA,-0.09,5905,1.257,1.041,1176.06677118158,0,4.11263137182992e-06
"Kepler-60 c","Kepler-60","Transit",1,NA,236,1091.57404401408,NA,-0.09,5905,1.257,1.041,1091.57404401408,0,1.35038280664767e-05
"Kepler-60 d","Kepler-60","Transit",1,NA,161,992.045676033483,NA,-0.09,5905,1.257,1.041,992.045676033483,0,5.47853018159695e-05
"Kepler-61 b","Kepler-61","Transit",1,273,NA,273,0.25,0.03,4017,0.62,0.635,273,1,0.575871550331999
"Kepler-619 d","Kepler-619","Transit",1,830,112.07,830,0,-0.18,6122,0.964,1.041,830,0,0.000535461365509687
"Kepler-62 b","Kepler-62","Transit",1,750,NA,750,NA,-0.37,4925,0.64,0.69,750,0,0.00164865570824219
"Kepler-62 c","Kepler-62","Transit",1,578,NA,578,NA,-0.37,4925,0.64,0.69,578,0,0.0182371781947584
"Kepler-62 d","Kepler-62","Transit",1,510,NA,510,NA,-0.37,4925,0.64,0.69,510,0,0.0461309864021509
"Kepler-62 e","Kepler-62","Transit",1,270,NA,270,NA,-0.37,4925,0.64,0.69,270,1,0.586147557341313
"Kepler-62 f","Kepler-62","Transit",1,208,NA,208,NA,-0.37,4925,0.64,0.69,208,1,0.772148095279618
"Kepler-656 c","Kepler-656","Transit",1,975,213.25,975,0,0.46,5550,0.954,1.05,975,0,6.96345821386513e-05
"Kepler-68 b","Kepler-68","Transit",1,1275,441,1275,0.09,0.11,5847,1.2564,1.057,1275,0,1.02219317564814e-06
"Kepler-68 c","Kepler-68","Transit",1,1052,204,1052,0.099,0.11,5847,1.2564,1.057,1052,0,2.3566353490482e-05
"Kepler-69 b","Kepler-69","Transit",1,779,NA,779,0.16,-0.29,5638,0.93,0.81,779,0,0.00109685403581096
"Kepler-69 c","Kepler-69","Transit",1,299,NA,299,0.14,-0.29,5638,0.93,0.81,299,1,0.485003347335892
"Kepler-7 b","Kepler-7","Transit",1,1630,NA,1630,NA,0.11,5933,1.966,1.359,1630,0,6.91994474347704e-09
"Kepler-725 b","Kepler-725","Transit",1,514,12.1,514,0.231,NA,5395,0.88,0.95,514,0,0.0437165950469177
"Kepler-725 c","Kepler-725","Transit Timing Variations",1,268,1.4,268,0.436,NA,5395,0.88,0.95,268,1,0.5929573734912
"Kepler-730 b","Kepler-730","Transit",1,1219,NA,1219,NA,0.21,5620,1.411,1.047,1219,0,2.24777332734526e-06
"Kepler-730 c","Kepler-730","Transit",1,1607,NA,1607,NA,0.21,5620,1.411,1.047,1607,0,9.56439043444729e-09
"Kepler-74 b","Kepler-74","Transit",1,1078,NA,1078,0,0.42,6000,1.12,1.18,1078,0,1.63458547202676e-05
"Kepler-75 b","Kepler-75","Transit",1,767,NA,767,0.57,0.3,5200,0.89,0.91,767,0,0.0012983569076402
"Kepler-76 b","Kepler-76","Orbital Brightness Modulation",1,2140,NA,2140,NA,-0.1,6409,1.32,1.2,2140,0,5.28999884170722e-12
"Kepler-763 c","Kepler-763","Transit",1,938,182.9,938,0,0.18,4999,0.843,0.8,938,0,0.000117196327911232
"Kepler-763 d","Kepler-763","Transit",1,804,98.81,804,0,0.18,4999,0.843,0.8,804,0,0.000771815179737166
"Kepler-77 b","Kepler-77","Transit",1,1440,NA,1440,0,0.2,5520,0.99,0.95,1440,0,1.00278167724633e-07
"Kepler-78 b","Kepler-78","Transit",1,2223,4070,2223,0,-0.18,5058,0.7475,0.779,2223,0,1.64526760572886e-12
"Kepler-784 c","Kepler-784","Transit",1,844,119.87,844,0,0.1,5676,1.487,1.016,844,0,0.000439758970595416
"Kepler-8 b","Kepler-8","Transit",1,1680,NA,1680,NA,-0.055,6213,1.486,1.213,1680,0,3.42412015096978e-09
"Kepler-80 g","Kepler-80","Transit",1,418,NA,418,NA,0.04,4540,0.678,0.83,418,0,0.150014782555275
"Kepler-849 b","Kepler-849","Transit",1,362.7,2.86,362.7,0.078,0.145,5950,1.822,1.259,362.7,0,0.27761074856538
"Kepler-864 c","Kepler-864","Transit",1,1532,1305.04,1532,0,0.36,6213,1.195,1.27,1532,0,2.74781656662783e-08
"Kepler-865 c","Kepler-865","Transit",1,914,164.98,914,0,-0.24,5440,0.885,0.782,914,0,0.00016427039483668
"Kepler-87 b","Kepler-87","Transit",1,478,NA,478,0.036,-0.17,5600,1.82,1.1,478,0,0.070517897709395
"Kepler-87 c","Kepler-87","Transit",1,403,NA,403,0.039,-0.17,5600,1.82,1.1,403,0,0.178959025179097
"Kepler-880 c","Kepler-880","Transit",1,1407,926.72,1407,0,0,6900,2.599,1.714,1407,0,1.5954079864257e-07
"Kepler-896 c","Kepler-896","Transit",1,515,16.56,515,0,-0.16,5510,0.803,0.877,515,0,0.0431321018028469
"Kepler-9 d","Kepler-9","Transit",1,2026,NA,2026,NA,0.12,5777,1.02,1.07,2026,0,2.63098189362638e-11
"Kepler-90 i","KOI-351","Transit",1,709,NA,709,NA,0.098,6015,1.29,1.12,709,0,0.00293173987388773
"Kepler-91 b","Kepler-91","Transit",1,2040,NA,2040,NA,0.11,4550,6.3,1.31,2040,0,2.16054264142256e-11
"Kepler-93 b","Kepler-93","Transit",1,1133,275,1133,0,-0.18,5669,0.919,0.911,1133,0,7.53880419719964e-06
"Kepler-949 c","Kepler-949","Transit",1,582,27.2,582,0,0.08,5211,0.895,0.817,582,0,0.0172562748209993
"Kepler-975 c","Kepler-975","Transit",1,1168,439.8,1168,0,0.56,4883,1.667,0.951,1168,0,4.60697859179301e-06
"L 168-9 b","L 168-9","Transit",1,998,NA,998,0,-0.03,3842,0.604,0.614,998,0,5.03823782936936e-05
"L 363-38 b","L 363-38","Radial Velocity",1,330,NA,330,NA,NA,3129,0.274,0.21,330,1,0.378430847563866
"L 98-59 b","L 98-59","Transit",1,620,24.5,620,0.031,-0.46,3415,0.3155,0.2923,620,0,0.0101821917525333
"L 98-59 c","L 98-59","Transit",1,526,12.7,526,0.002,-0.46,3415,0.3155,0.2923,526,0,0.0371769136574505
"L 98-59 d","L 98-59","Transit",1,416,4.97,416,0.006,-0.46,3415,0.3155,0.2923,416,0,0.153638700779222
"L 98-59 e","L 98-59","Radial Velocity",1,347,2.4,347,0.012,-0.46,3415,0.3155,0.2923,347,1,0.324005309590768
"L 98-59 f","L 98-59","Radial Velocity",1,285,1.1,285,0.044,-0.46,3415,0.3155,0.2923,285,1,0.534194813258767
"LHS 1140 b","LHS 1140","Transit",1,226,0.43,226,0.043,-0.15,3096,0.2159,0.1844,226,1,0.724560592012494
"LHS 1140 c","LHS 1140","Transit",1,422,5.3,422,0.05,-0.15,3096,0.2159,0.1844,422,0,0.142978323407121
"LHS 1478 b","LHS 1478","Transit",1,595,NA,595,NA,-0.13,3381,0.246,0.236,595,0,0.014413111357242
"LHS 1678 b","LHS 1678","Transit",1,NA,94.3,867.866895563987,0.033,NA,3490,0.329,0.345,867.866895563987,0,0.000314352456491176
"LHS 1678 c","LHS 1678","Transit",1,NA,13.5,533.836963597761,0.039,NA,3490,0.329,0.345,533.836963597761,0,0.0334249052206007
"LHS 1678 d","LHS 1678","Transit",1,NA,9.1,483.710536512727,0.036,NA,3490,0.329,0.345,483.710536512727,0,0.0654293997799413
"LHS 3844 b","LHS 3844","Transit",1,805,70.1,805,NA,NA,3036,0.189,0.151,805,0,0.000761039024049872
"LHS 475 b","LHS 475","Transit",1,586,NA,586,NA,NA,3300,0.2789,0.262,586,0,0.0163272528283017
"LP 261-75 b","LP 261-75 A","Imaging",1,1500,NA,1500,NA,NA,NA,NA,0.22,1500,0,4.31064298840213e-08
"LP 714-47 b","LP 714-47","Transit",1,700,NA,700,0.04,0.41,3950,0.584,0.59,700,0,0.00332623724249351
"LP 791-18 b","LP 791-18","Transit",1,564.3,24.14,564.3,NA,-0.09,2960,0.182,0.139,564.3,0,0.0220291958906788
"LP 791-18 c","LP 791-18","Transit",1,324.4,2.637,324.4,8e-05,-0.09,2960,0.182,0.139,324.4,1,0.39713554678054
"LP 791-18 d","LP 791-18","Transit",1,395.5,5.83,395.5,0.0015,-0.09,2960,0.182,0.139,395.5,0,0.194993887179665
"LP 890-9 b","LP 890-9","Transit",1,396,4.09,396,NA,-0.028,2850,0.1556,0.118,396,0,0.193891864407751
"LP 890-9 c","LP 890-9","Transit",1,272,0.906,272,NA,-0.028,2850,0.1556,0.118,272,1,0.5793046435584
"LTT 1445 A b","LTT 1445 A","Transit",1,555,NA,555,NA,-0.34,3340,0.265,0.257,555,0,0.0250320304749469
"LTT 1445 A c","LTT 1445 A","Transit",1,508,10.9,508,0.223,-0.34,3340,0.265,0.257,508,0,0.0473852781515513
"LTT 3780 b","LTT 3780","Transit",1,903,111,903,0,0.06,3358,0.38,0.381,903,0,0.000191764917229276
"LTT 3780 c","LTT 3780","Transit",1,359,2.76,359,0.024,0.06,3358,0.38,0.381,359,0,0.28817164908691
"LTT 9779 b","LTT 9779","Transit",1,1978,NA,1978,0,0.27,5443,0.949,1.02,1978,0,5.1695096049833e-11
"MASCARA-1 b","MASCARA-1","Transit",1,2594.3,NA,2594.3,0.00034,0.15,7490,2.082,1.9,2594.3,0,8.85513672225384e-15
"MASCARA-4 b","MASCARA-4","Transit",1,2250,NA,2250,NA,NA,7800,1.79,1.75,2250,0,1.12522036882993e-12
"MWC 758 c","MWC 758","Imaging",1,500,NA,500,NA,NA,NA,NA,1.5,500,0,0.0527335354668783
"NGC 2682 Sand 1429 b","NGC 2682 Sand 1429","Radial Velocity",1,683,NA,683,0,-0.013,6000,2.13,1.26,683,0,0.00422134883841427
"NGTS-1 b","NGTS-1","Transit",1,790,65.3,790,0.016,0,3916,0.573,0.617,790,0,0.00093971325614524
"NGTS-10 b","NGTS-10","Transit",1,1332,NA,1332,0,-0.02,4600,0.697,0.696,1332,0,4.58355113610267e-07
"NGTS-11 b","NGTS-11","Transit",1,435,NA,435,0.13,0.22,5050,0.832,0.862,435,0,0.121992387359851
"NGTS-12 b","NGTS-12","Transit",1,1257,416,1257,0,-0.03,5690,1.589,1.021,1257,0,1.31683741324959e-06
"NGTS-13 b","NGTS-13","Transit",1,1605,1096,1605,0.086,0.25,5819,1.788,1.3,1605,0,9.83737986194973e-09
"NGTS-14 A b","NGTS-14 A","Transit",1,1143,NA,1143,0,0.1,5187,0.842,0.898,1143,0,6.54925902010438e-06
"NGTS-15 b","NGTS-15","Transit",1,1146,425,1146,0,0.15,5600,0.954,0.995,1146,0,6.27854579831212e-06
"NGTS-16 b","NGTS-16","Transit",1,1177,480,1177,0,0.35,5550,1.213,1.002,1177,0,4.05897875557637e-06
"NGTS-17 b","NGTS-17","Transit",1,1457,1160,1457,0,0.15,5650,1.337,1.025,1457,0,7.89438248286792e-08
"NGTS-18 b","NGTS-18","Transit",1,1381,845,1381,0,0.15,5610,1.392,1.003,1381,0,2.30016833292864e-07
"NGTS-2 b","NGTS-2","Transit",1,1468,NA,1468,0,-0.06,6478,1.702,1.64,1468,0,6.76233014749569e-08
"NGTS-20 b","NGTS-20","Transit",1,688,NA,688,0.432,0.15,5980,1.78,1.47,688,0,0.00393568606305426
"NGTS-21 b","NGTS-21","Transit",1,1357,NA,1357,0,-0.26,4660,0.86,0.72,1357,0,3.22422487032158e-07
"NGTS-23 b","NGTS-23","Transit",1,1327,NA,1327,0,-0.26,6057,1.24,1.01,1327,0,4.91764789202905e-07
"NGTS-24 b","NGTS-24","Transit",1,1499,NA,1499,0,0.27,5820,1.64,1.26,1499,0,4.37172794808093e-08
"NGTS-25 b","NGTS-25","Transit",1,1101,NA,1101,0,0.12,5321,0.86,0.91,1101,0,1.18264643348462e-05
"NGTS-26 b","NGTS-26","Transit",1,1331,523,1331,0,0.2,5550,1.16,0.96,1331,0,4.64850337621545e-07
"NGTS-27 b","NGTS-27","Transit",1,1783,1680,1783,0,0,5700,1.77,1.07,1783,0,8.03726917464608e-10
"NGTS-30 b","NGTS-30","Transit",1,500,NA,500,0.294,-0.03,5455,0.913,0.94,500,0,0.0527335354668783
"NGTS-33 b","NGTS-33","Transit",1,1991,2620,1991,0,-0.11,7437,1.47,1.6,1991,0,4.30531965766821e-11
"NGTS-4 b","NGTS-4","Transit",1,1650,NA,1650,0,-0.28,5143,0.84,0.75,1650,0,5.22253277638172e-09
"NGTS-5 b","NGTS-5","Transit",1,952,NA,952,0,0.12,4987,0.739,0.661,952,0,9.62427642346608e-05
"NGTS-6 b","NGTS-6","Transit",1,1283.9,NA,1283.9,0,0.11,4730,0.754,0.767,1283.9,0,9.01871125843992e-07
"NGTS-8 b","NGTS-8","Transit",1,1345,503,1345,0.01,0.24,5241,0.98,0.89,1345,0,3.81731650156108e-07
"NGTS-9 b","NGTS-9","Transit",1,1448,729,1448,0.06,0.31,6330,1.38,1.34,1448,0,8.96020226438419e-08
"OGLE-2005-BLG-071L b","OGLE-2005-BLG-071L","Microlensing",1,55,NA,55,NA,NA,NA,NA,0.46,55,0,0.966862284674012
"OGLE-2005-BLG-390L b","OGLE-2005-BLG-390L","Microlensing",1,50,NA,50,NA,NA,NA,NA,0.22,50,0,0.96904391443462
"OGLE-TR-132 b","OGLE-TR-132","Transit",1,2013,NA,2013,NA,0.37,6210,1.32,1.305,2013,0,3.1590885813693e-11
"OGLE-TR-56 b","OGLE-TR-56","Transit",1,2212,NA,2212,NA,NA,6050,1.363,1.228,2212,0,1.9206947353994e-12
"Oph 11 b","Oph 11","Imaging",1,2175,NA,2175,NA,NA,2375,NA,0.016,2175,0,3.23271958328173e-12
"PDS 70 b","PDS 70","Imaging",1,1204,NA,1204,0.19,NA,3972,NA,NA,1204,0,2.77599304590414e-06
"PDS 70 c","PDS 70","Imaging",1,995,NA,995,0.11,NA,3972,NA,NA,995,0,5.25546246877109e-05
"PH1 b","PH1","Transit",1,481,NA,481,0.0702,0.21,6407,1.734,1.528,481,0,0.067800656599152
"PH2 b","PH2","Transit",1,295.1,1.2,295.1,0.215,0.017,5734,0.949,0.966,295.1,1,0.498718333897585
"Proxima Cen b","Proxima Cen","Radial Velocity",1,218,0.641,218,0,NA,2900,0.141,0.1221,218,1,0.746450046654771
"Proxima Cen d","Proxima Cen","Radial Velocity",1,282,1.814,282,0,NA,2900,0.141,0.1221,282,1,0.544682206073296
"Qatar-1 b","Qatar-1","Transit",1,1418,NA,1418,0,0.171,5013,0.803,0.838,1418,0,1.36662692392548e-07
"Qatar-10 b","Qatar-10","Transit",1,1955,NA,1955,0,0.016,6124,1.254,1.156,1955,0,7.14502935779444e-11
"Qatar-2 b","Qatar-2","Transit",1,1344,NA,1344,0,0.02,4645,0.776,0.743,1344,0,3.87141064601394e-07
"Qatar-3 b","Qatar-3","Transit",1,1681,1330,1681,0,-0.041,6007,1.272,1.145,1681,0,3.37627585412619e-09
"Qatar-4 b","Qatar-4","Transit",1,1385,614,1385,0,0.103,5215,0.849,0.896,1385,0,2.17427931870436e-07
"Qatar-5 b","Qatar-5","Transit",1,1415,669,1415,0,0.377,5747,1.076,1.128,1415,0,1.42555240758262e-07
"Qatar-6 b","Qatar-6","Transit",1,1006,NA,1006,0,-0.025,5052,0.722,0.822,1006,0,4.50186443372666e-05
"Qatar-7 b","Qatar-7","Transit",1,2053,NA,2053,0,0.276,6387,1.564,1.409,2053,0,1.79936346309008e-11
"Qatar-8 b","Qatar-8","Transit",1,1457,NA,1457,0,0.025,5738,1.315,1.029,1457,0,7.89438248286792e-08
"Qatar-9 b","Qatar-9","Transit",1,1134,NA,1134,0,0.252,4309,0.696,0.719,1134,0,7.43346732524324e-06
"ROXs 42 B b","ROXs 42 B","Imaging",1,1975,NA,1975,NA,NA,NA,NA,1,1975,0,5.39240576765882e-11
"Ross 128 b","Ross 128","Radial Velocity",1,301,1.38,301,0.116,-0.02,3192,0.1967,0.168,301,1,0.477977473112639
"Ross 176 b","Ross 176","Transit",1,682,36.2,682,0.25,-0.19,4041,0.569,0.577,682,0,0.00428091235492134
"SPECULOOS-3 b","SPECULOOS-3","Transit",1,553,15.54,553,NA,0.07,2800,0.123,0.1009,553,0,0.0257281194937122
"TIC 139270665 b","TIC 139270665","Transit",1,703,40.3,703,0.105,0.156,5844,1.016,1.035,703,0,0.00318918504909605
"TIC 139270665 c","TIC 139270665","Radial Velocity",1,200,0.21,200,0.566,0.156,5844,1.016,1.035,200,1,0.791344793089244
"TIC 237913194 b","TIC 237913194","Transit",1,974,NA,974,0.575,0.14,5788,1.088,1.026,974,0,7.0621285385259e-05
"TIC 257060897 b","TIC 257060897","Transit",1,1762,NA,1762,0.03,NA,NA,1.82,1.32,1762,0,1.0800429814101e-09
"TIC 393818343 b","TIC 393818343","Transit",1,805.5,2.28,805.5,0.6058,0.318,5756,1.086,1.082,805.5,0,0.000755707457056477
"TIC 434398831 b","TIC 434398831","Transit",1,1250,NA,1250,0.04,-0.081,5638,0.909,0.992,1250,0,1.45314718970977e-06
"TIC 434398831 c","TIC 434398831","Transit",1,1050,NA,1050,0.013,-0.081,5638,0.909,0.992,1050,0,2.42389744501643e-05
"TIC 46432937 b","TIC 46432937","Transit",1,872,NA,872,0.009,0.323,3572,0.5299,0.563,872,0,0.000296597079535946
"TIC 4672985 b","TIC 4672985","Transit",1,517.2,NA,517.2,0.018,0.14,5757,1.15,1.01,517.2,0,0.0418723790905698
"TIC 88785435 b","TIC 88785435","Transit",1,635,NA,635,0.131,-0.08,3998,0.911,0.724,635,0,0.00826071116173178
"TOI-1052 b","TOI-1052","Transit",1,1135,246,1135,0.18,0.14,6146,1.264,1.204,1135,0,7.32960227494112e-06
"TOI-1052 c","TOI-1052","Radial Velocity",1,719,39.7,719,0.237,0.14,6146,1.264,1.204,719,0,0.00254789699209422
"TOI-1062 b","TOI-1062","Transit",1,1077,232,1077,0.177,0.14,5328,0.84,0.94,1077,0,1.65774835910547e-05
"TOI-1062 c","TOI-1062","Radial Velocity",1,859,95,859,0.14,0.14,5328,0.84,0.94,859,0,0.000356110648327875
"TOI-1064 b","TOI-1064","Transit",1,784,62.9,784,0.047,0.05,4734,0.726,0.748,784,0,0.00102241176531195
"TOI-1064 c","TOI-1064","Transit",1,634,26.8,634,0.088,0.05,4734,0.726,0.748,634,0,0.00837679088792199
"TOI-1075 b","TOI-1075","Transit",1,1323,509.2,1323,0,-0.08,3875,0.581,0.604,1323,0,5.20237564546656e-07
"TOI-1107 b","TOI-1107","Transit",1,1728,532,1728,0.025,-0.1,6311,1.81,1.35,1728,0,1.7426794458487e-09
"TOI-1117 b","TOI-1117","Transit",1,1538,928,1538,0,0.136,5635,1.05,0.97,1538,0,2.5253484015438e-08
"TOI-1117 c","TOI-1117","Radial Velocity",1,1210,355,1210,0,0.136,5635,1.05,0.97,1210,0,2.55124423015991e-06
"TOI-1117 d","TOI-1117","Radial Velocity",1,978,152,978,0,0.136,5635,1.05,0.97,978,0,6.6756415013874e-05
"TOI-1130 b","TOI-1130","Transit",1,825,NA,825,0.052162,0.11,4360,0.697,0.745,825,0,0.000574468942302106
"TOI-1130 c","TOI-1130","Transit",1,650,NA,650,0.0398,0.11,4360,0.697,0.745,650,0,0.00669937881915448
"TOI-1135 b","TOI-1135","Transit",1,1074.28,254.894,1074.28,NA,NA,5962.7,1.15,1.156039,1074.28,0,1.72242548794685e-05
"TOI-1136 b","TOI-1136","Transit",1,1216,NA,1216,0.027,0.07,5770,0.968,1.022,1216,0,2.34469139362301e-06
"TOI-1136 c","TOI-1136","Transit",1,1062,NA,1062,0.11,0.07,5770,0.968,1.022,1062,0,2.04730715689468e-05
"TOI-1136 d","TOI-1136","Transit",1,843,NA,843,0.042,0.07,5770,0.968,1.022,843,0,0.000445987897419672
"TOI-1136 e","TOI-1136","Transit",1,737,NA,737,0.0425,0.07,5770,0.968,1.022,737,0,0.00197892902597692
"TOI-1136 f","TOI-1136","Transit",1,658,NA,658,0.001,0.07,5770,0.968,1.022,658,0,0.00599040004950781
"TOI-1136 g","TOI-1136","Transit",1,574,NA,574,0.04,0.07,5770,0.968,1.022,574,0,0.0192727458653719
"TOI-1173 b","TOI-1173","Transit",1,868,132,868,0.023,0.139,5350,0.934,0.911,868,0,0.000313764426341188
"TOI-1174 b","TOI-1174","Transit",1,NA,52.02,747.941767772519,NA,NA,5030,0.76,0.85,747.941767772519,0,0.00169701991058974
"TOI-1180 b","TOI-1180","Transit",1,NA,36.97,686.732438398825,NA,NA,4738,0.73,0.75,686.732438398825,0,0.0040062297441495
"TOI-1184 b","TOI-1184","Transit",1,NA,57.54,767.039384567367,NA,NA,4534,0.69,0.71,767.039384567367,0,0.00129763850313195
"TOI-1194 b","TOI-1194","Transit",1,1264.29,NA,1264.29,0,0.348,5394,0.9608,0.9835,1264.29,0,1.18845431853086e-06
"TOI-1199 b","TOI-1199","Transit",1,1486,NA,1486,0.03,0.44,5710,1.45,1.23,1486,0,5.24924772533545e-08
"TOI-1201 b","TOI-1201","Transit",1,703,40.6,703,0,0.05,3476,0.508,0.512,703,0,0.00318918504909605
"TOI-122 b","TOI-122","Transit",1,471,8.8,471,0,NA,3403,0.334,0.312,471,0,0.0772535124235643
"TOI-1221 b","TOI-1221","Transit",1,440,6.06,440,0.21,0.06,5592,1.031,0.93,440,0,0.114654678857584
"TOI-1224 b","TOI-1224","Transit",1,541,NA,541,NA,NA,3326,0.404,0.4,541,0,0.0303172914774415
"TOI-1227 b","TOI-1227","Transit",1,NA,3.21,372.779015992259,NA,NA,3072,0.56,0.17,372.779015992259,0,0.25008318615154
"TOI-1231 b","TOI-1231","Transit",1,329.6,1.93,329.6,0.087,0.041,3553,0.476,0.485,329.6,1,0.379755693054456
"TOI-1238 b","TOI-1238","Transit",1,1133,442,1133,0.25,0.31,4089,0.58,0.59,1133,0,7.53880419719964e-06
"TOI-1238 c","TOI-1238","Transit",1,695,63,695,0.15,0.31,4089,0.58,0.59,695,0,0.0035678230163534
"TOI-1244 b","TOI-1244","Transit",1,NA,56.63,763.988532623498,NA,NA,4599,0.721,0.73,763.988532623498,0,0.00135448120147942
"TOI-1246 b","TOI-1246","Transit",1,955,196,955,NA,0.17,5151,0.86,0.87,955,0,9.22649175223901e-05
"TOI-1246 c","TOI-1246","Transit",1,862.49,NA,862.49,0,0.168,5213,0.8649,0.8889,862.49,0,0.000339050764570342
"TOI-1246 d","TOI-1246","Transit",1,587.77,NA,587.77,0,0.168,5213,0.8649,0.8889,587.77,0,0.0159320249744585
"TOI-1246 e","TOI-1246","Transit",1,463.98,NA,463.98,0,0.168,5213,0.8649,0.8889,463.98,0,0.0845957398136316
"TOI-1248 b","TOI-1248","Transit",1,952.09,NA,952.09,0,0.223,5205,0.8686,0.9042,952.09,0,9.61209699196887e-05
"TOI-1249 b","TOI-1249","Transit",1,726.89,NA,726.89,0,0.297,5497,0.9785,1.0062,726.89,0,0.0022807715905387
"TOI-125 b","TOI-125","Transit",1,1037,185,1037,0.194,-0.02,5320,0.848,0.859,1037,0,2.91042272237452e-05
"TOI-125 c","TOI-125","Transit",1,827.8,77.59,827.8,0.066,-0.02,5320,0.848,0.859,827.8,0,0.000552287469054417
"TOI-125 d","TOI-125","Transit",1,638.1,26.7,638.1,0.168,-0.02,5320,0.848,0.859,638.1,0,0.00791090680787736
"TOI-1259 A b","TOI-1259 A","Transit",1,963,NA,963,0,-0.5,4775,0.711,0.744,963,0,8.24427144736956e-05
"TOI-1260 b","TOI-1260","Transit",1,871,95.58,871,0,-0.1,4227,0.672,0.679,871,0,0.000300798812717299
"TOI-1260 c","TOI-1260","Transit",1,651,29.81,651,0,-0.1,4227,0.672,0.679,651,0,0.00660638864079022
"TOI-1260 d","TOI-1260","Transit",1,499,10.32,499,0,-0.1,4227,0.672,0.679,499,0,0.0534408733059573
"TOI-1266 b","TOI-1266","Transit",1,415,NA,415,0.039,-0.109,3563,0.4232,0.437,415,0,0.155477372392245
"TOI-1266 c","TOI-1266","Transit",1,346,NA,346,0.071,-0.109,3563,0.4232,0.437,346,1,0.327094880834963
"TOI-1266 d","TOI-1266","Transit Timing Variations",1,288,NA,288,0.087,-0.109,3563,0.4232,0.437,288,1,0.523677104232475
"TOI-1268 b","TOI-1268","Transit",1,918.9,NA,918.9,0.105,0.36,5300,0.92,0.96,918.9,0,0.000153327409501071
"TOI-1269 b","TOI-1269","Transit",1,1004.9,NA,1004.9,0,-0.049,5499,0.8521,0.9027,1004.9,0,4.57208491506816e-05
"TOI-1272 b","TOI-1272","Transit",1,975,NA,975,0.35,0.182,5065,0.7934,0.8772,975,0,6.96345821386513e-05
"TOI-1273 b","TOI-1273","Transit",1,1211,NA,1211,0.055,0.07,5690,1.06,1.06,1211,0,2.51559648001134e-06
"TOI-1279 b","TOI-1279","Transit",1,759,NA,759,0,-0.079,5457,0.8426,0.8784,759,0,0.00145283232386795
"TOI-128.01","TOI-128","Transit",1,1344.51,182.406,1344.51,NA,NA,6086,1.13,0.851969,1344.51,0,3.8437275286991e-07
"TOI-1288 b","TOI-1288","Transit",1,1203.44,NA,1203.44,0,0.257,5388,0.9583,0.9552,1203.44,0,2.79795396668236e-06
"TOI-1294 b","TOI-1294","Transit",1,1392.74,NA,1392.74,0,0.283,5718,1.5566,1.1578,1392.74,0,1.94991483032019e-07
"TOI-1295 b","TOI-1295","Transit",1,2360,1800,2360,0.024,0.26,6280,1.7,1.38,2360,0,2.39342373469592e-13
"TOI-1296 b","TOI-1296","Transit",1,1414.84,NA,1414.84,0,0.405,5567,1.7031,1.1576,1414.84,0,1.42876551482962e-07
"TOI-1298 b","TOI-1298","Transit",1,1278,NA,1278,0,0.397,5752,1.4536,1.2187,1278,0,9.79940659253547e-07
"TOI-1301.01","TOI-1301","Transit",1,NA,72.55,812.801607212534,NA,NA,4820,0.732,0.77,812.801607212534,0,0.000681969736346401
"TOI-132 b","TOI-132","Transit",1,1395,860,1395,0.059,0.16,5397,0.9,0.97,1395,0,1.88888109878354e-07
"TOI-1333 b","TOI-1333","Transit",1,1679,NA,1679,0.073,0.119,6274,1.925,1.464,1679,0,3.47264243647053e-09
"TOI-1346 b","TOI-1346","Transit",1,1324,NA,1324,NA,-0.01,5099,0.78,0.82,1324,0,5.12968430671095e-07
"TOI-1346 c","TOI-1346","Transit",1,928,NA,928,NA,-0.01,5099,0.78,0.82,928,0,0.000134901581313813
"TOI-1347 b","TOI-1347","Transit",1,1400,NA,1400,0,0.04,5464,0.83,0.913,1400,0,1.76055364642409e-07
"TOI-1347 c","TOI-1347","Transit",1,1000,NA,1000,0,0.04,5464,0.83,0.913,1000,0,4.89843248274485e-05
"TOI-1386 b","TOI-1386","Transit",1,615.03,NA,615.03,0,0.149,5735,1.0235,1.0363,615.03,0,0.010911717067309
"TOI-139 b","TOI-139","Transit",1,561.17,NA,561.17,NA,-0.238,4570,0.7007,0.69,561.17,0,0.0229982998486041
"TOI-1410.01","TOI-1410","Transit",1,1236.7,NA,1236.7,0,0.328,4635,0.7558,0.7941,1236.7,0,1.75221237306855e-06
"TOI-1411 b","TOI-1411","Transit",1,976.4,NA,976.4,0,0.012,4115,0.614,0.6045,976.4,0,6.82763132170329e-05
"TOI-1416 b","TOI-1416","Transit",1,1517,883,1517,0,0.08,4884,0.793,0.798,1517,0,3.39354665684241e-08
"TOI-1420 b","TOI-1420","Transit",1,957,139,957,0.17,0.28,5510,0.923,0.987,957,0,8.97047756775095e-05
"TOI-1422 b","TOI-1422","Transit",1,867,NA,867,0.04,-0.09,5840,1.019,0.981,867,0,0.000318209282788435
"TOI-1431 b","TOI-1431","Transit",1,2370,5300,2370,0.0022,0.09,7690,1.92,1.9,2370,0,2.07926032590683e-13
"TOI-1437 b","TOI-1437","Transit",1,NA,82,838.066850514026,0.17,-0.4924,6008,1.17,1.1,838.066850514026,0,0.000478030917165692
"TOI-1439 b","TOI-1439","Transit",1,748.4,NA,748.4,0.157,0.226,5841,1.6184,1.2313,748.4,0,0.00168613127622063
"TOI-1442 b","TOI-1442","Transit",1,1072,NA,1072,NA,NA,3330,0.31,0.29,1072,0,1.77858016706298e-05
"TOI-1443 b","TOI-1443","Transit",1,520.66,NA,520.66,0,-0.294,5224,0.7511,0.7663,520.66,0,0.0399621036809432
"TOI-1444 b","TOI-1444","Transit",1,2130.02,NA,2130.02,0,0.146,5460,0.9105,0.9513,2130.02,0,6.08757159622927e-12
"TOI-1448 b","TOI-1448","Transit",1,426,5.45,426,0.36,0.37,3412,0.38,0.372,426,0,0.136219016816379
"TOI-1450 A b","TOI-1450 A","Transit",1,722,NA,722,NA,-0.12,3437,0.483,0.48,722,0,0.00244283643844877
"TOI-1450 A c","TOI-1450 A","Transit",1,533,NA,533,NA,-0.12,3437,0.483,0.48,533,0,0.0338074950637519
"TOI-1451 b","TOI-1451","Transit",1,723.33,NA,723.33,0,0.019,5801,1.0162,1.0022,723.33,0,0.00239765301817893
"TOI-1452 b","TOI-1452","Transit",1,326,1.8,326,0,-0.07,3185,0.275,0.249,326,1,0.39175794500129
"TOI-1453 b","TOI-1453","Transit",1,944.2,132.6,944.2,0,-0.31,4975,0.72,0.715,944.2,0,0.000107406262915102
"TOI-1453 c","TOI-1453","Transit",1,819.8,75.3,819.8,0,-0.31,4975,0.72,0.715,819.8,0,0.000618052251374759
"TOI-1467 b","TOI-1467","Transit",1,NA,18.13,574.678104373167,NA,NA,3834,0.491,0.489,574.678104373167,0,0.0190932184875699
"TOI-1468 b","TOI-1468","Transit",1,683.5,36.4,683.5,0.0099,-0.01,3376,0.3714,0.3527,683.5,0,0.00419187727504938
"TOI-1468 c","TOI-1468","Transit",1,338.1,2.13,338.1,0.111,-0.01,3376,0.3714,0.3527,338.1,1,0.352015615403317
"TOI-1470 b","TOI-1470","Transit",1,734,46.3,734,0.3,0,3709,0.469,0.471,734,0,0.00206407931358174
"TOI-1470 c","TOI-1470","Transit",1,373,3.35,373,0.5,0,3709,0.469,0.471,373,0,0.249500474304941
"TOI-1472 b","TOI-1472","Transit",1,811.14,NA,811.14,0,0.287,5133,0.8377,0.9154,811.14,0,0.000698091417107043
"TOI-150.01","TOI-150","Transit",1,1404.5,NA,1404.5,0.262,0.28,6255,1.526,1.351,1404.5,0,1.65253033672902e-07
"TOI-1518 b","TOI-1518","Transit",1,2492,NA,2492,0.01,-0.1,7300,1.95,1.79,2492,0,3.73557967141248e-14
"TOI-157 b","TOI-157","Transit",1,1588,1062,1588,0,0.24,5404,1.167,0.948,1588,0,1.24959038700183e-08
"TOI-1601 b","TOI-1601","Transit",1,1493.97,NA,1493.97,0,0.343,5982,2.195,1.5055,1493.97,0,4.69236538174649e-08
"TOI-163 b","TOI-163","Transit",1,1669,NA,1669,0,0.22,6495,1.648,1.4352,1669,0,3.99733728463041e-09
"TOI-1630.01","TOI-1630","Transit",1,NA,55.58,760.422283720498,NA,NA,5504,0.83,0.95,760.422283720498,0,0.00142408632770711
"TOI-1659.01","TOI-1659","Transit",1,NA,268.44,1127.29351087333,NA,NA,5977,1.006,1.1,1127.29351087333,0,8.16911405442808e-06
"TOI-1669 c","TOI-1669","Transit",1,1285.16,NA,1285.16,0,0.274,5497,1.0561,0.9867,1285.16,0,8.86022066510091e-07
"TOI-1670 b","TOI-1670","Transit",1,1062,NA,1062,0.59,0.09,6170,1.316,1.21,1062,0,2.04730715689468e-05
"TOI-1670 c","TOI-1670","Transit",1,684,NA,684,0.09,0.09,6170,1.316,1.21,684,0,0.00416261060879719
"TOI-1680 b","TOI-1680","Transit",1,404,4.41,404,NA,0.04,3225,0.2106,0.1798,404,0,0.176900828124424
"TOI-1683.01","TOI-1683","Transit",1,929.25,163.056,929.25,NA,NA,4402,0.7,0.694661,929.25,0,0.00013254984406713
"TOI-1685 b","TOI-1685","Transit",1,1062,236,1062,0,0.3,3575,0.4555,0.454,1062,0,2.04730715689468e-05
"TOI-169 b","TOI-169","Transit",1,1715,1443,1715,0,0.24,5880,1.288,1.147,1715,0,2.09248066275469e-09
"TOI-1691 b","TOI-1691","Transit",1,NA,59.13,772.284234622026,NA,NA,5759,1,1.03,772.284234622026,0,0.00120543045376942
"TOI-1693 b","TOI-1693","Transit",1,764,NA,764,NA,NA,3499,0.46,0.49,764,0,0.0013542629553234
"TOI-1694 b","TOI-1694","Transit",1,943.19,NA,943.19,0,0.131,5058,0.8036,0.853,943.19,0,0.000108943449359332
"TOI-1695 b","TOI-1695","Transit",1,698,39,698,0.097,0,3690,0.515,0.513,698,0,0.00342085083953245
"TOI-1696 b","TOI-1696","Transit",1,489,NA,489,NA,0.336,3185,0.2775,0.255,489,0,0.0610227263290738
"TOI-1710 b","TOI-1710","Transit",1,602.99,NA,602.99,0,0.147,5684,0.9574,1.0258,602.99,0,0.0129001992547049
"TOI-1716.01","TOI-1716","Transit",1,NA,254.83,1112.72498066954,NA,NA,5879,1.24,1.07,1112.72498066954,0,1.00277500180061e-05
"TOI-172 b","TOI-172","Transit",1,1198,299,1198,0.3806,0.148,5645,1.777,1.128,1198,0,3.02054078054734e-06
"TOI-1723 b","TOI-1723","Transit",1,NA,92.36,863.368462618126,NA,NA,5777,1.09,1.04,863.368462618126,0,0.000334886922243336
"TOI-1728 b","TOI-1728","Transit",1,767,57.78,767,0.057,0.25,3980,0.6243,0.646,767,0,0.0012983569076402
"TOI-1736 b","TOI-1736","Transit",1,1099.79,NA,1099.79,0,0.148,5636,1.4286,1.0373,1099.79,0,1.2029545970523e-05
"TOI-1739 b","TOI-1739","Transit",1,NA,53.91,754.644710773127,NA,NA,4814,0.781,0.78,754.644710773127,0,0.0015445113612489
"TOI-1742 b","TOI-1742","Transit",1,694.09,NA,694.09,0.3,0.193,5815,1.131,1.0861,694.09,0,0.00361363605637075
"TOI-1744.01","TOI-1744","Transit",1,NA,63.31,785.585172698887,NA,NA,6179,1.14,1.18,785.585172698887,0,0.000999881487437527
"TOI-1749 b","TOI-1749","Transit",1,831,NA,831,0.14,-0.26,3985,0.55,0.58,831,0,0.000527983460182458
"TOI-1749 c","TOI-1749","Transit",1,673,NA,673,0.019,-0.26,3985,0.55,0.58,673,0,0.0048560713091354
"TOI-1749 d","TOI-1749","Transit",1,533,NA,533,0.062,-0.26,3985,0.55,0.58,533,0,0.0338074950637519
"TOI-1751 b","TOI-1751","Transit",1,651.64,NA,651.64,0.327,-0.373,5970,1.3137,0.9382,651.64,0,0.00654754896944052
"TOI-1753 b","TOI-1753","Transit",1,1005.43,NA,1005.43,0,0.026,5621,0.9715,0.9483,1005.43,0,4.53811572782709e-05
"TOI-1758 b","TOI-1758","Transit",1,NA,21.05,596.538152084414,NA,NA,5169,0.81,0.88,596.538152084414,0,0.0141088633687864
"TOI-1759 b","TOI-1759","Transit",1,443,6.39,443,0,0.05,4065,0.597,0.606,443,0,0.110438804695859
"TOI-1768.01","TOI-1768","Transit",1,NA,240.87,1097.1623036206,NA,NA,5994,1.1,1.1,1097.1623036206,0,1.24826583149696e-05
"TOI-1772.01","TOI-1772","Transit",1,NA,140.93,959.568676003129,NA,NA,5583,0.995,0.99,959.568676003129,0,8.65206118158937e-05
"TOI-1775 b","TOI-1775","Transit",1,707.89,NA,707.89,0,0.162,5284,0.8288,0.9218,707.89,0,0.00297775307596394
"TOI-1776 b","TOI-1776","Transit",1,1269.21,NA,1269.21,0,-0.193,5785,0.9356,0.9196,1269.21,0,1.10896043069207e-06
"TOI-1777.01","TOI-1777","Transit",1,NA,71.34,809.391195320435,NA,NA,5859,0.98,1.06,809.391195320435,0,0.000715470641816425
"TOI-178 b","TOI-178","Transit",1,1040,NA,1040,NA,-0.23,4316,0.651,0.65,1040,0,2.79012317808565e-05
"TOI-178 c","TOI-178","Transit",1,873,NA,873,NA,-0.23,4316,0.651,0.65,873,0,0.000292454021443322
"TOI-178 d","TOI-178","Transit",1,690,NA,690,NA,-0.23,4316,0.651,0.65,690,0,0.00382688787700455
"TOI-178 e","TOI-178","Transit",1,600,NA,600,NA,-0.23,4316,0.651,0.65,600,0,0.0134470756967497
"TOI-178 f","TOI-178","Transit",1,521,NA,521,NA,-0.23,4316,0.651,0.65,521,0,0.0397789594913737
"TOI-178 g","TOI-178","Transit",1,470,NA,470,NA,-0.23,4316,0.651,0.65,470,0,0.0782625740969464
"TOI-1782.01","TOI-1782","Transit",1,NA,56.25,762.703661325944,NA,NA,4336,0.669,0.68,762.703661325944,0,0.00137915853648022
"TOI-1782.02","TOI-1782","Transit",1,NA,214.17,1065.40531415394,NA,NA,4336,0.669,0.68,1065.40531415394,0,1.95152131190969e-05
"TOI-1789 b","TOI-1789","Transit",1,1927,2300,1927,NA,0.373,5991,2.168,1.507,1927,0,1.05953193660008e-10
"TOI-1794 b","TOI-1794","Transit",1,992.91,NA,992.91,0,0.035,5631,1.3162,0.9698,992.91,0,5.41230670949479e-05
"TOI-1798.01","TOI-1798","Transit",1,NA,69.26,803.425887721089,NA,NA,5165,0.78,0.87,803.425887721089,0,0.000778070659817943
"TOI-1798.02","TOI-1798","Transit",1,NA,3345.44,2118.06123033082,NA,NA,5165,0.78,0.87,2118.06123033082,0,7.2031920216557e-12
"TOI-1799 b","TOI-1799","Transit",1,NA,164.26,997.029834657945,NA,NA,5690,0.957,1.01,997.029834657945,0,5.10748517354785e-05
"TOI-1801 b","TOI-1801","Transit",1,493.7,NA,493.7,0,-0.19,3863,0.547,0.556,493.7,0,0.0573414779409212
"TOI-1803 b","TOI-1803","Transit",1,747,58,747,0,0.014,4687,0.715,0.756,747,0,0.00171961932664087
"TOI-1803 c","TOI-1803","Transit",1,588,22,588,0,0.014,4687,0.715,0.756,588,0,0.0158813636169897
"TOI-1806.01","TOI-1806","Transit",1,337.47,2.1473,337.47,NA,NA,3272,0.401575,0.392935,337.47,1,0.354040346798036
"TOI-1807 b","TOI-1807","Transit",1,1694.1,NA,1694.1,0,0.044,4914,0.746,0.8048,1694.1,0,2.80790798160818e-09
"TOI-181 b","TOI-181","Transit",1,895.1,102.43,895.1,0.1543,0.272,4994,0.745,0.822,895.1,0,0.00021430723808168
"TOI-1811 b","TOI-1811","Transit",1,962.2,NA,962.2,0.052,0.306,4766,0.769,0.817,962.2,0,8.33759385104754e-05
"TOI-1820 b","TOI-1820","Transit",1,1375,NA,1375,0.043,0.14,5734,1.51,1.04,1375,0,2.50279942893399e-07
"TOI-1823 b","TOI-1823","Transit",1,423.63,NA,423.63,0,0.243,4927,0.8049,0.8414,423.63,0,0.140190777460134
"TOI-1824 b","TOI-1824","Transit",1,528.67,NA,528.67,0,0.124,5165,0.8123,0.8801,528.67,0,0.0358552308543445
"TOI-1836 b","TOI-1836","Transit",1,966,NA,966,0,-0.101,6380,1.577,1.307,966,0,7.90351978427917e-05
"TOI-1836 c","TOI-1836","Transit",1,2007.6,NA,2007.6,0,-0.136,6237,1.6454,1.2518,2007.6,0,3.40848664016831e-11
"TOI-1842 b","TOI-1842","Transit",1,1199.55,NA,1199.55,0.276,0.332,6039,2.032,1.4643,1199.55,0,2.95537482309906e-06
"TOI-1846 b","TOI-1846","Transit",1,568.1,17.35,568.1,NA,0.169,3568,0.397,0.418,568.1,0,0.0209061942819204
"TOI-1853 b","TOI-1853","Transit",1,1479,NA,1479,0.03,0.11,4985,0.808,0.837,1479,0,5.79261380465587e-08
"TOI-1855 b","TOI-1855","Transit",1,1701,NA,1701,0.033,0.399,5359,1.041,0.987,1701,0,2.54810001359829e-09
"TOI-1860 b","TOI-1860","Transit",1,1885,NA,1885,NA,0.04,5752,0.94,0.99,1885,0,1.91328251748592e-10
"TOI-1883 b","TOI-1883","Transit",1,524.92,NA,524.92,NA,NA,3477,0.494,0.492,524.92,0,0.0377247283901004
"TOI-1898 b","TOI-1898","Transit",1,674.54,NA,674.54,0.485,-0.095,6241,1.6131,1.2484,674.54,0,0.00475246815140084
"TOI-1899 b","TOI-1899","Transit",1,378,3.4,378,0.044,0.28,3926,0.607,0.632,378,0,0.236559662953358
"TOI-1937 A b","TOI-1937 A","Transit",1,2097,3230,2097,0,0.196,5814,1.08,1.072,2097,0,9.68794581206476e-12
"TOI-198 b","TOI-198","Transit",1,368,NA,368,NA,-0.7,3650,0.441,0.467,368,0,0.26290541774822
"TOI-1994 b","TOI-1994","Transit",1,2290,NA,2290,0.341,-0.01,7700,2.3,1.86,2290,0,6.40906504335237e-13
"TOI-2000 b","TOI-2000","Transit",1,1488,628,1488,0,0.439,5611,1.134,1.082,1488,0,5.10357996704623e-08
"TOI-2000 c","TOI-2000","Transit",1,1038,149,1038,0.063,0.439,5611,1.134,1.082,1038,0,2.86975734646894e-05
"TOI-2010 b","TOI-2010","Transit",1,400.2,4.09,400.2,0.212,0.168,5929,1.079,1.112,400.2,0,0.184821501210512
"TOI-2015 b","TOI-2015","Transit",1,530.9,13.185,530.9,0.0789,-0.31,3297,0.3273,0.3041,530.9,0,0.0347861315511196
"TOI-2015 c","TOI-2015","Transit Timing Variations",1,448,6.68,448,0.00033,-0.31,3297,0.3273,0.3041,448,0,0.103713942859683
"TOI-2019 b","TOI-2019","Transit",1,917.46,NA,917.46,0,0.409,5626,1.7457,1.1832,917.46,0,0.000156465423454839
"TOI-2025 b","TOI-2025","Transit",1,1166,NA,1166,0.394,0.15,5977,1.459,1.199,1166,0,4.73847160328307e-06
"TOI-2031 A b","TOI-2031 A","Transit",1,1358,567,1358,0.076,-0.24,6490,1.241,1.174,1358,0,3.17917366987783e-07
"TOI-206 b","TOI-206","Transit",1,910,NA,910,NA,NA,3383,0.35,0.35,910,0,0.000173779867198729
"TOI-2068 b","TOI-2068","Transit",1,520.62,12.23,520.62,NA,0.27,3710,0.535,0.559,520.62,0,0.0399837031115124
"TOI-2076 b","TOI-2076","Transit",1,738,49.4,738,0,0.017,5201,0.774,0.883,738,0,0.00195133194676167
"TOI-2076 c","TOI-2076","Transit",1,543.16,NA,543.16,0,0.02,5192,0.796,0.8557,543.16,0,0.029436408861299
"TOI-2076 d","TOI-2076","Transit",1,457.68,NA,457.68,0,0.02,5192,0.796,0.8557,457.68,0,0.0917182786928365
"TOI-2076 e","TOI-2076","Transit",1,1138,NA,1138,NA,0.02,5192,0.796,0.8557,1138,0,7.02663383899539e-06
"TOI-2081 b","TOI-2081","Transit",1,488,8.1,488,NA,-0.5,3800,0.534,0.54,488,0,0.061833992851214
"TOI-2084 b","TOI-2084","Transit",1,527,12.8,527,NA,-0.13,3551,0.475,0.453,527,0,0.0366765028638501
"TOI-2088 b","TOI-2088","Transit",1,300.33,NA,300.33,0,0.339,5081,0.8481,0.9027,300.33,1,0.480330308661255
"TOI-2095 b","TOI-2095","Transit",1,347,3.43,347,0,-0.24,3759,0.44,0.44,347,1,0.324005309590768
"TOI-2095 c","TOI-2095","Transit",1,297,1.84,297,0,-0.24,3759,0.44,0.44,297,1,0.492035154123887
"TOI-2096 b","TOI-2096","Transit",1,445,9.4,445,0.15,-0.03,3300,0.235,0.231,445,0,0.107704184959253
"TOI-2096 c","TOI-2096","Transit",1,349,3.7,349,0.1,-0.03,3300,0.235,0.231,349,1,0.317872149526735
"TOI-2107 b","TOI-2107","Transit",1,1397,NA,1397,0.033,0.07,5627,0.932,0.961,1397,0,1.83646424721851e-07
"TOI-2109 b","TOI-2109","Transit",1,3646,NA,3646,NA,0.068,6540,1.698,1.453,3646,0,3.31268516375841e-21
"TOI-2120 b","TOI-2120","Transit",1,384,3.61,384,0.32,0.39,3131,0.245,0.211,384,0,0.221652521876366
"TOI-2128 b","TOI-2128","Transit",1,780.53,NA,780.53,0,-0.07,5968,1.1174,1.0251,780.53,0,0.00107351728721635
"TOI-2134 b","TOI-2134","Transit",1,666,32,666,0.06,0.12,4580,0.709,0.744,666,0,0.0053560461861449
"TOI-2134 c","TOI-2134","Transit",1,306,1.4,306,0.67,0.12,4580,0.709,0.744,306,1,0.460456887835262
"TOI-2136 b","TOI-2136","Transit",1,395,4,395,0,0.03,3342,0.34,0.34,395,0,0.196100649788625
"TOI-2141 b","TOI-2141","Transit",1,722,NA,722,0.21,-0.12,5659,0.98,0.94,722,0,0.00244283643844877
"TOI-2145 b","TOI-2145","Transit",1,1363.43,NA,1363.43,0.21,0.285,6200,2.7505,1.7169,1363.43,0,2.94531085895004e-07
"TOI-2152 A b","TOI-2152","Transit",1,1802,NA,1802,0.057,0.282,6630,1.612,1.516,1802,0,6.151742283057e-10
"TOI-2154 b","TOI-2154","Transit",1,1580,NA,1580,0.117,0.011,6280,1.396,1.233,1580,0,1.39847998816011e-08
"TOI-2158 b","TOI-2158","Transit",1,1188,NA,1188,0.07,0.47,5673,1.41,1.12,1188,0,3.47692427268428e-06
"TOI-2169 A b","TOI-2169 A","Transit",1,1364,577,1364,0.045,0.123,6270,1.82,1.42,1364,0,2.92178212758044e-07
"TOI-2180 b","TOI-2180","Transit",1,348,2.71,348,0.3683,0.253,5695,1.636,1.111,348,1,0.320931002740892
"TOI-2184 b","TOI-2184","Transit",1,NA,1429,1712.31340540069,0.08,0.14,5966,2.9,1.53,1712.31340540069,0,2.17309857986204e-09
"TOI-2193 A b","TOI-2193 A","Transit",1,1763,1600,1763,0,0.027,5966,1.248,1.082,1763,0,1.06495183540834e-09
"TOI-2194 b","TOI-2194","Transit",1,590.88,NA,590.88,NA,-0.372,4756,0.6909,0.74,590.88,0,0.0152602591523959
"TOI-2196 b","TOI-2196","Transit",1,1860,2000,1860,0,0.14,5634,1.043,1.032,1860,0,2.71991867837835e-10
"TOI-220 b","TOI-220","Transit",1,805,NA,805,0.032,-0.217,5298,0.858,0.825,805,0,0.000761039024049872
"TOI-2207 b","TOI-2207","Transit",1,1259,406,1259,0.174,0.181,6101,1.564,1.296,1259,0,1.28029493549678e-06
"TOI-2211.01","TOI-2211","Transit",1,NA,296.13,1155.30273419726,NA,NA,5253,0.834,0.9,1155.30273419726,0,5.50820019850159e-06
"TOI-2236 b","TOI-2236","Transit",1,1688,1356,1688,0,0.119,6248,1.573,1.343,1688,0,3.05957014473235e-09
"TOI-2257 b","TOI-2257","Transit",1,256,NA,256,0.496,-0.27,3430,0.313,0.328,256,1,0.632988663988264
"TOI-2260 b","TOI-2260","Transit",1,2609,NA,2609,NA,0.22,5534,0.94,0.99,2609,0,7.20049748521117e-15
"TOI-2266 b","TOI-2266","Transit",1,550,13,550,NA,NA,3200,0.24,0.23,550,0,0.0268077122155434
"TOI-2274 b","TOI-2274","Transit",1,771.46,NA,771.46,NA,NA,3943,0.631,0.612,771.46,0,0.00121947530445013
"TOI-2285 b","TOI-2285","Transit",1,358,3.91,358,NA,-0.05,3491,0.464,0.454,358,0,0.291066651385988
"TOI-2295 b","TOI-2295","Transit",1,747,NA,747,0.334,0.316,5730,1.459,1.168,747,0,0.00171961932664087
"TOI-2295 c","TOI-2295","Radial Velocity",1,234.9,NA,234.9,0.194,0.316,5730,1.459,1.168,234.9,1,0.698878583168646
"TOI-2328 b","TOI-2328","Transit",1,842,NA,842,0.057,0.09,5525,0.9,0.95,842,0,0.000452305013399881
"TOI-2338 b","TOI-2338","Transit",1,799,NA,799,0.676,0.22,5581,1.05,0.99,799,0,0.000828026521352624
"TOI-2346 b","TOI-2346","Transit",1,1689,1360,1689,0.086,-0.03,6480,1.38,1.271,1689,0,3.01681960566919e-09
"TOI-2364 b","TOI-2364","Transit",1,1091,237,1091,0,0.344,5306,0.886,0.954,1091,0,1.36133458154693e-05
"TOI-2368 b","TOI-2368","Transit",1,1000,NA,1000,0.061,0.1,5360,0.846,0.897,1000,0,4.89843248274485e-05
"TOI-237 b","TOI-237","Transit",1,388,3.7,388,0,NA,3212,0.211,0.179,388,0,0.212094341912496
"TOI-2373 b","TOI-2373","Transit",1,860,NA,860,0.112,0.3,5651,1.102,1.041,860,0,0.00035113655855954
"TOI-2374 b","TOI-2374","Transit",1,885,NA,885,0.13,0.15,4802,0.69,0.75,885,0,0.000247027020265475
"TOI-2379 b","TOI-2379","Transit",1,624,25.3,624,0.342,0.501,3707,0.622,0.645,624,0,0.00963028344577382
"TOI-238 b","TOI-238","Transit",1,1456.61,747.65,1456.61,NA,-0.05,5080,0.75,0.788,1456.61,0,7.9378243093356e-08
"TOI-238 c","TOI-238","Radial Velocity",1,696,58.3,696,0.36,-0.114,5059,0.733,0.79,696,0,0.00351814618579296
"TOI-2382 b","TOI-2382","Transit",1,1426,689,1426,0.18,0.249,6033,1.417,1.26,1426,0,1.22112858497631e-07
"TOI-2384 b","TOI-2384","Transit",1,889.7,104.3,889.7,0,0.332,3943,0.6113,0.635,889.7,0,0.000231222069520107
"TOI-2406 b","TOI-2406","Transit",1,449,6.69,449,0.17,-0.26,3100,0.204,0.166,449,0,0.102413190000326
"TOI-2407 b","TOI-2407","Transit",1,705,41,705,0.08,0.21,3530,0.567,0.548,705,0,0.00310095890721553
"TOI-2411 b","TOI-2411","Transit",1,1355,NA,1355,NA,NA,4099,0.68,0.65,1355,0,3.31625154199396e-07
"TOI-2416 b","TOI-2416","Transit",1,1080,NA,1080,0.32,0.32,5808,1.236,1.118,1080,0,1.58922609064421e-05
"TOI-2420 b","TOI-2420","Transit",1,1571.6,1017,1571.6,0.055,NA,NA,2.369,1.158,1571.6,0,1.57394396116913e-08
"TOI-2421 b","TOI-2421","Transit",1,1534,923.6,1534,0,0.19,5607,1.75,1.131,1534,0,2.6715640614825e-08
"TOI-2427 b","TOI-2427","Transit",1,1117,NA,1117,NA,NA,4072,0.65,0.64,1117,0,9.44232184463444e-06
"TOI-244 b","TOI-244","Transit",1,458,7.3,458,NA,-0.39,3433,0.426,0.428,458,0,0.0913438568539732
"TOI-2443 b","TOI-2443","Transit",1,519,NA,519,0.301,-0.29,4375,0.631,0.642,519,0,0.0408679406413167
"TOI-2445 b","TOI-2445","Transit",1,1060,NA,1060,NA,NA,3333,0.27,0.25,1060,0,2.10574072348408e-05
"TOI-2447 b","TOI-2447","Transit",1,414,NA,414,0.17,0.18,5730,1.006,1.034,414,0,0.157333957832246
"TOI-2458 b","TOI-2458","Transit",1,1509.4,865,1509.4,0.087,-0.1,6005,1.31,1.05,1509.4,0,3.77657379264101e-08
"TOI-2459 b","TOI-2459","Transit",1,445.01,NA,445.01,NA,NA,4195,0.6751,0.66,445.01,0,0.107690662658319
"TOI-2485 b","TOI-2485","Transit",1,1134,275.6,1134,0.0341,NA,NA,1.72,1.163,1134,0,7.43346732524324e-06
"TOI-2497 b","TOI-2497","Transit",1,1595,NA,1595,0.195,0.094,7360,2.36,1.859,1595,0,1.13237472578359e-08
"TOI-2498 b","TOI-2498","Transit",1,1443,NA,1443,0.089,0.167,5905,1.26,1.12,1443,0,9.61331501570689e-08
"TOI-2524 b","TOI-2524","Transit",1,1100,NA,1100,0,0.06,5831,1.119,1.007,1100,0,1.19940519698765e-05
"TOI-2529 b","TOI-2529","Transit",1,636,NA,636,0.021,0.1,5802,1.7,1.11,636,0,0.00814622677311155
"TOI-2537 b","TOI-2537","Transit",1,338,NA,338,0.364,0.08,4870,0.771,0.771,338,1,0.352336648624977
"TOI-2537 c","TOI-2537","Radial Velocity",1,123.1,NA,123.1,0.287,0.08,4870,0.771,0.771,123.1,0,0.917973854739636
"TOI-2567 b","TOI-2567","Transit",1,1352,558,1352,0,0.241,5611,1.686,1.13,1352,0,3.45923986080945e-07
"TOI-257 b","TOI-257","Transit",1,1027,186,1027,0,0.175,6095,1.867,1.407,1027,0,3.35015490982663e-05
"TOI-2570 b","TOI-2570","Transit",1,1431,699,1431,0,0.191,5771,1.095,1.063,1431,0,1.13816712691137e-07
"TOI-2580 b","TOI-2580","Transit",1,2410,1730,2410,0.08,0.26,6120,1.81,1.33,2410,0,1.1843115393166e-13
"TOI-2583 A b","TOI-2583 A","Transit",1,1456,750.9,1456,0,0.158,5936,1.477,1.215,1456,0,8.00625164471357e-08
"TOI-2587 A b","TOI-2587 A","Transit",1,1445,728,1445,0,0.13,5760,1.726,1.15,1445,0,9.34654345872911e-08
"TOI-2589 b","TOI-2589","Transit",1,592,NA,592,0.522,0.12,5579,1.07,0.93,592,0,0.0150252306859053
"TOI-260 b","TOI-260","Transit",1,493,NA,493,0,-0.47,4026,0.607,0.616,493,0,0.0578762253050951
"TOI-261.01","TOI-261","Transit",1,1722.49,874.7956,1722.49,NA,NA,5890.3,1.28018,0.496728,1722.49,0,1.88316996606457e-09
"TOI-262 b","TOI-262","Transit",1,584,NA,584,NA,0.26,5310,0.853,0.913,584,0,0.0167854474123051
"TOI-2641 b","TOI-2641","Transit",1,1387,602,1387,0.18,-0.15,6100,1.336,1.16,1387,0,2.11394260761097e-07
"TOI-269 b","TOI-269","Transit",1,531,19,531,0.425,-0.29,3514,0.398,0.3917,531,0,0.0347389167081324
"TOI-270 b","TOI-270","Transit",1,581,NA,581,0.034,-0.2,3506,0.378,0.386,581,0,0.017496530352983
"TOI-270 c","TOI-270","Transit",1,488,NA,488,0.027,-0.2,3506,0.378,0.386,488,0,0.061833992851214
"TOI-270 d","TOI-270","Transit",1,387,NA,387,0.032,-0.2,3506,0.378,0.386,387,0,0.214455321480623
"TOI-2714 b","TOI-2714","Transit",1,1603,NA,1603,0.164,0.3,5665,1.25,1.07,1603,0,1.0118161027701e-08
"TOI-2719 b","TOI-2719","Transit",1,1710,NA,1710,NA,0.27,5762,1.69,1.02,1710,0,2.24500243522443e-09
"TOI-2768 b","TOI-2768","Transit",1,855,NA,855,NA,NA,4008,0.657,0.63,855,0,0.000376721404184735
"TOI-2796 b","TOI-2796","Transit",1,1205,352,1205,0,0.239,5764,1.069,1.063,1205,0,2.73720495834485e-06
"TOI-2803 A b","TOI-2803 A","Transit",1,1893,2150,1893,0,-0.105,6280,1.245,1.118,1893,0,1.70958430453019e-10
"TOI-2818 b","TOI-2818","Transit",1,1376,598,1376,0,-0.02,5721,1.229,0.977,1376,0,2.46782850373519e-07
"TOI-2842 b","TOI-2842","Transit",1,1471,781.8,1471,0,0.233,5910,1.265,1.135,1471,0,6.48280790678736e-08
"TOI-286 b","TOI-286","Transit",1,979,NA,979,0,-0.05,5152,0.78,0.832,979,0,6.58237072317672e-05
"TOI-286 c","TOI-286","Transit",1,475,NA,475,0,-0.05,5152,0.78,0.832,475,0,0.0733354704791874
"TOI-2876 b","TOI-2876","Transit",1,929,124.2,929,0.13,0.353,5271,0.873,0.939,929,0,0.000133016889039238
"TOI-2886 b","TOI-2886","Transit",1,1978,2560,1978,0.11,0.284,6240,1.241,1.229,1978,0,5.1695096049833e-11
"TOI-2969 b","TOI-2969","Transit",1,1186,382,1186,0,0.08,4738,0.7,0.71,1186,0,3.57616323497345e-06
"TOI-2977 b","TOI-2977","Transit",1,1544,947.8,1544,0,0.013,5691,1.073,0.936,1544,0,2.32089165830222e-08
"TOI-2981 b","TOI-2981","Transit",1,1358,NA,1358,0.035,-0.11,5940,1.08,1.03,1358,0,3.17917366987783e-07
"TOI-2986 b","TOI-2986","Transit",1,1622,1156,1622,0.14,0.095,5906,1.458,1.122,1622,0,7.74446118505685e-09
"TOI-2989 b","TOI-2989","Transit",1,1001,124,1001,0,-0.04,4672,0.76,0.77,1001,0,4.82999132748033e-05
"TOI-2992 b","TOI-2992","Transit",1,1726,1484,1726,0.089,0.084,6000,1.545,1.21,1726,0,1.79241947594579e-09
"TOI-3023 b","TOI-3023","Transit",1,1596,1084,1596,0,0.085,5760,1.668,1.12,1596,0,1.11655236275079e-08
"TOI-3071 b","TOI-3071","Transit",1,2155,NA,2155,0.09,0.35,6177,1.31,1.29,2155,0,4.28340843097825e-12
"TOI-3082 b","TOI-3082","Transit",1,1032.78,NA,1032.78,NA,0.17,4263,0.6847,0.664,1032.78,0,3.08847454082069e-05
"TOI-3135 b","TOI-3135","Transit",1,1292,464,1292,0.24,0.071,5890,0.985,1.044,1292,0,8.04720076743232e-07
"TOI-3160 A b","TOI-3160 A","Transit",1,1539,933,1539,0.18,-0.114,6190,1.346,1.088,1539,0,2.49006239794896e-08
"TOI-3235 b","TOI-3235","Transit",1,604,NA,604,0.029,0.264,3388.8,0.3697,0.3939,604,0,0.0127204742011197
"TOI-3261 b","TOI-3261","Transit",1,1722,1466,1722,0,0.138,5068,0.849,0.861,1722,0,1.89619913775675e-09
"TOI-329 b","TOI-329","Transit",1,1213.02,NA,1213.02,0.39,0.205,5614,1.5326,1.0678,1213.02,0,2.44510009329146e-06
"TOI-332 b","TOI-332","Transit",1,1871,NA,1871,0,0.256,5251,0.87,0.88,1871,0,2.32988304151078e-10
"TOI-3321 b","TOI-3321","Transit",1,1616,NA,1616,0.054,-0.103,5850,1.549,1.041,1616,0,8.42670213888902e-09
"TOI-3331 A b","TOI-3331 A","Transit",1,1488,818.5,1488,0,0.148,5609,0.952,1.016,1488,0,5.10357996704623e-08
"TOI-3353.01","TOI-3353","Transit",1,1264.36,313.0426,1264.36,NA,NA,6365,1.0207,1.332089,1264.36,0,1.18728428237282e-06
"TOI-3364 b","TOI-3364","Transit",1,1264,425,1264,0,0.387,5706,1.419,1.186,1264,0,1.1933139072498e-06
"TOI-3464 b","TOI-3464","Transit",1,1693,1370,1693,0.25,0.045,6370,1.56,1.363,1693,0,2.85170798218234e-09
"TOI-3474 b","TOI-3474","Transit",1,1451,740,1451,0.13,0.146,6020,1.256,1.121,1451,0,8.58983055718559e-08
"TOI-3486 b","TOI-3486","Transit",1,1190,334,1190,0.078,0.283,4930,0.788,0.837,1190,0,3.3804391942917e-06
"TOI-3493 b","TOI-3493","Transit",1,1102,245,1102,NA,0.03,5844,1.228,1.023,1102,0,1.16612183011336e-05
"TOI-3523 A b","TOI-3523 A","Transit",1,1984,2590,1984,0.047,-0.366,6450,1.448,1.131,1984,0,4.75097681092404e-11
"TOI-3540 A b","TOI-3540 A","Transit",1,1498,841.3,1498,0,0.176,5810,1.228,1.081,1498,0,4.43367852621702e-08
"TOI-3568 b","TOI-3568","Transit",1,899,NA,899,0.035,-0.01,4969,0.719,0.78,899,0,0.000202865700986198
"TOI-3593 b","TOI-3593","Transit",1,1170,308,1170,0.105,0.384,5550,0.918,1.015,1170,0,4.47913450680748e-06
"TOI-3629 b","TOI-3629","Transit",1,690,39,690,0.05,0.4,3870,0.6,0.63,690,0,0.00382688787700455
"TOI-3682 b","TOI-3682","Transit",1,1657,1258,1657,0.22,0.416,5703,1.735,1.32,1657,0,4.73264213460021e-09
"TOI-3688 A b","TOI-3688 A","Transit",1,1534,924.3,1534,0,0.262,5950,1.302,1.199,1534,0,2.6715640614825e-08
"TOI-3693 b","TOI-3693","Transit",1,801,68.6,801,0,0.071,5321,0.791,0.867,801,0,0.000805067104111343
"TOI-3714 b","TOI-3714","Transit",1,750,54,750,0.03,0.1,3660,0.51,0.53,750,0,0.00164865570824219
"TOI-3757 b","TOI-3757","Transit",1,759,55.4,759,0.14,0,3913,0.62,0.64,759,0,0.00145283232386795
"TOI-3785 b","TOI-3785","Transit",1,582,19.1,582,0.11,0.099,3576,0.5,0.52,582,0,0.0172562748209993
"TOI-3807 b","TOI-3807","Transit",1,1646,1230,1646,0,0.278,5772,1.468,1.181,1646,0,5.52491326858031e-09
"TOI-3819 b","TOI-3819","Transit",1,1633,1186,1633,0,0.273,5859,1.538,1.242,1633,0,6.63390745593724e-09
"TOI-3837 b","TOI-3837","Transit",1,1178,NA,1178,0.221,-0.26,5905,1.2,0.89,1178,0,4.00226397942323e-06
"TOI-3856 b","TOI-3856","Transit",1,1544,949,1544,0.083,0.454,5622,1.055,1.096,1544,0,2.32089165830222e-08
"TOI-3877 b","TOI-3877","Transit",1,1445,729,1445,0.22,0.269,5731,1.445,1.16,1445,0,9.34654345872911e-08
"TOI-3884 b","TOI-3884","Transit",1,441,6.29,441,0.06,0.04,3180,0.302,0.298,441,0,0.113234045606929
"TOI-3894 b","TOI-3894","Transit",1,1531,NA,1531,0.05,0.021,6000,1.502,1.138,1531,0,2.78675513502453e-08
"TOI-3912 b","TOI-3912","Transit",1,1512,872.2,1512,0,0.187,5725,1.392,1.088,1512,0,3.64090365401343e-08
"TOI-3919 b","TOI-3919","Transit",1,1198,NA,1198,0.259,0.175,6100,1.319,1.208,1198,0,3.02054078054734e-06
"TOI-3976 A b","TOI-3976 A","Transit",1,1295,469,1295,0,0.182,5975,1.501,1.254,1295,0,7.71456838311954e-07
"TOI-3980 b","TOI-3980","Transit",1,1621,1153,1621,0.16,0.188,5840,1.626,1.24,1621,0,7.85420586061032e-09
"TOI-3984 A b","TOI-3984 A","Transit",1,563,16.7,563,0.23,0.18,3476,0.47,0.49,563,0,0.0224267558995946
"TOI-4010 b","TOI-4010","Transit",1,1441,714,1441,0.03,0.37,4960,0.83,0.88,1441,0,9.88770083745429e-08
"TOI-4010 c","TOI-4010","Transit",1,907,112,907,0.03,0.37,4960,0.83,0.88,907,0,0.000181271456727475
"TOI-4010 d","TOI-4010","Transit",1,650,30,650,0.07,0.37,4960,0.83,0.88,650,0,0.00669937881915448
"TOI-4010 e","TOI-4010","Radial Velocity",1,174,0.15,174,0.26,0.37,4960,0.83,0.88,174,0,0.845391470218786
"TOI-406 c","TOI-406","Transit",1,584,19,584,0.032,-0.02,3392,0.41,0.408,584,0,0.0167854474123051
"TOI-406.01","TOI-406","Transit",1,368,3,368,0.056,-0.02,3392,0.41,0.408,368,0,0.26290541774822
"TOI-4087 b","TOI-4087","Transit",1,1458,753.9,1458,0,0.237,6060,1.112,1.178,1458,0,7.78407643806547e-08
"TOI-411 b","HD 22946","Transit",1,1241,495.139,1241,NA,-0.08,6169,1.117,1.098,1241,0,1.6493361389915e-06
"TOI-411 c","HD 22946","Transit",1,931,156.75,931,NA,-0.08,6169,1.117,1.098,931,0,0.000129326118821224
"TOI-4127 b","TOI-4127","Transit",1,605.1,22.3,605.1,0.7471,0.14,6096,1.293,1.23,605.1,0,0.0125275452702668
"TOI-4137 b","TOI-4137","Transit",1,1570,1013,1570,0,0.182,6202,1.438,1.313,1570,0,1.60978168408393e-08
"TOI-4145 A b","TOI-4145 A","Transit",1,1074,223,1074,0,0.168,5281,0.859,0.905,1074,0,1.72922503418585e-05
"TOI-4153 b","TOI-4153","Transit",1,1669,NA,1669,0.039,0.317,6860,1.605,1.572,1669,0,3.99733728463041e-09
"TOI-4155 b","TOI-4155","Transit",1,1255,NA,1255,NA,0.11,5724,0.95,1.16,1255,0,1.35442289354396e-06
"TOI-4184 b","TOI-4184","Transit",1,412,4.8,412,NA,-0.27,3238,0.2347,0.2109,412,0,0.161101174420166
"TOI-4201 b","TOI-4201","Transit",1,725,45.2,725,0.041,0.52,3794,0.63,0.61,725,0,0.00234209780304092
"TOI-421 b","TOI-421","Transit",1,922,NA,922,0.13,-0.044,5291,0.866,0.833,922,0,0.000146783863731705
"TOI-421 c","TOI-421","Transit",1,635,NA,635,0.19,-0.044,5291,0.866,0.833,635,0,0.00826071116173178
"TOI-4214 b","TOI-4214","Transit",1,1642,1210,1642,0.17,0.294,6370,1.434,1.382,1642,0,5.84480135057159e-09
"TOI-4308 b","TOI-4308","Transit",1,763.05,NA,763.05,NA,NA,5243,0.7934,0.9,763.05,0,0.00137246286658343
"TOI-431 b","TOI-431","Transit",1,1862,NA,1862,0,0.2,4850,0.731,0.78,1862,0,2.64444034368061e-10
"TOI-431 c","TOI-431","Radial Velocity",1,867,NA,867,0,0.2,4850,0.731,0.78,867,0,0.000318209282788435
"TOI-431 d","TOI-431","Transit",1,633,NA,633,0,0.2,4850,0.731,0.78,633,0,0.00849448779817572
"TOI-4336 A b","TOI-4336 A","Transit",1,308,1.5,308,NA,-0.209,3298,0.328,0.331,308,1,0.453473493045821
"TOI-4342 b","TOI-4342","Transit",1,633.6,26.9,633.6,NA,NA,3901,0.599,0.6296,633.6,0,0.00842367435688321
"TOI-4342 c","TOI-4342","Transit",1,508.9,11.18,508.9,NA,NA,3901,0.599,0.6296,508.9,0,0.0468168856511701
"TOI-4364 b","TOI-4364","Transit",1,488,NA,488,0.29,0.148,3528,0.4684,0.487,488,0,0.061833992851214
"TOI-4406 b","TOI-4406","Transit",1,904,NA,904,0.15,0.1,6219,1.29,1.19,904,0,0.000189085944992904
"TOI-4438 b","TOI-4438","Transit",1,435,6,435,0.14,-0.19,3422,0.372,0.368,435,0,0.121992387359851
"TOI-444 b","TOI-444","Transit",1,609,NA,609,NA,0.08,5225,0.779,0.96,609,0,0.0118665212507003
"TOI-4443.01","TOI-4443","Transit",1,1638.82,1194.2104,1638.82,NA,NA,5834,1.01733,1.049133,1638.82,0,6.11227613439156e-09
"TOI-4463 A b","TOI-4463 A","Transit",1,1395,633,1395,0,0.25,5640,1.062,1.056,1395,0,1.88888109878354e-07
"TOI-4465 b","TOI-4465","Transit",1,427,NA,427,0.24,-0.06,5545,1.014,0.93,427,0,0.13457180304446
"TOI-4479 b","TOI-4479","Transit",1,861,92.5,861,NA,0,3400,0.451,0.452,861,0,0.000346231921922603
"TOI-4487 A b","TOI-4487 A","Transit",1,1639,1203,1639,0.083,0.216,6206,1.634,1.378,1639,0,6.09681438165578e-09
"TOI-4495.01","TOI-4495","Transit",1,1382.67,346.626,1382.67,NA,NA,6156,1.34,1.168817,1382.67,0,2.24674679629684e-07
"TOI-451 b","TOI-451","Transit",1,1491,NA,1491,0,NA,5550,0.879,0.95,1491,0,4.8926224864748e-08
"TOI-451 c","TOI-451","Transit",1,875,NA,875,0,NA,5550,0.879,0.95,875,0,0.000284340666372843
"TOI-451 d","TOI-451","Transit",1,722,NA,722,0,NA,5550,0.879,0.95,722,0,0.00244283643844877
"TOI-4515 b","TOI-4515","Transit",1,705,NA,705,0.461,0.05,5433,0.86,0.949,705,0,0.00310095890721553
"TOI-4527.01","TOI-4527","Transit",1,1362.93,571.5072,1362.93,NA,NA,3702,0.485948,0.483901,1362.93,0,2.96610604516065e-07
"TOI-4559 b","TOI-4559","Transit",1,554.16,15.77,554.16,NA,-0.09,3558,0.374,0.392,554.16,0,0.0253221245021771
"TOI-4600 b","TOI-4600","Transit",1,347,NA,347,0.25,0.16,5170,0.81,0.89,347,1,0.324005309590768
"TOI-4600 c","TOI-4600","Transit",1,191,NA,191,0.21,0.16,5170,0.81,0.89,191,0,0.811485560806375
"TOI-4602.01","TOI-4602","Transit",1,1380.27,603.6935,1380.27,NA,NA,6011.9,1.15664,1.116795,1380.27,0,2.32391747720091e-07
"TOI-4603 b","TOI-4603","Transit",1,1677,1192,1677,0.325,0.342,6264,2.738,1.765,1677,0,3.57175953996917e-09
"TOI-4633 c","TOI-4633","Transit",1,NA,1.56,311.247842081283,0.117,NA,5800,1.05,1.1,311.247842081283,1,0.442173106773002
"TOI-4638.01","TOI-4638","Transit",1,NA,87.81,852.532990301946,NA,NA,5700,0.895,1.02,852.532990301946,0,0.00039002333590805
"TOI-470 b","TOI-470","Transit",1,660,NA,660,NA,0.1,5190,0.831,0.87,660,0,0.00582513348614466
"TOI-4734 b","TOI-4734","Transit",1,1468,775,1468,0.12,0.288,6070,1.857,1.391,1468,0,6.76233014749569e-08
"TOI-4791 b","TOI-4791","Transit",1,1472,783.2,1472,0,0.207,6058,1.409,1.242,1472,0,6.39222540575999e-08
"TOI-4794 b","TOI-4794","Transit",1,1673,1310,1673,0.1,-0.102,6390,1.451,1.25,1673,0,3.77856157565602e-09
"TOI-480 b","TOI-480","Transit",1,1198.94,NA,1198.94,0,0.164,6174,1.4877,1.2793,1198.94,0,2.98085130502722e-06
"TOI-481 b","TOI-481","Transit",1,1370,NA,1370,0.153,0.26,5735,1.66,1.14,1370,0,2.68522945573675e-07
"TOI-4860 b","TOI-4860","Transit",1,694,42.5,694,0.008,0.27,3260,0.358,0.34,694,0,0.0036181987453947
"TOI-4914 b","TOI-4914","Transit",1,894,NA,894,0.408,-0.13,5805,1,1.03,894,0,0.000217649446672033
"TOI-4961 b","TOI-4961","Transit",1,919,115,919,0.182,0.206,5380,0.912,0.912,919,0,0.000153111843177338
"TOI-4994 b","TOI-4994","Transit",1,717.6,40,717.6,0.319,0.165,5640,1.055,1.005,717.6,0,0.00259845591892622
"TOI-500 b","TOI-500","Transit",1,1617,1138,1617,0.063,0.12,4440,0.678,0.74,1617,0,8.30895812910518e-09
"TOI-5005 b","TOI-5005","Transit",1,1040,226,1040,NA,0.15,5749,0.93,0.97,1040,0,2.79012317808565e-05
"TOI-5027 b","TOI-5027","Transit",1,1056,NA,1056,0.385,-0.15,5909,0.92,1.02,1056,0,2.22765872053834e-05
"TOI-5076 b","TOI-5076","Transit",1,550,NA,550,0,0.082,4780,0.844,0.789,550,0,0.0268077122155434
"TOI-5082.01","TOI-5082","Transit",1,1164.91,254.588,1164.91,NA,NA,5670,0.93,0.99665,1164.91,0,4.81170861536115e-06
"TOI-5108 b","TOI-5108","Transit",1,1180,NA,1180,NA,0.2,5808,1.29,1.1,1180,0,3.89120071595197e-06
"TOI-5110 b","TOI-5110","Transit",1,976,NA,976,0.745,0.065,6160,2.333,1.469,976,0,6.86616639207213e-05
"TOI-512 b","TOI-512","Transit",1,1009,127,1009,0.02,-0.11,5277,0.89,0.74,1009,0,4.31578700488381e-05
"TOI-5126 b","TOI-5126","Transit",1,1442,467,1442,0,0.18,6150,1.241,1.24,1442,0,9.74954270380678e-08
"TOI-5126 c","TOI-5126","Transit",1,971,96,971,0,0.18,6150,1.241,1.24,971,0,7.36660720528172e-05
"TOI-5153 b","TOI-5153","Transit",1,906,NA,906,0.091,0.12,6300,1.4,1.24,906,0,0.000183839733545793
"TOI-5181 A b","TOI-5181 A","Transit",1,1585,1053,1585,0.15,0.208,6060,1.53,1.25,1585,0,1.30346955927282e-08
"TOI-519 b","TOI-519","Transit",1,687,NA,687,0.33,0.27,3322,0.35,0.335,687,0,0.00399123501430946
"TOI-5205 b","TOI-5205","Transit",1,737,49,737,0.02,0,3430,0.394,0.392,737,0,0.00197892902597692
"TOI-5210 b","TOI-5210","Transit",1,1286,456,1286,0.066,0.324,5723,1.209,1.105,1286,0,8.75611066253134e-07
"TOI-5218 b","TOI-5218","Transit",1,783,62,783,0,0.41,4230,0.708,0.739,783,0,0.00103688506471391
"TOI-5232 b","TOI-5232","Transit",1,1772,NA,1772,0.035,-0.104,6500,1.785,1.389,1772,0,9.38275362312199e-10
"TOI-5293 A b","TOI-5293 A","Transit",1,675,34.6,675,0.38,-0.03,3586,0.52,0.54,675,0,0.00472195059050942
"TOI-530 b","TOI-530","Transit",1,565,NA,565,0,0.376,3659,0.54,0.53,565,0,0.0218179869135167
"TOI-5300 b","TOI-5300","Transit",1,1043,198,1043,0,-0.17,4610,0.65,0.67,1043,0,2.6747959675879e-05
"TOI-5301 b","TOI-5301","Transit",1,1648,NA,1648,0.33,0.03,6240,2.19,1.483,1648,0,5.37159572491729e-09
"TOI-5319 b","TOI-5319","Transit",1,695,NA,695,NA,NA,3580,0.485,0.5,695,0,0.0035678230163534
"TOI-532 b","TOI-532","Transit",1,867,94.1,867,0,0.338,3927,0.612,0.639,867,0,0.000318209282788435
"TOI-5322 b","TOI-5322","Transit",1,1350,554,1350,0.055,-0.048,5692,1.462,0.998,1350,0,3.55797438957696e-07
"TOI-5340 b","TOI-5340","Transit",1,1566,1004,1566,0.13,0.208,5990,1.842,1.35,1566,0,1.70298676162154e-08
"TOI-5344 b","TOI-5344","Transit",1,689,38,689,0.054,0.425,3747,0.588,0.612,689,0,0.00388090721496911
"TOI-5386 A b","TOI-5386 A","Transit",1,1488,817,1488,0.072,0.182,6094,1.245,1.165,1488,0,5.10357996704623e-08
"TOI-5388.01","TOI-5388","Transit",1,601.35,3.3023,601.35,NA,NA,3495,0.31,0.28572,601.35,0,0.0131973825616287
"TOI-5398 b","TOI-5398","Transit",1,947,NA,947,0.13,0.09,6000,1.051,1.146,947,0,0.00010325721438368
"TOI-5398 c","TOI-5398","Transit",1,1242,NA,1242,0.14,0.09,6000,1.051,1.146,1242,0,1.62629045242582e-06
"TOI-540 b","TOI-540","Transit",1,611,23.4,611,0,NA,3216,0.1895,0.159,611,0,0.011541023147981
"TOI-544 b","TOI-544","Transit",1,999,NA,999,0,-0.17,4169,0.623,0.631,999,0,4.96784340352277e-05
"TOI-5542 b","TOI-5542","Transit",1,441,9.6,441,0.018,-0.21,5700,1.058,0.89,441,0,0.113234045606929
"TOI-5573 b","TOI-5573","Transit",1,528,12.92,528,0.072,0.42,3790,0.594,0.619,528,0,0.0361825746040889
"TOI-558 b","TOI-558","Transit",1,1061,NA,1061,0.298,-0.004,6466,1.496,1.349,1061,0,2.07631839356995e-05
"TOI-559 b","TOI-559","Transit",1,1180,NA,1180,0.151,-0.069,5925,1.233,1.026,1180,0,3.89120071595197e-06
"TOI-5592 b","TOI-5592","Transit",1,1789,1712,1789,0.062,-0.013,6237,1.393,1.194,1789,0,7.3865574091232e-10
"TOI-561 b","TOI-561","Transit",1,2319,4709,2319,0,NA,NA,0.843,0.806,2319,0,4.26160871777687e-13
"TOI-561 c","TOI-561","Transit",1,802,67.5,802,0.023,NA,NA,0.843,0.806,802,0,0.000793827050779567
"TOI-561 d","TOI-561","Transit",1,600,21.2,600,0.111,NA,NA,0.843,0.806,600,0,0.0134470756967497
"TOI-561 e","TOI-561","Transit",1,416,4.89,416,0.074,NA,NA,0.843,0.806,416,0,0.153638700779222
"TOI-5616 b","TOI-5616","Transit",1,939,137,939,0,0.14,3996,0.646,0.666,939,0,0.000115558964818275
"TOI-5634 A b","TOI-5634 A","Transit",1,837,77,837,0,-0.27,3896,0.54,0.556,837,0,0.000485257712824267
"TOI-564 b","TOI-564","Transit",1,1714,1423,1714,0.072,0.143,5640,1.088,0.998,1714,0,2.12213264334635e-09
"TOI-5678 b","TOI-5678","Transit",1,513,NA,513,0.14,0,5485,0.938,0.905,513,0,0.0443086421253853
"TOI-5688 A b","TOI-5688 A","Transit",1,742,50.3,742,0.128,0.47,3713,0.57,0.6,742,0,0.00184473185827754
"TOI-5704 b","TOI-5704","Transit",1,949.07,NA,949.07,NA,0.428,4590,0.7575,0.73,949.07,0,0.000100293265435205
"TOI-5713 b","TOI-5713","Transit",1,347.2,2.2554,347.2,0.24,-0.03,3225,0.2992,0.2653,347.2,1,0.323389220942519
"TOI-5720 b","TOI-5720","Transit",1,708,41.7,708,NA,0.03,3325,0.383,0.383,708,0,0.00297316125140807
"TOI-5726.01","TOI-5726","Transit",1,NA,338.95,1194.97579668042,NA,NA,5874,1.106,1.06,1194.97579668042,0,3.1518516834446e-06
"TOI-5786 b","TOI-5786","Transit",1,1040,NA,1040,NA,0.08,6235,1.36,1.23,1040,0,2.79012317808565e-05
"TOI-5795 b","TOI-5795","Transit",1,1136.78,NA,1136.78,0.25,-0.27,5715,1.082,0.901,1136.78,0,7.14830013084497e-06
"TOI-5799 b","TOI-5799","Transit",1,NA,13.35,532.347864119351,NA,NA,3521,0.343,0.327,532.347864119351,0,0.034108522934884
"TOI-5800 b","TOI-5800","Transit",1,1108,NA,1108,0.3,-0.04,4850,0.773,0.778,1108,0,1.07171152149804e-05
"TOI-5803 b","TOI-5803","Transit",1,678.87,NA,678.87,NA,NA,5134,0.7625,0.87,678.87,0,0.00447280833019875
"TOI-5817 b","TOI-5817","Transit",1,950,NA,950,0.2,-0.24,5770,1.427,0.97,950,0,9.8989479435396e-05
"TOI-5882 b","TOI-5882","Transit",1,1515,NA,1515,0.0339,0.18,5920,2.26,1.334,1515,0,3.49040618408377e-08
"TOI-6000 b","TOI-6000","Transit",1,1120,NA,1120,NA,NA,3419,0.38,0.37,1120,0,9.05202513008879e-06
"TOI-6002 b","TOI-6002","Transit",1,321.4,1.6823,321.4,0.15,-0.18,3229,0.2432,0.2101,321.4,1,0.407284891525923
"TOI-6008 b","TOI-6008","Transit",1,707,41.5,707,NA,0.3,3075,0.242,0.23,707,0,0.00301516608522594
"TOI-6016 b","TOI-6016","Transit",1,1890,940,1890,0,0.28,6110,1.51,1.31,1890,0,1.78329725030658e-10
"TOI-6034 b","TOI-6034","Transit",1,714,43,714,0.04,-0.09,3635,0.489,0.514,714,0,0.00273310666267041
"TOI-6038 A b","TOI-6038 A","Transit",1,1439,716,1439,NA,0.124,6110,1.648,1.291,1439,0,1.01699182522991e-07
"TOI-6054.01","TOI-6054","Transit",1,NA,529.21,1335.7716134873,NA,NA,6112,1.612,1.15,1335.7716134873,0,4.34663814702169e-07
"TOI-6054.02","TOI-6054","Transit",1,NA,265.34,1124.02476709121,NA,NA,6112,1.612,1.15,1124.02476709121,0,8.55362730258332e-06
"TOI-6086 b","TOI-6086","Transit",1,634,26.8,634,NA,0.11,3200,0.259,0.254,634,0,0.00837679088792199
"TOI-6130 b","TOI-6130","Transit",1,1750,1150,1750,0.036,0.28,6110,1.51,1.31,1750,0,1.27871544475293e-09
"TOI-615 b","TOI-615","Transit",1,1666,1286,1666,0.39,-0.1,6850,1.732,1.449,1666,0,4.1696923446032e-09
"TOI-620 b","TOI-620","Transit",1,603.6,20.8,603.6,0.22,0.35,3708,0.55,0.577,603.6,0,0.0127913549285732
"TOI-622 b","TOI-622","Transit",1,1388,602,1388,0.42,0.09,6400,1.415,1.313,1388,0,2.08440507024973e-07
"TOI-628 b","TOI-628","Transit",1,1586,NA,1586,0.072,0.258,6250,1.345,1.311,1586,0,1.28525653485199e-08
"TOI-6324 b","TOI-6324","Transit",1,1216,NA,1216,0,-0.32,3247,0.293,0.269,1216,0,2.34469139362301e-06
"TOI-6383 A b","TOI-6383 A","Transit",1,745,51.3,745,0.05,NA,3444,0.457,0.458,745,0,0.00176861436178917
"TOI-640 b","TOI-640","Transit",1,1816,NA,1816,0.013,0.072,6460,2.082,1.536,1816,0,5.05176472524736e-10
"TOI-6478 b","TOI-6478","Transit",1,204.4,NA,204.4,NA,-0.53,3230,0.234,0.23,204.4,1,0.780937328434438
"TOI-654.01","TOI-654","Transit",1,794,65,794,0,0.12,3521,0.43,0.419,794,0,0.000888328098528982
"TOI-6628 b","TOI-6628","Transit",1,833,NA,833,0.67,0.36,5463,1.01,0.97,833,0,0.000513339325633917
"TOI-663 b","TOI-663","Transit",1,674,49.1,674,NA,0.07,3681,0.512,0.514,674,0,0.00478854366408125
"TOI-663 c","TOI-663","Transit",1,553,22.3,553,NA,0.07,3681,0.512,0.514,553,0,0.0257281194937122
"TOI-663 d","TOI-663","Transit",1,482,12.9,482,NA,0.07,3681,0.512,0.514,482,0,0.0669166907175388
"TOI-6651 b","TOI-6651","Transit",1,1493,817,1493,0.091,0.225,5940,1.721,1.323,1493,0,4.75685115512925e-08
"TOI-669 b","TOI-669","Transit",1,1124.85,NA,1124.85,0,0.001,5597,0.9882,0.9245,1124.85,0,8.45487727254363e-06
"TOI-6695 b","TOI-6695","Transit",1,599,NA,599,0.04,0.2,6400,1.517,1.338,599,0,0.0136350323674391
"TOI-6695 c","TOI-6695","Radial Velocity",1,415,NA,415,0.022,0.2,6400,1.517,1.338,415,0,0.155477372392245
"TOI-672 b","TOI-672","Transit",1,676.15,NA,676.15,NA,-0.71,3765,0.5441,0.5399,676.15,0,0.00464650729851228
"TOI-674 b","TOI-674","Transit",1,635,38.4,635,0,0.17,3514,0.42,0.42,635,0,0.00826071116173178
"TOI-6894 b","TOI-6894","Transit",1,417.9,5.54,417.9,0.029,0.142,3007,0.2276,0.207,417.9,0,0.150194294116765
"TOI-700 b","TOI-700","Transit",1,NA,4.98,416.037554790975,0.075,-0.07,3459,0.421,0.415,416.037554790975,0,0.153569997824624
"TOI-700 c","TOI-700","Transit",1,NA,2.64,354.998224713864,0.068,-0.07,3459,0.421,0.415,354.998224713864,0,0.299858773900582
"TOI-700 d","TOI-700","Transit",1,NA,0.85,267.411408149066,0.042,-0.07,3459,0.421,0.415,267.411408149066,1,0.594954814829407
"TOI-700 e","TOI-700","Transit",1,NA,1.27,295.648806232199,0.059,-0.07,3459,0.421,0.415,295.648806232199,1,0.496787775831728
"TOI-712 b","TOI-712","Transit",1,650,22.6,650,0.54,-0.02,4622,0.674,0.732,650,0,0.00669937881915448
"TOI-712 c","TOI-712","Transit",1,369.9,3.08,369.9,0.089,-0.02,4622,0.674,0.732,369.9,0,0.257757405626401
"TOI-712 d","TOI-712","Transit",1,313.6,1.6,313.6,0.073,-0.02,4622,0.674,0.732,313.6,1,0.434025662562967
"TOI-7149 b","TOI-7149","Transit",1,593,20.6,593,0.078,-0.08,3363,0.351,0.344,593,0,0.0148183982610424
"TOI-715 b","TOI-715","Transit",1,234,0.67,234,NA,-0.25,3075,0.24,0.225,234,1,0.701536985947625
"TOI-733 b","TOI-733","Transit",1,1055.8,207.1,1055.8,0.046,-0.04,5585,0.949,0.956,1055.8,0,2.23393660526717e-05
"TOI-757 b","TOI-757","Transit",1,641,NA,641,0.39,-0.27,5278,0.78,0.8,641,0,0.00759699001298335
"TOI-762 A b","TOI-762 A","Transit",1,555.4,NA,555.4,0.083,0.357,3266,0.425,0.442,555.4,0,0.0248950309901007
"TOI-763 b","TOI-763","Transit",1,1038,NA,1038,0.04,0.01,5450,0.897,0.917,1038,0,2.86975734646894e-05
"TOI-763 c","TOI-763","Transit",1,800,NA,800,0.04,0.01,5450,0.897,0.917,800,0,0.00081646617893964
"TOI-771 b","TOI-771","Transit",1,543,14,543,0.055,-0.13,3370,0.232,0.22,543,0,0.0295007994067919
"TOI-771 c","TOI-771","Radial Velocity",1,365,3,365,0.065,-0.13,3370,0.232,0.22,365,0,0.271167330652116
"TOI-776 b","TOI-776","Transit",1,520,NA,520,0.052,-0.21,3725,0.547,0.542,520,0,0.0403199282069544
"TOI-776 c","TOI-776","Transit",1,420,NA,420,0.089,-0.21,3725,0.547,0.542,420,0,0.146461550784856
"TOI-778 b","TOI-778","Transit",1,1561,NA,1561,0.21,0,6643,1.71,1.4,1561,0,1.82711816213369e-08
"TOI-782 b","TOI-782","Transit",1,435,5.91,435,0.19,0.34,3370,0.413,0.397,435,0,0.121992387359851
"TOI-813 b","TOI-813","Transit",1,610,23.1,610,0,0.1,5907,1.94,1.32,610,0,0.0117026539753655
"TOI-815 b","TOI-815","Transit",1,686,36.9,686,0.2,-0.09,4869,0.77,0.776,686,0,0.00404756480709351
"TOI-815 c","TOI-815","Transit",1,469,8.03,469,0.22,-0.09,4869,0.77,0.776,469,0,0.0792836833753904
"TOI-824 b","TOI-824","Transit",1,1253,412,1253,NA,-0.092,4600,0.695,0.71,1253,0,1.39308114588048e-06
"TOI-833 b","TOI-833","Transit",1,1118,NA,1118,NA,NA,3920,0.6,0.61,1118,0,9.31038808508101e-06
"TOI-836 b","TOI-836","Transit",1,871,78.838,871,0.053,-0.284,4552,0.665,0.678,871,0,0.000300798812717299
"TOI-836 c","TOI-836","Transit",1,665,26.707,665,0.078,-0.284,4552,0.665,0.678,665,0,0.00543153302761244
"TOI-837 b","TOI-837","Transit",1,995.3,164,995.3,NA,0.01,5995,1.052,1.142,995.3,0,5.23332508661944e-05
"TOI-858 B b","TOI-858 B","Transit",1,1529,908.9,1529,0.15,0.153,5842,1.308,1.081,1529,0,2.86629545490087e-08
"TOI-871 b","TOI-871","Transit",1,621,24.78,621,NA,-0.07,4929,0.719,0.758,621,0,0.0100413473766748
"TOI-880 c","TOI-880","Transit",1,805,NA,805,NA,0.23,5050,0.83,0.87,805,0,0.000761039024049872
"TOI-880.02","TOI-880","Transit",1,1085,NA,1085,NA,0.23,5050,0.83,0.87,1085,0,1.4812582833675e-05
"TOI-892 b","TOI-892","Transit",1,1397,NA,1397,0.125,0.24,6261,1.39,1.28,1397,0,1.83646424721851e-07
"TOI-904 b","TOI-904","Transit",1,429.43,NA,429.43,NA,0.022,3770.2,0.527,0.557,429.43,0,0.130639112433278
"TOI-904 c","TOI-904","Transit",1,217.26,NA,217.26,NA,0.022,3770.2,0.527,0.557,217.26,1,0.748415723666009
"TOI-905 b","TOI-905","Transit",1,1192,337,1192,0.024,0.14,5570,0.918,0.968,1192,0,3.28663157995232e-06
"TOI-907.01","TOI-907","Transit",1,1846.6,1729.6714,1846.6,NA,NA,6272,2.059789,1.069357,1846.6,0,3.2843111368327e-10
"TOI-908 b","TOI-908","Transit",1,1317,80.884,1317,0.132,0.08,5626,1.028,0.95,1317,0,5.6606737321282e-07
"TOI-913 b","TOI-913","Transit",1,712.01,NA,712.01,NA,-0.133,4969,0.7325,0.82,712.01,0,0.00281050207082561
"TOI-954 b","TOI-954","Transit",1,1526,1393,1526,0.14,0.215,5710,1.892,1.201,1526,0,2.98988285249625e-08
"TOI-969 b","TOI-969","Transit",1,941,188,941,NA,0.175,4435,0.671,0.734,941,0,0.000112352538709142
"TOI-969 c","TOI-969","Radial Velocity",1,96.4,0.0208,96.4,0.628,0.175,4435,0.671,0.734,96.4,0,0.94217847658221
"TRAPPIST-1 b","TRAPPIST-1","Transit",1,NA,4.153,397.571900909989,NA,NA,2566,0.1192,0.0898,397.571900909989,0,0.190458158936864
"TRAPPIST-1 c","TRAPPIST-1","Transit",1,NA,2.214,339.718817445959,NA,NA,2566,0.1192,0.0898,339.718817445959,1,0.346837433993061
"TRAPPIST-1 d","TRAPPIST-1","Transit",1,NA,1.115,286.18305559359,NA,NA,2566,0.1192,0.0898,286.18305559359,1,0.530050242765043
"TRAPPIST-1 e","TRAPPIST-1","Transit",1,NA,0.646,249.67975471572,NA,NA,2566,0.1192,0.0898,249.67975471572,1,0.653394451673316
"TRAPPIST-1 f","TRAPPIST-1","Transit",1,NA,0.373,217.646860755363,NA,NA,2566,0.1192,0.0898,217.646860755363,1,0.747389361060255
"TRAPPIST-1 g","TRAPPIST-1","Transit",1,NA,0.252,197.321920946015,NA,NA,2566,0.1192,0.0898,197.321920946015,0,0.797498807753229
"TRAPPIST-1 h","TRAPPIST-1","Transit",1,NA,0.144,171.559915055025,NA,NA,2566,0.1192,0.0898,171.559915055025,0,0.849826200509642
"TYC 3667-1280-1 b","TYC 3667-1280-1","Radial Velocity",1,1350,NA,1350,0.036,-0.08,5130,6.26,1.87,1350,0,3.55797438957696e-07
"TYC 8998-760-1 c","TYC 8998-760-1","Imaging",1,1240,NA,1240,NA,NA,NA,NA,1,1240,0,1.67270839869797e-06
"Teegarden's Star b","Teegarden's Star","Radial Velocity",1,277,1.08,277,0.03,-0.11,3034,0.12,0.097,277,1,0.562068990805242
"Teegarden's Star c","Teegarden's Star","Radial Velocity",1,209,0.35,209,0.04,-0.11,3034,0.12,0.097,209,1,0.769662985837157
"Teegarden's Star d","Teegarden's Star","Radial Velocity",1,159,0.12,159,0.07,-0.11,3034,0.12,0.097,159,0,0.871016054121902
"TrES-5 b","TrES-5","Transit",1,1480,NA,1480,NA,0.2,5171,0.868,0.901,1480,0,5.71167519641284e-08
"USco1556 b","USco1556 A","Imaging",1,2240,NA,2240,NA,NA,3410,NA,0.33,2240,0,1.2952342253469e-12
"USco1621 b","USco1621 A","Imaging",1,2270,NA,2270,NA,NA,3460,NA,0.36,2270,0,8.4921201898798e-13
"V1298 Tau b","V1298 Tau","Transit",1,677,35,677,0.29,NA,NA,1.345,1.101,677,0,0.00459151708508331
"V1298 Tau c","V1298 Tau","Transit",1,968,146,968,0.43,NA,NA,1.345,1.101,968,0,7.68421224515268e-05
"V1298 Tau d","V1298 Tau","Transit",1,845,85,845,0.21,NA,NA,1.345,1.101,845,0,0.000433617002852256
"VHS J125601.92-125723.9 b","VHS J125601.92-125723.9","Imaging",1,1194,NA,1194,0.68,NA,NA,NA,NA,1194,0,3.1954271304335e-06
"WASP-10 b","WASP-10","Transit",1,1370,NA,1370,NA,0.03,4675,0.698,0.75,1370,0,2.68522945573675e-07
"WASP-102 b","WASP-102","Transit",1,1671,1293,1671,0,-0.2,5990,1.375,1.08,1671,0,3.88641030627083e-09
"WASP-103 b","WASP-103","Transit",1,2508,NA,2508,NA,0.06,6110,1.436,1.22,2508,0,2.98250266854933e-14
"WASP-104 b","WASP-104","Transit",1,1516,NA,1516,0,0.32,5475,0.963,1.076,1516,0,3.44163569209471e-08
"WASP-105 b","WASP-105","Transit",1,900,NA,900,0,0.28,5070,0.9,0.89,900,0,0.000200031680881347
"WASP-113 b","WASP-113","Transit",1,1496,NA,1496,0,0.1,5890,1.608,1.318,1496,0,4.56022577746209e-08
"WASP-114 b","WASP-114","Transit",1,2043,NA,2043,0.012,0.14,5940,1.43,1.289,2043,0,2.07123618251823e-11
"WASP-116 b","WASP-116","Transit",1,1414,663,1414,0,0,6250,1.426,1.25,1414,0,1.44575352439717e-07
"WASP-118 b","WASP-118","Transit",1,1729,NA,1729,0,0.16,6410,1.696,1.32,1729,0,1.71832946127674e-09
"WASP-119 b","WASP-119","Transit",1,1600,NA,1600,0.058,0.14,5650,1.2,1.02,1600,0,1.05544305029626e-08
"WASP-120 b","WASP-120","Transit",1,1880,NA,1880,0.057,-0.05,6450,1.87,1.393,1880,0,2.05274246404206e-10
"WASP-123 b","WASP-123","Transit",1,1520,NA,1520,0,0.18,5740,1.285,1.166,1520,0,3.25327373679655e-08
"WASP-124 b","WASP-124","Transit",1,1400,NA,1400,0.017,-0.02,6050,1.02,1.07,1400,0,1.76055364642409e-07
"WASP-129 b","WASP-129","Transit",1,1100,NA,1100,0.096,0.15,5900,0.9,1,1100,0,1.19940519698765e-05
"WASP-130 b","WASP-130","Transit",1,833,NA,833,0,0.26,5625,0.96,1.04,833,0,0.000513339325633917
"WASP-132 b","WASP-132","Transit",1,682,58.5,682,0.0163,0.15,4686,0.758,0.789,682,0,0.00428091235492134
"WASP-132 c","WASP-132","Transit",1,1329,791,1329,0,0.15,4686,0.758,0.789,1329,0,4.78118215902644e-07
"WASP-132 d","WASP-132","Radial Velocity",1,107,0.0363,107,0.12,0.15,4686,0.758,0.789,107,0,0.933496226583723
"WASP-133 b","WASP-133","Transit",1,1790,NA,1790,0.17,0.29,5700,1.44,1.16,1790,0,7.2833470570653e-10
"WASP-136 b","WASP-136","Transit",1,1742,NA,1742,NA,-0.18,6260,2.21,1.41,1742,0,1.43107531958445e-09
"WASP-138 b","WASP-138","Transit",1,1590,NA,1590,NA,-0.09,6272,1.36,1.22,1590,0,1.21491398248502e-08
"WASP-139 b","WASP-139","Transit",1,910,NA,910,0,0.2,5310,0.8,0.92,910,0,0.000173779867198729
"WASP-140 b","WASP-140","Transit",1,1320,NA,1320,0.047,0.12,5260,0.87,0.9,1320,0,5.4266887868606e-07
"WASP-141 b","WASP-141","Transit",1,1540,NA,1540,0,0.29,5900,1.37,1.25,1540,0,2.45526943603436e-08
"WASP-142 b","WASP-142","Transit",1,2000,NA,2000,0,0.26,6010,1.64,1.33,2000,0,3.79320005550161e-11
"WASP-144 b","WASP-144","Transit",1,1260,NA,1260,0,0.18,5200,0.81,0.81,1260,0,1.26240574612289e-06
"WASP-145 A b","WASP-145 A","Transit",1,1200,NA,1200,0,-0.04,4900,0.68,0.76,1200,0,2.93672036328795e-06
"WASP-147 b","WASP-147","Transit",1,1404,NA,1404,0,0.092,5702,1.429,1.044,1404,0,1.66419792707539e-07
"WASP-149 b","WASP-149","Transit",1,1855,1966,1855,0,0,5750,1.08,1.05,1855,0,2.91817466515721e-10
"WASP-150 b","WASP-150","Transit",1,1460,NA,1460,0.3775,0.156,6218,1.651,1.394,1460,0,7.56806664076292e-08
"WASP-153 b","WASP-153","Transit",1,1700,1400,1700,0.009,0.34,5914,1.73,1.336,1700,0,2.58420845343183e-09
"WASP-154 b","WASP-154","Transit",1,994,162,994,0,0.2,4774,0.823,0.8,994,0,5.32993224444716e-05
"WASP-155 b","WASP-155","Transit",1,1468,771,1468,0,0,5660,1.24,1.09,1468,0,6.76233014749569e-08
"WASP-156 b","WASP-156","Transit",1,934.5,NA,934.5,0,0.305,4987,0.8268,0.8712,934.5,0,0.000123111943998518
"WASP-158 b","WASP-158","Transit",1,1590,NA,1590,0,0.24,6350,1.39,1.38,1590,0,1.21491398248502e-08
"WASP-159 b","WASP-159","Transit",1,1850,NA,1850,0,0.22,6120,2.11,1.41,1850,0,3.13088161203049e-10
"WASP-160 B b","WASP-160 B","Transit",1,1119,NA,1119,0,0.27,5298,0.868,0.87,1119,0,9.18029776588025e-06
"WASP-161 b","WASP-161","Transit",1,1557,990,1557,NA,0.16,6400,1.712,1.39,1557,0,1.93290684842838e-08
"WASP-162 b","WASP-162","Transit",1,910,NA,910,0.434,0.28,5300,1.11,0.95,910,0,0.000173779867198729
"WASP-163 b","WASP-163","Transit",1,1638,1200,1638,NA,-0.34,5500,1.015,0.97,1638,0,6.18321069785575e-09
"WASP-164 b","WASP-164","Transit",1,1610,NA,1610,0,-0.01,5806,0.932,0.946,1610,0,9.16904446113093e-09
"WASP-165 b","WASP-165","Transit",1,1624,NA,1624,0,0.33,5599,1.75,1.248,1624,0,7.52955070490927e-09
"WASP-166 b","WASP-166","Transit",1,1270,440,1270,0,0.19,6050,1.22,1.19,1270,0,1.09670117330773e-06
"WASP-167 b","WASP-167","Transit",1,2329,NA,2329,NA,0.1,7000,1.79,1.59,2329,0,3.70222531136471e-13
"WASP-168 b","WASP-168","Transit",1,1340,NA,1340,0,-0.01,6000,1.12,1.08,1340,0,4.09556215138386e-07
"WASP-169 b","WASP-169","Transit",1,1604,NA,1604,0,0.06,6110,2.011,1.337,1604,0,9.97678272460949e-09
"WASP-170 b","WASP-170","Transit",1,1422,680,1422,NA,0.22,5600,0.938,0.93,1422,0,1.2918309496551e-07
"WASP-171 b","WASP-171","Transit",1,1642,NA,1642,0,0.04,5965,1.637,1.171,1642,0,5.84480135057159e-09
"WASP-172 b","WASP-172","Transit",1,1740,NA,1740,0,-0.1,6900,1.91,1.49,1740,0,1.47192146008362e-09
"WASP-173 A b","WASP-173 A","Transit",1,1880,NA,1880,0,0.16,5800,1.11,1.05,1880,0,2.05274246404206e-10
"WASP-174 b","WASP-174","Transit",1,1528,901.9,1528,0,0.06,6399,1.347,1.24,1528,0,2.90691295566026e-08
"WASP-175 b","WASP-175","Transit",1,1571,NA,1571,0,0.15,6229,1.204,1.212,1571,0,1.58728864400693e-08
"WASP-176 b","WASP-176","Transit",1,1721,NA,1721,0,0.164,5941,1.925,1.345,1721,0,1.92306966566303e-09
"WASP-177 b","WASP-177","Transit",1,1142,NA,1142,NA,0.25,5017,0.885,0.876,1142,0,6.64206619167991e-06
"WASP-178 b","WASP-178","Transit",1,2470,NA,2470,0,0.21,9360,1.67,2.07,2470,0,5.09098247106797e-14
"WASP-18 b","WASP-18","Transit",1,2429,5805,2429,0.0051,0.107,6432,1.319,1.294,2429,0,9.0647447696979e-14
"WASP-180 A b","WASP-180 A","Transit",1,1540,NA,1540,0,0.1,6600,1.19,1.3,1540,0,2.45526943603436e-08
"WASP-181 b","WASP-181","Transit",1,1186,NA,1186,NA,0.09,5839,0.965,1.04,1186,0,3.57616323497345e-06
"WASP-182 b","WASP-182","Transit",1,1479,NA,1479,0,0.27,5638,1.34,1.076,1479,0,5.79261380465587e-08
"WASP-183 b","WASP-183","Transit",1,1111,NA,1111,NA,-0.31,5313,0.871,0.784,1111,0,1.02741256818207e-05
"WASP-184 b","WASP-184","Transit",1,1480,NA,1480,0,0.12,6000,1.65,1.23,1480,0,5.71167519641284e-08
"WASP-185 b","WASP-185","Transit",1,1160,NA,1160,0.24,-0.02,5900,1.5,1.12,1160,0,5.15590061072913e-06
"WASP-188 b","WASP-188","Transit",1,1666,1278,1666,0,0,6850,1.83,1.5,1666,0,4.1696923446032e-09
"WASP-189 b","WASP-189","Transit",1,3353,NA,3353,0,0.29,8000,2.36,2.03,3353,0,2.04514662479509e-19
"WASP-19 b","WASP-19","Transit",1,2113,3320,2113,0.0126,0.04,5616,1.006,0.965,2113,0,7.73489706521911e-12
"WASP-190 b","WASP-190","Transit",1,1500,NA,1500,0,-0.02,6400,1.6,1.35,1500,0,4.31064298840213e-08
"WASP-192 b","WASP-192","Transit",1,1620,NA,1620,0,0.14,5910,1.32,1.09,1620,0,7.96550569841827e-09
"WASP-193 b","WASP-193","Transit",1,1254,413,1254,0.056,-0.06,6078,1.239,1.059,1254,0,1.37361602970341e-06
"WASP-194 b","WASP-194","Transit",1,1693,1365,1693,0,0,6405,1.409,1.29,1693,0,2.85170798218234e-09
"WASP-195 b","WASP-195","Transit",1,1522,890,1522,0,0,6300,1.578,1.3,1522,0,3.16299468609573e-08
"WASP-197 b","WASP-197","Transit",1,1665,1276,1665,0,0,6050,2.112,1.36,1665,0,4.22877993304101e-09
"WASP-2 b","WASP-2","Transit",1,1311,492,1311,NA,0.12,5180,0.866,0.895,1311,0,6.15934510614592e-07
"WASP-20 b","WASP-20","Transit",1,1379,NA,1379,0,-0.008,5940,1.392,1.2,1379,0,2.36582034685375e-07
"WASP-33 b","WASP-33","Transit",1,2781.7,NA,2781.7,NA,NA,7430,1.444,1.495,2781.7,0,6.338408947798e-16
"WASP-36 b","WASP-36","Transit",1,1733,NA,1733,NA,-0.26,5959,0.985,1.081,1733,0,1.62428467091149e-09
"WASP-39 b","WASP-39","Transit",1,1166,NA,1166,NA,0.01,5485,0.939,0.913,1166,0,4.73847160328307e-06
"WASP-41 c","WASP-41","Radial Velocity",1,241,NA,241,0.294,0.06,5545,0.87,0.93,241,1,0.680512653977929
"WASP-42 b","WASP-42","Transit",1,1021,NA,1021,NA,0.29,5315,0.892,0.951,1021,0,3.64527286948648e-05
"WASP-44 b","WASP-44","Transit",1,1337,533,1337,NA,-0.003,5420,0.906,0.935,1337,0,4.27215234413896e-07
"WASP-45 b","WASP-45","Transit",1,1153,294,1153,NA,-0.03,5150,0.855,0.85,1153,0,5.68960103209128e-06
"WASP-46 b","WASP-46","Transit",1,1636,NA,1636,NA,-0.3,5600,0.858,0.828,1636,0,6.35969357629675e-09
"WASP-5 b","WASP-5","Transit",1,1706,NA,1706,0.038,0.09,5700,1.029,0.96,1706,0,2.37498629029155e-09
"WASP-50 b","WASP-50","Transit",1,1394.84,NA,1394.84,NA,NA,5400,0.843,0.892,1394.84,0,1.89313852014041e-07
"WASP-52 b","WASP-52","Transit",1,1315,NA,1315,0,0.03,5000,0.79,0.87,1315,0,5.82224212558635e-07
"WASP-53 b","WASP-53","Transit",1,1053,NA,1053,0.03,0.22,4953,0.798,0.839,1053,0,2.32370749120879e-05
"WASP-57 b","WASP-57","Transit",1,1338,NA,1338,NA,-0.25,5600,0.927,0.886,1338,0,4.2124587497292e-07
"WASP-59 b","WASP-59","Transit",1,670,NA,670,0.1,-0.15,4650,0.613,0.719,670,0,0.00506439241620387
"WASP-64 b","WASP-64","Transit",1,1689,NA,1689,0,-0.08,5400,1.058,1.004,1689,0,3.01681960566919e-09
"WASP-65 b","WASP-65","Transit",1,1480,NA,1480,0,-0.07,5600,1.01,0.93,1480,0,5.71167519641284e-08
"WASP-69 b","WASP-69","Transit",1,971,NA,971,0,0.35,4792,0.801,0.83,971,0,7.36660720528172e-05
"WASP-7 b","WASP-7","Transit",1,1487,NA,1487,NA,0,6400,1.432,1.276,1487,0,5.17590142229926e-08
"WASP-70 A b","WASP-70 A","Transit",1,1387,NA,1387,0,-0.006,5763,1.215,1.106,1387,0,2.11394260761097e-07
"WASP-75 b","WASP-75","Transit",1,1710,NA,1710,0,0.07,6100,1.26,1.14,1710,0,2.24500243522443e-09
"WASP-76 b","WASP-76","Transit",1,2228,4104,2228,0,0.366,6329,1.756,1.458,2228,0,1.53349083079079e-12
"WASP-79 b","WASP-79","Transit",1,1716.2,NA,1716.2,0,0.03,6600,1.51,1.39,1716.2,0,2.05744467629473e-09
"WASP-80 b","WASP-80","Transit",1,825,NA,825,0.002,-0.13,4143,0.586,0.577,825,0,0.000574468942302106
"WASP-81 b","WASP-81","Transit",1,1623,NA,1623,0.066,-0.36,5870,1.283,1.08,1623,0,7.63624994190049e-09
"WASP-83 b","WASP-83","Transit",1,1120,NA,1120,0,0.29,5510,1.05,1.11,1120,0,9.05202513008879e-06
"WASP-84 b","WASP-84","Transit",1,732,NA,732,NA,NA,NA,0.768,0.853,732,0,0.0021228677605128
"WASP-84 c","WASP-84","Transit",1,1329,NA,1329,NA,NA,NA,0.768,0.853,1329,0,4.78118215902644e-07
"WASP-89 b","WASP-89","Transit",1,1120,NA,1120,0.193,0.15,5130,0.88,0.92,1120,0,9.05202513008879e-06
"WASP-90 b","WASP-90","Transit",1,1840,NA,1840,0,0.11,6430,1.98,1.55,1840,0,3.60393850978444e-10
"WASP-91 b","WASP-91","Transit",1,1160,NA,1160,0,0.19,4920,0.86,0.84,1160,0,5.15590061072913e-06
"WASP-92 b","WASP-92","Transit",1,1871,NA,1871,0,0,6280,1.341,1.19,1871,0,2.32988304151078e-10
"WASP-93 b","WASP-93","Transit",1,1942,NA,1942,0,0.07,6700,1.524,1.334,1942,0,8.57922310762877e-11
"WASP-96 b","WASP-96","Transit",1,1285,NA,1285,0,0.14,5540,1.05,1.06,1285,0,8.8801910414015e-07
"WASP-98 b","WASP-98","Transit",1,1171,NA,1171,NA,-0.49,5473,0.741,0.809,1171,0,4.41654905835648e-06
"WD 0806-661 b","WD 0806-661","Imaging",1,340,NA,340,NA,NA,NA,NA,0.62,340,1,0.345941646306859
"WD 1856+534 b","WD 1856+534","Transit",1,163,0.181,163,0,NA,4710,0.0131,0.518,163,0,0.864559465352282
"WISE J033605.05-014350.4 b","WISE J033605.05-014350.4","Imaging",1,325,NA,325,NA,NA,415,NA,0.0131,325,1,0.395115956630972
"WISEP J121756.91+162640.2 A b","WISEP J121756.91+162640.2 A","Imaging",1,450,NA,450,NA,NA,575,0.091,0.029,450,0,0.10112691018396
"WTS-1 b","WTS-1","Transit",1,1500,NA,1500,0.1,-0.5,6250,1.15,1.2,1500,0,4.31064298840213e-08
"WTS-2 b","WTS-2","Transit",1,2000,NA,2000,0,0.2,5000,0.752,0.82,2000,0,3.79320005550161e-11
"Wendelstein-1 b","Wendelstein-1","Transit",1,2198,NA,2198,0.012,NA,4251,0.61,0.65,2198,0,2.3389092051031e-12
"Wendelstein-2 b","Wendelstein-2","Transit",1,2470,NA,2470,0.057,NA,4591,0.66,0.73,2470,0,5.09098247106797e-14
"Wolf 1061 b","Wolf 1061","Radial Velocity",1,NA,7.34,458.404861185149,0.15,-0.09,3342,0.307,0.294,458.404861185149,0,0.0908721120534357
"Wolf 1061 c","Wolf 1061","Radial Velocity",1,NA,1.3,297.379507305725,0.11,-0.09,3342,0.307,0.294,297.379507305725,1,0.490700515887476
"Wolf 1061 d","Wolf 1061","Radial Velocity",1,NA,0.06,137.836111306937,0.55,-0.09,3342,0.307,0.294,137.836111306937,0,0.900945551809255
"Wolf 1069 b","Wolf 1069","Radial Velocity",1,250.1,0.652,250.1,NA,0.07,3158,0.1813,0.167,250.1,1,0.652054035099436
"Wolf 327 b","Wolf 327","Transit",1,996,233.9,996,0,-0.17,3542,0.406,0.405,996,0,5.18203313035333e-05
"Wolf 503 b","Wolf 503","Transit",1,789,64.7,789,0.409,-0.47,4716,0.689,0.688,789,0,0.000953016989164037
"XO-5 b","XO-5","Transit",1,1230,NA,1230,0,0.05,5430,1.13,1.04,1230,0,1.92544383257783e-06
"XO-6 b","XO-6","Transit",1,1577,NA,1577,0,-0.07,6720,1.93,1.47,1577,0,1.45877890280155e-08
"XO-7 b","XO-7","Transit",1,1743,1540,1743,0.038,0.432,6250,1.48,1.405,1743,0,1.41107929447099e-09
"YZ Cet b","YZ Cet","Radial Velocity",1,471.2,8.21,471.2,0.06,-0.18,3151,0.157,0.142,471.2,0,0.0770531357788137
"YZ Cet c","YZ Cet","Radial Velocity",1,410.3,4.72,410.3,0,-0.18,3151,0.157,0.142,410.3,0,0.164360326158825
"YZ Cet d","YZ Cet","Radial Velocity",1,356.7,2.7,356.7,0.07,-0.18,3151,0.157,0.142,356.7,0,0.294855656715384
"eps Ind A b","eps Ind A","Radial Velocity",1,275,NA,275,0.4,0.22,4760,0.679,0.76,275,1,0.568983667655786
"kap And b","kap And","Imaging",1,1900,NA,1900,NA,-0.36,10900,NA,2.6,1900,0,1.54921970907043e-10
"Earth","Sun","Known Planet",1,255,1,255,0.0167,0,5778,1,1,255,1,0.636251456450975
