pl_name,hostname,discoverymethod,default_flag,pl_eqt,pl_insol,pl_eqt_est,pl_orbeccen,st_met,st_teff,st_rad,st_mass
1RXS J160929.1-210524 b,1RXS J160929.1-210524,Imaging,1,1700.0,,1700.0,,,4060.0,,0.85
2M0437 b,2MASS J04372171+2651014,Imaging,1,1450.0,,1450.0,,0.01,3100.0,0.84,0.17
2MASS J03590986+2009361 b,2MASS J03590986+2009361,Imaging,1,2369.0,,2369.0,,,,,
2MASS J11011926-7732383 b,2MASS J11011926-7732383,Imaging,1,2677.0,,2677.0,,,,,
2MASS J11550485-7919108 b,2MASS J11550485-7919108,Imaging,1,2506.0,,2506.0,,,,,
2MASS J12073346-3932539 b,2MASS J12073346-3932539,Imaging,1,1250.0,,1250.0,,,,,0.024
2MASS J21252752-8138278 b,2MASS J21252752-8138278,Imaging,1,1616.0,,1616.0,,,,,
51 Eri b,51 Eri,Imaging,1,700.0,,700.0,,-0.027,,,1.75
AU Mic b,AU Mic,Transit,1,600.0,21.2,600.0,0.00577,0.23,3678.0,0.744,0.51
AU Mic c,AU Mic,Transit,1,459.0,7.3,459.0,0.00338,0.23,3678.0,0.744,0.51
BD+05 4868 A b,BD+05 4868 A,Transit,1,1820.0,,1820.0,,-0.05,4596.0,0.69,0.7
BD+60 1417 b,BD+60 1417,Imaging,1,1303.0,,1303.0,,,4993.0,0.797,1.0
BD-14 3065 b,BD-14 3065 A,Transit,1,2001.0,,2001.0,0.066,-0.34,6935.0,2.35,1.41
BD-210397 b,BD-210397,Radial Velocity,1,,0.02,104.73279614245607,0.1,0.12,4051.0,0.747,0.679
Barnard b,Barnard's star,Radial Velocity,1,438.0,,438.0,0.03,-0.56,3195.0,0.185,0.162
Barnard c,Barnard's star,Radial Velocity,1,400.0,,400.0,0.08,-0.56,3195.0,0.185,0.162
Barnard d,Barnard's star,Radial Velocity,1,483.0,,483.0,0.04,-0.56,3195.0,0.185,0.162
Barnard e,Barnard's star,Radial Velocity,1,340.0,,340.0,0.04,-0.56,3195.0,0.185,0.162
CD Cet b,CD Cet,Radial Velocity,1,464.0,8.6,464.0,,0.13,3130.0,0.175,0.161
CFBDSIR J145829+101343 b,CFBDSIR J145829+101343,Imaging,1,370.0,,370.0,,,580.5,,0.021
CFHTWIR-Oph 98 b,CFHTWIR-Oph 98 A,Imaging,1,1800.0,,1800.0,,,2320.0,0.245,0.0147
CT Cha b,CT Cha,Imaging,1,2600.0,,2600.0,,,,,
CoRoT-1 b,CoRoT-1,Transit,1,1898.0,,1898.0,0.0,-0.3,5950.0,1.11,0.95
CoRoT-10 b,CoRoT-10,Transit,1,600.0,,600.0,0.53,0.26,5075.0,0.79,0.89
CoRoT-11 b,CoRoT-11,Transit,1,1657.0,,1657.0,0.0,-0.03,6440.0,1.37,1.27
CoRoT-12 b,CoRoT-12,Transit,1,1442.0,,1442.0,0.07,0.16,5675.0,1.116,1.078
CoRoT-13 b,CoRoT-13,Transit,1,1700.0,,1700.0,0.0,0.01,5945.0,1.01,1.09
CoRoT-14 b,CoRoT-14,Transit,1,1952.0,,1952.0,0.0,0.05,6035.0,1.21,1.13
CoRoT-17 b,CoRoT-17,Transit,1,1626.0,,1626.0,0.0,0.0,5740.0,1.59,1.04
CoRoT-18 b,CoRoT-18,Transit,1,1550.0,,1550.0,0.08,-0.1,5440.0,1.0,0.95
CoRoT-19 b,CoRoT-19,Transit,1,2000.0,,2000.0,0.047,-0.02,6090.0,1.65,1.21
CoRoT-22 b,CoRoT-22,Transit,1,885.0,,885.0,0.077,0.17,5939.0,1.136,1.099
CoRoT-23 b,CoRoT-23,Transit,1,1660.0,,1660.0,0.16,0.05,5900.0,1.61,1.14
CoRoT-24 b,CoRoT-24,Transit,1,1070.0,,1070.0,0.0,0.3,4950.0,0.86,0.91
CoRoT-24 c,CoRoT-24,Transit,1,850.0,,850.0,0.0,0.3,4950.0,0.86,0.91
CoRoT-25 b,CoRoT-25,Transit,1,1330.0,,1330.0,0.0,-0.01,6040.0,1.19,1.09
CoRoT-26 b,CoRoT-26,Transit,1,1600.0,,1600.0,0.0,0.01,5590.0,1.79,1.09
CoRoT-27 b,CoRoT-27,Transit,1,1500.0,,1500.0,0.065,-0.1,5900.0,1.08,1.05
CoRoT-32 b,CoRoT-32,Transit,1,938.0,132.26,938.0,,0.0,5970.0,0.79,1.08
CoRoT-35 b,CoRoT-35,Transit,1,1747.0,,1747.0,0.0,-0.5,6390.0,1.65,1.01
CoRoT-36 b,CoRoT-36,Transit,1,1567.0,,1567.0,0.0,-0.1,6730.0,1.52,1.32
CoRoT-4 b,CoRoT-4,Transit,1,1074.0,,1074.0,0.0,,6190.0,1.17,1.16
CoRoT-5 b,CoRoT-5,Transit,1,1438.0,,1438.0,0.09,-0.25,6100.0,1.186,1.0
CoRoT-6 b,CoRoT-6,Transit,1,1017.0,,1017.0,0.1,-0.2,6090.0,1.025,1.05
CoRoT-9 b,CoRoT-9,Transit,1,420.0,,420.0,0.133,-0.01,5625.0,0.96,0.96
DMPP-1 b,DMPP-1,Radial Velocity,1,877.0,,877.0,0.083,,6196.0,1.26,1.21
DMPP-1 c,DMPP-1,Radial Velocity,1,1239.0,,1239.0,0.057,,6196.0,1.26,1.21
DMPP-1 d,DMPP-1,Radial Velocity,1,1632.0,,1632.0,0.07,,6196.0,1.26,1.21
DMPP-1 e,DMPP-1,Radial Velocity,1,1314.0,,1314.0,0.07,,6196.0,1.26,1.21
DMPP-2 b,DMPP-2,Radial Velocity,1,1000.0,,1000.0,0.078,,6500.0,1.78,1.44
DMPP-3 A b,DMPP-3 A,Radial Velocity,1,854.0,,854.0,0.14,0.18,5138.0,0.91,0.87
DS Tuc A b,DS Tuc A,Transit,1,850.0,,850.0,0.0,0.0,5428.0,0.964,1.01
EPIC 201595106 b,EPIC 201595106,Transit,1,2038.0,2852.0,2038.0,0.0,0.01,5679.0,0.98,0.958
EPIC 205950854 c,K2-168,Transit,1,960.6,,960.6,,,5502.7,0.83,0.877
EPIC 211822797 b,EPIC 211822797,Transit,1,431.0,,431.0,,0.2,4057.0,0.58,0.62
EPIC 211945201 b,EPIC 211945201,Transit,1,817.0,,817.0,,0.1,6069.0,1.39,1.17
EPIC 212297394 b,EPIC 212297394,Transit,1,1149.0,,1149.0,,-0.03,5171.0,0.8,0.83
EPIC 212297394 c,EPIC 212297394,Transit,1,866.0,,866.0,,-0.03,5171.0,0.8,0.83
EPIC 212587672 b,EPIC 212587672,Transit,1,756.0,,756.0,,-0.18,6004.0,0.98,0.99
EPIC 212587672 c,EPIC 212587672,Transit,1,658.0,,658.0,,-0.18,6004.0,0.98,0.99
EPIC 212737443 b,EPIC 212737443,Transit,1,536.0,,536.0,0.2,-0.137,4684.0,0.673,0.69
EPIC 212737443 c,EPIC 212737443,Transit,1,316.0,,316.0,0.2,-0.137,4684.0,0.673,0.69
EPIC 220674823 b,EPIC 220674823,Transit,1,2299.0,4656.0,2299.0,0.0,-0.005,5578.0,0.99,0.913
EPIC 220674823 c,EPIC 220674823,Transit,1,804.0,70.0,804.0,0.17,-0.005,5578.0,0.99,0.913
EPIC 229004835 b,EPIC 229004835,Transit,1,804.0,69.7,804.0,0.23,-0.12,5868.0,0.999,0.97
EPIC 246851721 b,EPIC 246851721,Transit,1,1401.0,642.0,1401.0,,0.141,6202.0,1.586,1.317
EPIC 248847494 b,EPIC 248847494,Transit,1,183.0,0.19,183.0,0.0,-0.23,4898.0,2.7,0.9
EPIC 249893012 b,EPIC 249893012,Transit,1,1616.0,1037.0,1616.0,0.06,0.2,5430.0,1.71,1.05
EPIC 249893012 c,EPIC 249893012,Transit,1,990.0,160.0,990.0,0.07,0.2,5430.0,1.71,1.05
EPIC 249893012 d,EPIC 249893012,Transit,1,752.0,53.0,752.0,0.15,0.2,5430.0,1.71,1.05
FU Tau b,FU Tau,Imaging,1,2375.0,,2375.0,,,2838.0,,0.05
G 192-15 b,G 192-15,Radial Velocity,1,453.6,7.06,453.6,0.0,,,,0.132
G 192-15 c,G 192-15,Radial Velocity,1,55.9,0.0016,55.9,0.676,,,,0.132
G 196-3 b,G 196-3,Imaging,1,1670.0,,1670.0,,,,,
G 261-6 b,G 261-6,Radial Velocity,1,322.3,1.8,322.3,0.0,,,,0.118
G 264-012 b,G 264-012,Radial Velocity,1,587.0,20.5,587.0,,0.1,3326.0,0.305,0.297
G 264-012 c,G 264-012,Radial Velocity,1,387.0,3.87,387.0,,0.1,3326.0,0.305,0.297
G 268-110 b,G 268-110,Radial Velocity,1,534.0,13.57,534.0,0.0,,,,0.137
G 9-40 b,G 9-40,Transit,1,440.6,6.27,440.6,0.0,-0.07,3395.0,0.3026,0.2952
GJ 1002 b,GJ 1002,Radial Velocity,1,230.9,0.67,230.9,,-0.25,3024.0,0.137,0.12
GJ 1002 c,GJ 1002,Radial Velocity,1,181.7,0.257,181.7,,-0.25,3024.0,0.137,0.12
GJ 1061 b,GJ 1061,Radial Velocity,1,,3.8,388.84014701948126,0.31,-0.08,2953.0,0.156,0.12
GJ 1061 c,GJ 1061,Radial Velocity,1,,1.4,302.9404097035317,0.29,-0.08,2953.0,0.156,0.12
GJ 1061 d,GJ 1061,Radial Velocity,1,,0.6,245.11111869696006,0.53,-0.08,2953.0,0.156,0.12
GJ 1132 b,GJ 1132,Transit,1,583.8,19.3,583.8,0.0118,-0.17,3229.0,0.2211,0.1945
GJ 1132 c,GJ 1132,Radial Velocity,1,300.0,,300.0,0.27,,3270.0,0.2105,0.181
GJ 1214 b,GJ 1214,Transit,1,567.0,17.2,567.0,0.0062,0.24,3101.0,0.2162,0.182
GJ 1289 b,GJ 1289,Radial Velocity,1,150.0,,150.0,0.0,0.02,3296.0,,0.21
GJ 143 b,GJ 143,Transit,1,422.0,,422.0,0.188,0.003,4640.0,0.695,0.73
GJ 238 b,GJ 238,Transit,1,758.0,,758.0,,0.15,3485.0,0.4314,0.4193
GJ 251 b,GJ 251,Radial Velocity,1,351.0,2.53,351.0,0.1,-0.03,3451.0,0.364,0.36
GJ 273 b,GJ 273,Radial Velocity,1,,1.06,282.5866661579716,0.1,0.09,3382.0,0.293,0.29
GJ 273 c,GJ 273,Radial Velocity,1,,6.66,447.3977099663152,0.17,0.09,3382.0,0.293,0.29
GJ 3021 b,GJ 3021,Radial Velocity,1,350.0,,350.0,0.511,0.1,5540.0,0.9,0.9
GJ 3090 b,GJ 3090,Transit,1,693.0,,693.0,0.32,-0.06,3556.0,0.516,0.519
GJ 3138 b,GJ 3138,Radial Velocity,1,,118.1,918.0951093113237,0.19,-0.3,3717.0,0.5,0.681
GJ 3138 c,GJ 3138,Radial Velocity,1,,13.9,537.7481185524475,0.11,-0.3,3717.0,0.5,0.681
GJ 3138 d,GJ 3138,Radial Velocity,1,,0.1,156.61205906551223,0.32,-0.3,3717.0,0.5,0.681
GJ 3293 b,GJ 3293,Radial Velocity,1,,1.07,283.2507992130045,0.06,0.02,3466.0,0.404,0.42
GJ 3293 c,GJ 3293,Radial Velocity,1,,0.17,178.82878663978107,0.11,0.02,3466.0,0.404,0.42
GJ 3293 d,GJ 3293,Radial Velocity,1,,0.59,244.08337648898214,0.12,0.02,3466.0,0.404,0.42
GJ 3293 e,GJ 3293,Radial Velocity,1,,3.34,376.49725678375904,0.21,0.02,3466.0,0.404,0.42
GJ 3323 b,GJ 3323,Radial Velocity,1,,2.58,352.96376717474277,0.23,-0.27,3159.0,0.119,0.164
GJ 3323 c,GJ 3323,Radial Velocity,1,,0.17,178.82878663978107,0.17,-0.27,3159.0,0.119,0.164
GJ 341 b,GJ 341,Transit,1,,13.8,536.7783253933467,0.0,-0.16,3770.0,0.5066,0.48
GJ 3470 b,GJ 3470,Radial Velocity,1,593.5,,593.5,,0.2,3600.0,0.547,0.539
GJ 3473 b,GJ 3473,Transit,1,773.0,59.4,773.0,0.0,0.11,3347.0,0.364,0.36
GJ 3473 c,GJ 3473,Radial Velocity,1,329.1,1.95,329.1,0.0,0.11,3347.0,0.364,0.36
GJ 357 b,GJ 357,Transit,1,518.0,,518.0,,-0.12,3505.0,0.337,0.342
GJ 357 c,GJ 357,Radial Velocity,1,401.2,4.45,401.2,,-0.12,3505.0,0.337,0.342
GJ 357 d,GJ 357,Radial Velocity,1,219.6,0.38,219.6,,-0.12,3505.0,0.337,0.342
GJ 367 b,GJ 367,Transit,1,1365.0,579.0,1365.0,0.06,-0.01,3522.0,0.458,0.455
GJ 3929 b,GJ 3929,Transit,1,568.0,17.3,568.0,0.0,-0.02,3384.0,0.32,0.313
GJ 3929 c,GJ 3929,Radial Velocity,1,317.0,1.68,317.0,0.0,-0.02,3384.0,0.32,0.313
GJ 393 b,GJ 393,Radial Velocity,1,485.0,9.21,485.0,,-0.09,3579.0,0.426,0.426
GJ 3942 b,GJ 3942,Radial Velocity,1,590.0,,590.0,0.121,-0.04,3867.0,0.61,0.63
GJ 3988 b,GJ 3988,Radial Velocity,1,348.0,2.45,348.0,0.0,-0.12,3273.0,0.19734,0.1842
GJ 3998 b,GJ 3998,Radial Velocity,1,,48.0,733.0532252145382,0.0,-0.13,3726.0,0.5,0.52
GJ 3998 c,GJ 3998,Radial Velocity,1,,5.4,424.54491108318064,0.0,-0.13,3726.0,0.5,0.52
GJ 3998 d,GJ 3998,Radial Velocity,1,,1.2,291.4878863207014,0.0,-0.13,3726.0,0.5,0.52
GJ 414 A b,GJ 414 A,Radial Velocity,1,308.6,,308.6,0.45,0.24,4120.0,0.68,0.65
GJ 414 A c,GJ 414 A,Radial Velocity,1,124.7,,124.7,0.105,0.24,4120.0,0.68,0.65
GJ 486 b,GJ 486,Radial Velocity,1,696.3,39.2,696.3,0.00086,-0.15,3317.0,0.3243,0.312
GJ 504 b,GJ 504,Imaging,1,510.0,,510.0,,0.28,6234.0,,1.22
GJ 514 b,GJ 514,Radial Velocity,1,202.0,0.28,202.0,0.45,-0.14,3728.0,0.5,0.51
GJ 720 A b,GJ 720 A,Radial Velocity,1,401.0,,401.0,0.12,-0.14,3837.0,0.56,0.57
GJ 724 b,GJ 724,Radial Velocity,1,611.0,23.32,611.0,0.577,-0.02,3799.0,0.52226,0.5271
GJ 740 b,GJ 740,Radial Velocity,1,829.0,79.0,829.0,0.24,0.08,3913.0,0.56,0.58
GJ 806 b,GJ 806,Transit,1,940.0,130.0,940.0,,-0.28,3600.0,0.4144,0.413
GJ 806 c,GJ 806,Radial Velocity,1,490.0,9.5,490.0,,-0.28,3600.0,0.4144,0.413
GJ 887 b,GJ 887,Radial Velocity,1,468.0,7.95,468.0,0.0,-0.06,3688.0,0.4712,0.489
GJ 887 c,GJ 887,Radial Velocity,1,352.0,2.56,352.0,,-0.06,3688.0,0.4712,0.489
GJ 9689 b,GJ 9689,Radial Velocity,1,453.04,,453.04,0.29,0.05,3836.0,0.57,0.59
GJ 9827 b,GJ 9827,Transit,1,1035.01,,1035.01,,-0.29,4236.0,0.58,0.62
GJ 9827 c,GJ 9827,Transit,1,715.94,,715.94,,-0.29,4236.0,0.58,0.62
GJ 9827 d,GJ 9827,Transit,1,675.0,34.9,675.0,,-0.29,4236.0,0.58,0.62
GPX-1 b,GPX-1,Transit,1,2300.0,4650.0,2300.0,0.0,0.35,7000.0,1.56,1.68
GQ Lup b,GQ Lup,Imaging,1,2650.0,,2650.0,,,,,0.7
GSC 06214-00210 b,GSC 06214-00210,Imaging,1,2300.0,,2300.0,,,4200.0,,0.9
GU Psc b,GU Psc,Imaging,1,1050.0,,1050.0,,0.1,,,0.325
Gl 378 b,Gl 378,Radial Velocity,1,830.0,,830.0,0.109,0.06,3879.0,0.56,0.56
Gliese 12 b,Gliese 12,Transit,1,314.6,1.62,314.6,0.5,-0.32,3296.0,0.2617,0.2414
HAT-P-1 b,HAT-P-1,Transit,1,1322.0,,1322.0,,0.13,5980.0,1.174,1.151
HAT-P-12 b,HAT-P-12,Transit,1,963.0,,963.0,0.0,-0.29,4650.0,0.701,0.733
HAT-P-16 b,HAT-P-16,Transit,1,1626.0,,1626.0,0.036,0.17,6158.0,1.237,1.218
HAT-P-18 b,HAT-P-18,Transit,1,852.0,,852.0,0.084,0.1,4803.0,0.749,0.77
HAT-P-19 b,HAT-P-19,Transit,1,981.2,154.0,981.2,,0.166,4962.0,0.773,0.807
HAT-P-20 b,HAT-P-20,Transit,1,970.0,,970.0,0.015,0.35,4595.0,0.694,0.756
HAT-P-23 b,HAT-P-23,Transit,1,2056.0,,2056.0,0.106,0.15,5905.0,1.203,1.13
HAT-P-25 b,HAT-P-25,Transit,1,1182.0,325.0,1182.0,0.023,0.294,5519.0,0.919,1.012
HAT-P-28 b,HAT-P-28,Transit,1,1384.0,,1384.0,0.051,0.12,5680.0,1.103,1.025
HAT-P-32 b,HAT-P-32,Transit,1,1835.7,1841.0,1835.7,0.159,-0.16,6001.0,1.367,1.132
HAT-P-36 b,HAT-P-36,Transit,1,1780.97,,1780.97,,,5620.0,1.041,1.03
HAT-P-37 b,HAT-P-37,Transit,1,1271.0,,1271.0,0.058,0.03,5500.0,0.877,0.929
HAT-P-38 b,HAT-P-38,Transit,1,1082.0,,1082.0,0.067,0.06,5330.0,0.923,0.886
HAT-P-39 b,HAT-P-39,Transit,1,1752.0,,1752.0,0.0,0.19,6430.0,1.625,1.404
HAT-P-4 b,HAT-P-4,Transit,1,1686.0,,1686.0,0.0,,5860.0,1.596,1.248
HAT-P-42 b,HAT-P-42,Transit,1,1428.0,,1428.0,0.0,0.27,5743.0,1.53,1.178
HAT-P-43 b,HAT-P-43,Transit,1,1353.0,,1353.0,,0.2,5693.0,1.08,1.03
HAT-P-44 b,HAT-P-44,Transit,1,1108.0,,1108.0,0.044,0.33,5295.0,0.949,0.942
HAT-P-45 b,HAT-P-45,Transit,1,1652.0,,1652.0,0.049,0.07,6330.0,1.319,1.259
HAT-P-46 b,HAT-P-46,Transit,1,1458.0,,1458.0,0.123,0.3,6120.0,1.396,1.284
HAT-P-50 b,HAT-P-50,Transit,1,1862.0,,1862.0,0.115,-0.18,6280.0,1.698,1.273
HAT-P-51 b,HAT-P-51,Transit,1,1168.2,310.0,1168.2,,0.302,5453.0,0.995,0.961
HAT-P-52 b,HAT-P-52,Transit,1,1218.0,,1218.0,0.047,0.28,5131.0,0.893,0.887
HAT-P-53 b,HAT-P-53,Transit,1,1778.0,,1778.0,0.134,0.0,5956.0,1.209,1.093
HAT-P-54 b,HAT-P-54,Transit,1,818.0,,818.0,0.074,-0.127,4390.0,0.617,0.645
HAT-P-55 b,HAT-P-55,Transit,1,1367.0,583.0,1367.0,,0.003,5804.0,1.105,1.028
HAT-P-58 b,HAT-P-58,Transit,1,1622.0,1146.0,1622.0,0.073,-0.224,6078.0,1.53,1.031
HAT-P-59 b,HAT-P-59,Transit,1,1277.8,441.4,1277.8,0.03,0.217,5678.0,1.1038,1.008
HAT-P-60 b,HAT-P-60,Transit,1,1772.0,1634.0,1772.0,0.25,0.037,6212.0,2.197,1.435
HAT-P-61 b,HAT-P-61,Transit,1,1505.0,849.5,1505.0,0.113,0.194,5587.0,0.938,1.004
HAT-P-62 b,HAT-P-62,Transit,1,1512.0,867.2,1512.0,0.101,0.414,5629.0,1.17,1.023
HAT-P-63 b,HAT-P-63,Transit,1,1237.0,387.4,1237.0,0.069,0.251,5400.0,0.9661,0.925
HAT-P-64 b,HAT-P-64,Transit,1,1766.0,1611.0,1766.0,0.101,-0.113,6457.0,1.735,1.298
HAT-P-65 b,HAT-P-65,Transit,1,1818.0,1821.0,1818.0,,0.208,5872.0,1.666,1.297
HAT-P-66 b,HAT-P-66,Transit,1,1896.0,,1896.0,0.09,0.035,6002.0,1.881,1.255
HAT-P-67 b,HAT-P-67,Transit,1,1903.0,,1903.0,0.0,-0.08,6406.0,2.546,1.642
HAT-P-68 b,HAT-P-68,Transit,1,1027.8,184.8,1027.8,0.041,-0.059,4508.0,0.6701,0.6785
HAT-P-69 b,HAT-P-69,Transit,1,1930.0,,1930.0,0.0,-0.069,7394.0,1.926,1.648
HAT-P-70 b,HAT-P-70,Transit,1,2562.0,,2562.0,0.0,-0.059,8450.0,1.858,1.89
HAT-P-9 b,HAT-P-9,Transit,1,1540.0,931.0,1540.0,0.084,0.12,6350.0,1.338,1.281
HATS-1 b,HATS-1,Transit,1,1359.0,,1359.0,0.12,-0.06,5870.0,1.038,0.986
HATS-10 b,HATS-10,Transit,1,1407.0,,1407.0,0.501,0.15,5880.0,1.105,1.101
HATS-11 b,HATS-11,Transit,1,1596.0,,1596.0,,0.03,6563.0,1.54,1.33
HATS-12 b,HATS-12,Transit,1,1446.0,,1446.0,,-0.1,6357.0,1.17,1.16
HATS-13 b,HATS-13,Transit,1,1244.0,,1244.0,0.181,0.05,5523.0,0.887,0.962
HATS-14 b,HATS-14,Transit,1,1276.0,,1276.0,0.142,0.33,5346.0,0.933,0.967
HATS-15 b,HATS-15,Transit,1,1505.0,,1505.0,0.126,0.0,5311.0,0.922,0.871
HATS-16 b,HATS-16,Transit,1,1592.0,,1592.0,0.0,-0.1,5738.0,1.238,0.97
HATS-17 b,HATS-17,Transit,1,814.0,72.7,814.0,0.029,0.3,5846.0,1.091,1.131
HATS-18 b,HATS-18,Transit,1,2069.48,,2069.48,,,5600.0,1.02,1.037
HATS-2 b,HATS-2,Transit,1,1550.0,,1550.0,,,,0.876,0.904
HATS-22 b,HATS-22,Transit,1,858.0,,858.0,0.079,0.0,4803.0,0.689,0.759
HATS-23 b,HATS-23,Transit,1,1654.0,,1654.0,0.114,0.28,5780.0,1.199,1.121
HATS-24 b,HATS-24,Transit,1,2166.0,,2166.0,0.0,-0.229,6125.0,1.12,1.07
HATS-25 b,HATS-25,Transit,1,1277.0,,1277.0,0.176,0.02,5715.0,1.107,0.994
HATS-26 b,HATS-26,Transit,1,1918.0,,1918.0,0.245,-0.02,6071.0,2.04,1.299
HATS-27 b,HATS-27,Transit,1,1659.0,,1659.0,0.581,0.09,6438.0,1.74,1.415
HATS-28 b,HATS-28,Transit,1,1253.0,,1253.0,0.202,0.01,5498.0,0.922,0.929
HATS-29 b,HATS-29,Transit,1,1212.0,,1212.0,0.158,0.16,5670.0,1.073,1.032
HATS-3 b,HATS-3,Transit,1,1648.0,,1648.0,0.0,-0.157,6351.0,1.404,1.209
HATS-30 b,HATS-30,Transit,1,1414.0,,1414.0,0.096,0.06,5943.0,1.061,1.093
HATS-31 b,HATS-31,Transit,1,1823.0,,1823.0,0.233,0.0,6050.0,1.87,1.275
HATS-32 b,HATS-32,Transit,1,1437.0,,1437.0,0.471,0.39,5700.0,1.097,1.099
HATS-33 b,HATS-33,Transit,1,1429.0,,1429.0,0.08,0.29,5659.0,1.022,1.062
HATS-34 b,HATS-34,Transit,1,1445.0,,1445.0,0.108,0.25,5380.0,0.98,0.955
HATS-35 b,HATS-35,Transit,1,2037.0,,2037.0,0.306,0.21,6300.0,1.433,1.317
HATS-36 b,HATS-36,Transit,1,1203.0,,1203.0,,0.15,5950.0,1.1,1.1
HATS-37 A b,HATS-37 A,Transit,1,1085.0,229.7,1085.0,0.0,0.051,5326.0,0.877,0.843
HATS-38 b,HATS-38,Transit,1,1294.0,464.7,1294.0,0.0,-0.102,5732.0,1.105,0.89
HATS-39 b,HATS-39,Transit,1,1645.0,,1645.0,0.275,0.0,6572.0,1.621,1.379
HATS-4 b,HATS-4,Transit,1,1315.0,,1315.0,0.013,0.43,5403.0,0.925,1.001
HATS-40 b,HATS-40,Transit,1,2101.0,,2101.0,0.312,0.01,6460.0,2.26,1.561
HATS-41 b,HATS-41,Transit,1,1710.0,,1710.0,0.38,0.47,6424.0,1.71,1.496
HATS-42 b,HATS-42,Transit,1,1856.0,,1856.0,0.229,0.22,6060.0,1.48,1.273
HATS-43 b,HATS-43,Transit,1,1003.0,,1003.0,0.173,0.05,5099.0,0.812,0.837
HATS-44 b,HATS-44,Transit,1,1161.0,,1161.0,0.279,0.32,5080.0,0.847,0.86
HATS-45 b,HATS-45,Transit,1,1518.0,,1518.0,0.24,0.02,6450.0,1.315,1.272
HATS-46 b,HATS-46,Transit,1,1054.0,,1054.0,0.559,-0.06,5495.0,0.853,0.917
HATS-47 b,HATS-47,Transit,1,852.9,87.73,852.9,0.088,-0.113,4512.0,0.6564,0.674
HATS-48 A b,HATS-48 A,Transit,1,954.6,137.6,954.6,0.162,0.186,4546.0,0.7152,0.7279
HATS-49 b,HATS-49,Transit,1,834.8,80.45,834.8,0.071,0.208,4405.0,0.6977,0.7133
HATS-5 b,HATS-5,Transit,1,1025.0,,1025.0,0.019,0.19,5304.0,0.871,0.936
HATS-51 b,HATS-51,Transit,1,1553.0,,1553.0,0.33,,5758.0,1.44,1.187
HATS-52 b,HATS-52,Transit,1,1834.0,,1834.0,0.246,,6010.0,1.046,1.111
HATS-53 b,HATS-53,Transit,1,1312.0,,1312.0,0.33,,5644.0,1.101,0.964
HATS-54 b,HATS-54,Transit,1,1429.0,,1429.0,0.0,0.37,5621.0,1.23,1.05
HATS-55 b,HATS-55,Transit,1,1367.0,,1367.0,0.092,0.108,6214.0,1.126,1.1955
HATS-56 b,HATS-56,Transit,1,1902.0,,1902.0,0.019,0.19,6536.0,2.201,1.573
HATS-57 b,HATS-57,Transit,1,1413.4,,1413.4,0.028,0.268,5587.0,0.96,1.026
HATS-58 A b,HATS-58 A,Transit,1,1721.0,,1721.0,0.168,,7175.0,1.433,1.461
HATS-59 b,HATS-59,Transit,1,1128.0,269.0,1128.0,0.129,0.18,5670.0,1.036,1.038
HATS-59 c,HATS-59,Radial Velocity,1,175.9,0.159,175.9,0.083,0.18,5670.0,1.036,1.038
HATS-6 b,HATS-6,Transit,1,712.8,,712.8,0.0,0.2,3724.0,0.57,0.574
HATS-60 b,HATS-60,Transit,1,1528.0,903.9,1528.0,0.191,0.335,5688.0,1.46,1.097
HATS-61 b,HATS-61,Transit,1,1226.1,374.2,1226.1,0.092,0.247,5542.0,1.664,1.076
HATS-62 b,HATS-62,Transit,1,1237.0,387.4,1237.0,0.298,0.133,5416.0,0.933,0.896
HATS-63 b,HATS-63,Transit,1,1398.3,634.1,1398.3,0.136,0.081,5627.0,1.07,0.931
HATS-64 b,HATS-64,Transit,1,1793.0,1711.0,1793.0,0.151,0.22,6554.0,2.113,1.564
HATS-65 b,HATS-65,Transit,1,1634.0,1178.0,1634.0,0.062,0.199,6277.0,1.31,1.257
HATS-66 b,HATS-66,Transit,1,1998.0,2637.0,1998.0,0.064,-0.017,6626.0,1.841,1.411
HATS-67 b,HATS-67,Transit,1,2193.0,3821.0,2193.0,0.057,0.332,6594.0,1.441,1.435
HATS-68 b,HATS-68,Transit,1,1741.0,1521.0,1741.0,0.036,0.21,6147.0,1.748,1.351
HATS-69 b,HATS-69,Transit,1,1295.7,466.6,1295.7,0.519,0.377,5137.0,0.8785,0.892
HATS-7 b,HATS-7,Transit,1,1084.0,,1084.0,0.17,0.25,4985.0,0.815,0.849
HATS-70 b,HATS-70,Transit,1,2730.0,9110.0,2730.0,0.18,0.041,7930.0,1.881,1.78
HATS-71 b,HATS-71,Transit,1,586.8,,586.8,0.0,0.17,3405.0,0.4783,0.4861
HATS-72 b,HATS-72,Transit,1,739.3,49.58,739.3,0.013,0.099,4656.1,0.7214,0.7311
HATS-74 A b,HATS-74 A,Transit,1,895.1,106.9,895.1,0.044,0.514,3776.9,0.5758,0.601
HATS-75 b,HATS-75,Transit,1,772.3,59.26,772.3,0.064,0.522,3790.4,0.5848,0.6017
HATS-76 b,HATS-76,Transit,1,939.8,129.8,939.8,0.062,0.322,4016.0,0.6259,0.662
HATS-77 b,HATS-77,Transit,1,828.3,78.37,828.3,0.045,0.253,4071.0,0.6428,0.655
HATS-8 b,HATS-8,Transit,1,1324.0,,1324.0,0.376,0.21,5679.0,1.086,1.056
HATS-9 b,HATS-9,Transit,1,1746.0,,1746.0,,0.38,5599.0,1.56,1.1
HD 101581 b,HIP 56998,Transit,1,834.0,80.0,834.0,,-0.343,4675.0,0.63,0.653
HD 101581 c,HIP 56998,Transit,1,747.0,52.0,747.0,,-0.343,4675.0,0.63,0.653
HD 106315 b,HD 106315,Transit,1,1153.0,,1153.0,0.093,-0.311,6327.0,1.296,1.091
HD 106315 c,HD 106315,Transit,1,886.0,,886.0,0.22,-0.311,6327.0,1.296,1.091
HD 106906 b,HD 106906,Imaging,1,1800.0,,1800.0,,,6516.0,,1.5
HD 109286 b,HD 109286,Radial Velocity,1,259.4,0.709,259.4,0.338,0.05,5694.0,1.089,0.98
HD 110067 b,HD 110067,Transit,1,800.0,,800.0,,-0.2,5266.0,0.788,0.798
HD 110067 c,HD 110067,Transit,1,699.0,,699.0,,-0.2,5266.0,0.788,0.798
HD 110067 d,HD 110067,Transit,1,602.0,,602.0,,-0.2,5266.0,0.788,0.798
HD 110067 e,HD 110067,Transit,1,533.0,,533.0,,-0.2,5266.0,0.788,0.798
HD 110067 f,HD 110067,Transit,1,489.0,,489.0,,-0.2,5266.0,0.788,0.798
HD 110067 g,HD 110067,Transit,1,440.0,,440.0,,-0.2,5266.0,0.788,0.798
HD 110113 b,HD 110113,Transit,1,1371.0,735.49,1371.0,0.093,0.14,5732.0,0.968,0.997
HD 110113 c,HD 110113,Radial Velocity,1,990.0,199.9,990.0,0.045,0.14,5732.0,0.968,0.997
HD 115954 b,HD 115954,Radial Velocity,1,144.9,0.064,144.9,0.487,0.34,5957.0,1.213,1.18
HD 118203 b,HD 118203,Radial Velocity,1,1361.0,,1361.0,0.3136,0.287,5742.0,2.04,1.27
HD 135344 A b,HD 135344 A,Imaging,1,1585.0,,1585.0,0.5,0.05,9540.0,1.5,
HD 135694 b,HD 135694,Transit,1,,71.8,810.6927899801823,,,5712.0,1.08,1.02
HD 136352 b,HD 136352,Radial Velocity,1,905.0,111.6,905.0,0.0,-0.24,5664.0,1.058,0.87
HD 136352 c,HD 136352,Radial Velocity,1,677.0,35.1,677.0,0.0,-0.24,5664.0,1.058,0.87
HD 136352 d,HD 136352,Radial Velocity,1,431.0,5.74,431.0,0.0,-0.24,5664.0,1.058,0.87
HD 137496 b,HD 137496,Transit,1,2130.0,,2130.0,0.0,-0.03,5799.0,1.59,1.04
HD 137496 c,HD 137496,Radial Velocity,1,370.0,,370.0,0.477,-0.03,5799.0,1.59,1.04
HD 1397 b,HD 1397,Transit,1,1228.3,356.0,1228.3,0.251,0.29,5521.0,2.336,1.324
HD 152843 b,HD 152843,Transit,1,,255.7,1113.6734892912973,0.14,-0.16,6310.0,1.43,1.15
HD 15906 b,HD 15906,Transit,1,668.0,33.14,668.0,0.11,0.02,4757.0,0.762,0.79
HD 15906 c,HD 15906,Transit,1,532.0,13.37,532.0,0.04,0.02,4757.0,0.762,0.79
HD 176986 b,HD 176986,Radial Velocity,1,,83.5,841.873459510679,0.066,0.03,4931.0,0.782,0.789
HD 176986 c,HD 176986,Radial Velocity,1,,23.5,613.1859073893411,0.111,0.03,4931.0,0.782,0.789
HD 183579 b,HD 183579,Transit,1,752.0,,752.0,0.061,-0.038,5784.0,0.96,0.996
HD 190360 b,HD 190360,Radial Velocity,1,150.0,,150.0,0.34,,,,1.0
HD 191939 b,HD 191939,Transit,1,880.0,100.0,880.0,0.031,-0.15,5348.0,0.94,0.81
HD 191939 c,HD 191939,Transit,1,600.0,21.0,600.0,0.034,-0.15,5348.0,0.94,0.81
HD 191939 d,HD 191939,Transit,1,540.0,14.3,540.0,0.031,-0.15,5348.0,0.94,0.81
HD 191939 e,HD 191939,Radial Velocity,1,390.0,3.9,390.0,0.031,-0.15,5348.0,0.94,0.81
HD 191939 g,HD 191939,Radial Velocity,1,278.0,0.99,278.0,0.03,-0.15,5348.0,0.94,0.81
HD 192310 b,HD 192310,Radial Velocity,1,355.0,,355.0,0.13,-0.04,5166.0,,0.8
HD 192310 c,HD 192310,Radial Velocity,1,185.0,,185.0,0.32,-0.04,5166.0,,0.8
HD 202772 A b,HD 202772 A,Transit,1,2132.0,3440.0,2132.0,0.038,0.3,6272.0,2.591,1.72
HD 203030 b,HD 203030,Imaging,1,1040.0,,1040.0,,,,,
HD 20329 b,HD 20329,Transit,1,2141.0,3474.0,2141.0,0.0,-0.07,5596.0,1.13,0.9
HD 206893 b,HD 206893,Imaging,1,1429.2,,1429.2,0.14,,,,1.32
HD 206893 c,HD 206893,Imaging,1,1181.9,,1181.9,0.41,,,,1.32
HD 207496 b,HD 207496,Transit,1,743.0,72.9,743.0,0.231,0.095,4819.0,0.769,0.8
HD 207897 b,HD 207897,Transit,1,581.75,,581.75,0.0,-0.03,5106.0,0.7827,0.8208
HD 211403 b,HD 211403,Radial Velocity,1,380.0,3.44,380.0,0.084,0.18,6273.0,1.206,1.2
HD 213885 b,HD 213885,Transit,1,2128.0,,2128.0,0.0,-0.04,5978.0,1.1011,1.068
HD 213885 c,HD 213885,Radial Velocity,1,1265.4,,1265.4,0.0,-0.04,5978.0,1.1011,1.068
HD 21520 b,HD 21520,Transit,1,637.0,,637.0,0.0,0.049,5871.0,1.044,1.09
HD 21749 c,GJ 143,Transit,1,701.0,,701.0,,0.003,4640.0,0.695,0.73
HD 219134 b,HD 219134,Radial Velocity,1,1015.0,176.2,1015.0,0.0,0.11,4699.0,0.778,0.81
HD 219134 c,HD 219134,Radial Velocity,1,782.0,62.1,782.0,0.062,0.11,4699.0,0.778,0.81
HD 219134 d,HD 219134,Radial Velocity,1,410.5,4.72,410.5,0.138,0.11,4699.0,0.778,0.81
HD 219134 f,HD 219134,Radial Velocity,1,522.6,12.38,522.6,0.148,0.11,4699.0,0.778,0.81
HD 219666 b,HD 219666,Transit,1,1076.0,,1076.0,0.05,,5540.0,1.059,1.02
HD 22496 b,HD 22496,Radial Velocity,1,573.0,26.0,573.0,,-0.08,4385.0,0.674,0.684
HD 22946 d,HD 22946,Transit,1,546.0,18.561,546.0,,-0.08,6169.0,1.117,1.098
HD 23472 b,HD 23472,Transit,1,543.0,16.0,543.0,0.072,-0.2,4684.0,0.71,0.67
HD 23472 c,HD 23472,Transit,1,467.0,7.96,467.0,0.063,-0.2,4684.0,0.71,0.67
HD 23472 d,HD 23472,Transit,1,909.0,117.0,909.0,0.07,-0.2,4684.0,0.71,0.67
HD 23472 e,HD 23472,Transit,1,723.0,46.7,723.0,0.07,-0.2,4684.0,0.71,0.67
HD 23472 f,HD 23472,Transit,1,630.0,26.3,630.0,0.07,-0.2,4684.0,0.71,0.67
HD 238090 b,HD 238090,Radial Velocity,1,469.6,8.1,469.6,0.3,-0.03,3933.0,0.57,0.578
HD 25463 b,HD 25463,Transit,1,1198.46,,1198.46,0.0,-0.018,6353.0,1.4182,1.251
HD 25463 c,HD 25463,Transit,1,1585.57,,1585.57,0.0,-0.018,6353.0,1.4182,1.251
HD 260655 b,HD 260655,Transit,1,709.0,42.2,709.0,0.039,-0.43,3803.0,0.439,0.439
HD 260655 c,HD 260655,Transit,1,557.0,16.1,557.0,0.038,-0.43,3803.0,0.439,0.439
HD 2685 b,HD 2685,Transit,1,2061.0,,2061.0,0.091,0.02,6801.0,1.56,1.43
HD 27969 b,HD 27969,Radial Velocity,1,261.0,0.76,261.0,0.182,0.18,5966.0,1.27,1.16
HD 28109 b,HD 28109,Transit,1,881.2,,881.2,0.3307,0.0,6120.0,1.446,1.26
HD 28109 c,HD 28109,Transit,1,585.2,,585.2,0.1203,0.0,6120.0,1.446,1.26
HD 28109 d,HD 28109,Transit,1,506.5,,506.5,0.0864,0.0,6120.0,1.446,1.26
HD 284149 AB b,HD 284149 A,Imaging,1,2395.0,,2395.0,,,6035.0,1.36,
HD 285968 b,HD 285968,Radial Velocity,1,450.0,,450.0,0.0,-0.1,,,0.5
HD 3167 b,HD 3167,Transit,1,1774.0,1650.0,1774.0,0.0,0.04,5261.0,0.88,0.837
HD 3167 c,HD 3167,Transit,1,564.0,16.9,564.0,0.06,0.04,5261.0,0.88,0.837
HD 332231 b,HD 332231,Transit,1,798.3,,798.3,0.0,0.043,6128.0,1.266,1.1642
HD 35843 c,HD 35843,Transit,1,479.0,,479.0,0.153,-0.27,5666.0,0.897,0.94
HD 42618 b,HD 42618,Radial Velocity,1,337.0,3.16,337.0,0.19,-0.09,5727.0,0.999,1.015
HD 42813 b,HD 42813,Transit,1,716.0,74.7,716.0,,0.24,5289.0,0.98,0.901
HD 48948 b,HD 48948,Radial Velocity,1,957.0,138.85,957.0,0.055,-0.21,4593.0,0.679,0.686
HD 48948 c,HD 48948,Radial Velocity,1,553.0,15.5,553.0,0.55,-0.21,4593.0,0.679,0.686
HD 48948 d,HD 48948,Radial Velocity,1,349.0,2.46,349.0,0.055,-0.21,4593.0,0.679,0.686
HD 5278 b,HD 5278,Transit,1,943.0,132.0,943.0,0.08,-0.12,6203.0,1.194,1.126
HD 56414 b,HD 56414,Transit,1,1133.0,,1133.0,0.68,0.0,8500.0,1.751,1.89
HD 6061 b,HD 6061,Transit,1,1075.31,,1075.31,0.0,-0.05,5934.0,1.0072,1.0269
HD 62364 b,HD 62364,Radial Velocity,1,,0.072,144.26411757100226,0.607,-0.11,6255.0,1.401,1.157
HD 63433 b,HD 63433,Transit,1,886.44,,886.44,0.0,0.079,5634.0,0.9169,0.9883
HD 63433 c,HD 63433,Transit,1,622.31,,622.31,0.0,0.079,5634.0,0.9169,0.9883
HD 63433 d,HD 63433,Transit,1,1040.0,,1040.0,0.16,0.03,5688.0,0.912,0.99
HD 63935 b,HD 63935,Transit,1,825.22,,825.22,0.0,0.107,5513.0,0.9598,0.9406
HD 63935 c,HD 63935,Radial Velocity,1,619.59,,619.59,0.0,0.107,5513.0,0.9598,0.9406
HD 73344 b,HD 73344,Transit,1,911.0,,911.0,0.03,0.143,6252.6,1.22,1.2
HD 73583 b,HD 73583,Transit,1,714.0,43.3,714.0,0.09,0.0,4511.0,0.65,0.73
HD 73583 c,HD 73583,Transit,1,498.0,10.2,498.0,0.08,0.0,4511.0,0.65,0.73
HD 74698 b,HD 74698,Radial Velocity,1,,123.0,927.4734309640647,0.1,0.07,5783.0,1.333,1.039
HD 74698 c,HD 74698,Radial Velocity,1,,0.088,151.68612871396454,0.2,0.07,5783.0,1.333,1.039
HD 77946 b,HD 77946,Transit,1,1128.86,,1128.86,0.211,0.215,6007.0,1.3174,1.1973
HD 7924 c,HD 7924,Radial Velocity,1,583.6,28.35,583.6,0.098,-0.15,5075.0,0.7821,0.832
HD 7924 d,HD 7924,Radial Velocity,1,499.0,15.17,499.0,0.21,-0.15,5075.0,0.7821,0.832
HD 80653 b,HD 80653,Transit,1,2463.0,6130.0,2463.0,0.0,0.255,5959.0,1.22,1.18
HD 86226 b,HD 86226,Radial Velocity,1,176.0,,176.0,0.059,0.018,5863.0,1.053,1.019
HD 86226 c,HD 86226,Transit,1,1311.0,,1311.0,0.075,0.018,5863.0,1.053,1.019
HD 88986 b,HD 88986,Radial Velocity,1,460.0,,460.0,0.24,0.06,5861.0,1.543,1.25
HD 89345 b,HD 89345,Transit,1,1089.0,,1089.0,0.22,0.421,5576.0,1.747,1.157
HD 93963 A b,HD 93963 A,Transit,1,1842.23,,1842.23,0.0,0.11,5908.0,1.0311,1.0844
HD 93963 A c,HD 93963 A,Transit,1,1212.45,,1212.45,0.0,0.11,5908.0,1.0311,1.0844
HD 94771 b,HD 94771,Radial Velocity,1,,0.271,200.94052019566473,0.39,0.22,5631.0,1.903,1.2
HD 95086 b,HD 95086,Imaging,1,1000.0,,1000.0,,,,,1.6
HD 95338 b,HD 95338,Radial Velocity,1,385.0,7.42,385.0,0.197,0.04,5212.0,0.87,0.83
HD 97658 b,HD 97658,Radial Velocity,1,751.0,,751.0,0.05,-0.23,5212.0,0.728,0.85
HIP 113103 b,HIP 113103,Transit,1,721.0,,721.0,0.17,-0.1,4930.0,0.742,0.761
HIP 113103 c,HIP 113103,Transit,1,585.0,,585.0,0.17,-0.1,4930.0,0.742,0.761
HIP 116454 b,HIP 116454,Transit,1,753.2,51.2858,753.2,0.215,0.0,5048.0,0.758,0.8
HIP 21152 b,HIP 21152,Imaging,1,1300.0,,1300.0,0.36,0.13,6655.0,,1.4
HIP 29442 c,HD 42813,Radial Velocity,1,1123.0,451.0,1123.0,,0.24,5289.0,0.98,0.901
HIP 29442 d,HD 42813,Radial Velocity,1,920.0,203.0,920.0,,0.24,5289.0,0.98,0.901
HIP 65 A b,HIP 65 A,Transit,1,1411.0,661.0,1411.0,0.0,0.18,4590.0,0.7242,0.781
HIP 65426 b,HIP 65426,Imaging,1,1500.0,,1500.0,,,8840.0,1.77,1.96
HIP 67522 b,HIP 67522,Transit,1,1175.0,,1175.0,0.064,,5675.0,1.38,1.22
HIP 67522 c,HIP 67522,Transit,1,917.0,,917.0,0.077,,5675.0,1.38,1.22
HIP 77900 b,HIP 77900,Imaging,1,2507.0,,2507.0,,,,,
HIP 78530 b,HIP 78530,Imaging,1,2700.0,,2700.0,,,10500.0,,2.5
HIP 79098 AB b,HIP 79098 AB,Imaging,1,2450.0,,2450.0,,,,,3.75
HIP 81208 C b,HIP 81208 C,Imaging,1,2050.0,,2050.0,,,,,0.135
HIP 8152 b,HIP 8152,Transit,1,794.96,,794.96,0.0,0.007,5618.0,0.9603,0.9373
HIP 8152 c,HIP 8152,Transit,1,650.68,,650.68,0.2,0.007,5618.0,0.9603,0.9373
HIP 94235 b,HIP 94235,Transit,1,1060.0,,1060.0,0.32,0.0,5991.0,1.08,1.094
HIP 9618 b,HIP 9618,Transit,1,640.88,,640.88,0.0,-0.018,5649.0,0.9593,0.942
HIP 9618 c,HIP 9618,Transit,1,470.31,,470.31,0.0,-0.018,5649.0,0.9593,0.942
HIP 97166 b,HIP 97166,Transit,1,701.66,,701.66,0.29,0.248,5216.0,0.8418,0.9342
HN Lib b,HN Lib,Radial Velocity,1,234.4,0.503,234.4,0.079,-0.18,3347.0,0.299,0.291
HR 2562 b,HR 2562,Imaging,1,1255.0,,1255.0,,0.1,6597.0,1.334,1.368
HR 5183 b,HR 5183,Radial Velocity,1,171.0,,171.0,0.84,0.1,5794.0,1.53,1.07
HR 858 b,HR 858,Transit,1,1552.0,,1552.0,0.0,0.025,6354.0,1.258,1.204
HR 858 c,HR 858,Transit,1,1309.0,,1309.0,0.0,0.025,6354.0,1.258,1.204
HR 858 d,HR 858,Transit,1,1061.0,,1061.0,0.0,0.025,6354.0,1.258,1.204
HR 8799 e,HR 8799,Imaging,1,1150.0,,1150.0,0.15,-0.5,7400.0,,
IRAS 04125+2902 b,IRAS 04125+2902,Transit,1,854.0,,854.0,,,4080.0,1.45,0.7
ITG 15 b,ITG 15 A,Imaging,1,2601.0,,2601.0,,,,,
K2-100 b,K2-100,Transit,1,1841.0,1915.0,1841.0,0.0,0.22,5945.0,1.24,1.15
K2-101 b,K2-101,Transit,1,618.0,,618.0,,0.07,4927.0,0.76,0.82
K2-104 b,K2-104,Transit,1,798.0,,798.0,,0.18,3712.0,0.48,0.51
K2-105 b,K2-105,Transit,1,928.0,,928.0,,0.23,5636.0,0.97,1.05
K2-107 b,K2-107,Transit,1,1649.0,,1649.0,,0.14,6061.0,1.81,1.3
K2-108 b,K2-108,Transit,1,1360.0,,1360.0,,0.36,5599.0,1.76,1.17
K2-11 b,K2-11,Transit,1,734.0,,734.0,,-0.12,5433.0,5.15,1.35
K2-110 b,K2-110,Transit,1,638.0,27.7,638.0,0.13,-0.34,5010.0,0.713,0.738
K2-111 b,K2-111,Transit,1,1309.0,490.0,1309.0,0.1,-0.46,5775.0,1.25,0.84
K2-113 b,K2-113,Transit,1,1098.0,,1098.0,,0.27,5660.0,1.24,1.04
K2-114 b,K2-114,Transit,1,701.4,,701.4,0.079,0.42,4899.0,0.832,0.863
K2-115 b,K2-115,Transit,1,696.0,,696.0,0.063,-0.198,5870.0,0.855,0.918
K2-116 b,K2-116,Transit,1,,78.6,829.241132378757,0.06,,4348.35,0.6694,0.694512
K2-117 b,K2-117,Transit,1,868.0,,868.0,,-0.05,3778.0,0.51,0.54
K2-117 c,K2-117,Transit,1,537.0,,537.0,,-0.05,3778.0,0.51,0.54
K2-118 b,K2-118,Transit,1,,4.3,401.04426792526823,0.2,,4726.29,0.734626,0.756446
K2-119 b,K2-119,Transit,1,666.0,,666.0,,-0.05,4740.0,0.71,0.76
K2-12 b,K2-12,Transit,1,1026.0,185.0,1026.0,0.5,0.0,5672.0,1.117,0.965
K2-121 b,K2-121,Transit,1,738.0,,738.0,,-0.16,4690.0,0.67,0.69
K2-122 b,K2-122,Transit,1,769.0,,769.0,,0.32,4009.0,0.59,0.63
K2-123 b,K2-123,Transit,1,338.0,,338.0,,0.03,4035.0,0.59,0.62
K2-124 b,K2-124,Transit,1,442.0,,442.0,,0.023,3570.0,0.388,0.39
K2-125 b,K2-125,Transit,1,,2.0,331.1941815282578,0.08,,3654.47,0.402049,0.494727
K2-126 b,K2-126,Transit,1,601.0,,601.0,,0.02,4339.0,0.65,0.69
K2-127 b,K2-127,Transit,1,809.0,,809.0,,-0.11,4575.0,0.66,0.72
K2-128 b,K2-128,Transit,1,,68.8,802.0885358505365,0.23,,4469.51,0.777569,0.711248
K2-129 b,K2-129,Transit,1,,4.5,405.6283752614687,0.13,,3459.09,0.36001,0.360031
K2-13 b,K2-13,Transit,1,511.0,,511.0,,-0.54,5698.0,0.78,0.8
K2-130 b,K2-130,Transit,1,,136.4,951.7629443230429,0.17,,4356.47,0.744261,0.69563
K2-131 b,K2-131,Transit,1,2223.0,4070.0,2223.0,0.0,-0.04,5120.0,0.7595,0.803
K2-133 e,K2-133,Transit,1,296.0,1.8,296.0,,,3655.0,0.455,0.461
K2-136 b,K2-136,Transit,1,610.0,33.5,610.0,0.14,-0.02,4500.0,0.677,0.742
K2-136 c,K2-136,Transit,1,470.0,11.91,470.0,0.047,-0.02,4500.0,0.677,0.742
K2-136 d,K2-136,Transit,1,420.0,7.07,420.0,0.071,-0.02,4500.0,0.677,0.742
K2-139 b,K2-139,Transit,1,524.0,,524.0,,0.24,5370.0,0.88,0.96
K2-14 b,K2-14,Transit,1,488.0,,488.0,,-0.37,3789.0,0.45,0.47
K2-140 b,K2-140,Transit,1,962.0,204.0,962.0,0.0,0.1,5585.0,1.06,0.96
K2-141 b,K2-141,Transit,1,2103.0,3260.0,2103.0,0.0,0.0,4570.0,0.681,0.708
K2-141 c,K2-141,Transit,1,695.0,39.1,695.0,0.092,0.0,4570.0,0.681,0.708
K2-147 b,K2-147,Transit,1,1077.0,,1077.0,0.38,-0.02,3690.0,0.578,0.563
K2-148 b,K2-148,Transit,1,,48.8,736.088707221322,,-0.11,4079.0,0.632,0.65
K2-148 c,K2-148,Transit,1,,26.5,631.8829950642638,,-0.11,4079.0,0.632,0.65
K2-148 d,K2-148,Transit,1,,16.8,563.8356345769749,,-0.11,4079.0,0.632,0.65
K2-149 b,K2-149,Transit,1,,7.0,453.0015724328333,,0.11,3745.0,0.568,0.595
K2-15 b,K2-15,Transit,1,676.0,,676.0,,-0.46,5131.0,0.68,0.72
K2-150 b,K2-150,Transit,1,,4.9,414.35656060110404,,0.09,3499.0,0.436,0.457
K2-151 b,K2-151,Transit,1,566.0,,566.0,,-0.19,3695.0,0.45,0.47
K2-152 b,K2-152,Transit,1,337.0,,337.0,,0.12,4044.0,0.61,0.63
K2-153 b,K2-153,Transit,1,497.0,,497.0,,-0.09,3845.0,0.53,0.55
K2-154 b,K2-154,Transit,1,715.0,,715.0,,0.21,4097.0,0.63,0.65
K2-154 c,K2-154,Transit,1,552.0,,552.0,,0.21,4097.0,0.63,0.65
K2-155 b,K2-155,Transit,1,708.0,,708.0,,-0.3,4258.0,0.58,0.65
K2-155 c,K2-155,Transit,1,583.0,,583.0,,-0.3,4258.0,0.58,0.65
K2-155 d,K2-155,Transit,1,381.0,,381.0,,-0.3,4258.0,0.58,0.65
K2-157 b,K2-157,Transit,1,2432.0,6660.0,2432.0,,0.02,5334.0,0.86,0.89
K2-157 c,K2-157,Radial Velocity,1,587.0,22.65,587.0,0.2,0.02,5334.0,0.86,0.89
K2-157 d,K2-157,Radial Velocity,1,429.1,6.46,429.1,0.5,0.02,5334.0,0.86,0.89
K2-158 b,K2-158,Transit,1,794.0,,794.0,,0.07,5503.0,0.95,0.92
K2-158 c,K2-158,Transit,1,948.0,,948.0,,0.07,5503.0,0.95,0.92
K2-159 b,K2-159,Transit,1,684.0,,684.0,,-0.07,5425.0,0.83,0.9
K2-16 b,K2-16,Transit,1,658.0,44.5,658.0,,-0.33,4742.0,0.66,0.68
K2-16 c,K2-16,Transit,1,485.0,13.1,485.0,,-0.33,4742.0,0.66,0.68
K2-162 b,K2-162,Transit,1,631.0,,631.0,,-0.17,4842.0,0.69,0.75
K2-166 b,K2-166,Transit,1,1140.0,,1140.0,,0.09,5960.0,1.61,1.16
K2-167 b,K2-167,Transit,1,1220.0,,1220.0,0.48,-0.456,6310.0,1.499,1.084
K2-168 b,K2-168,Transit,1,766.35,,766.35,,,5502.7,0.83,0.877
K2-17 b,K2-17,Transit,1,487.0,,487.0,,0.15,4320.0,0.66,0.71
K2-174 b,K2-174,Transit,1,455.0,,455.0,,0.113,4455.0,0.676,0.7
K2-18 b,K2-18,Transit,1,284.0,,284.0,0.2,0.12,3457.0,0.411,0.359
K2-18 c,K2-18,Radial Velocity,1,363.0,,363.0,0.47,,3457.0,0.411,0.359
K2-180 b,K2-180,Transit,1,797.5,,797.5,0.075,-0.578,5365.0,0.719,0.735
K2-181 b,K2-181,Transit,1,1015.0,,1015.0,0.4,0.385,5520.0,1.04,1.022
K2-182 b,K2-182,Transit,1,965.8,,965.8,0.071,0.022,5128.0,0.789,0.823
K2-184 b,K2-184,Transit,1,533.0,,533.0,,-0.1,5245.0,0.75,0.84
K2-185 b,K2-185,Transit,1,809.0,,809.0,,-0.1,5788.0,0.94,0.96
K2-185 c,K2-185,Transit,1,477.0,,477.0,,-0.1,5788.0,0.94,0.96
K2-188 b,K2-188,Transit,1,1692.0,,1692.0,,-0.01,5977.0,1.19,1.06
K2-188 c,K2-188,Transit,1,1026.0,,1026.0,,-0.01,5977.0,1.19,1.06
K2-189 b,K2-189,Transit,1,1197.0,,1197.0,,0.0,5519.0,0.87,0.94
K2-189 c,K2-189,Transit,1,872.0,,872.0,,0.0,5519.0,0.87,0.94
K2-192 b,K2-192,Transit,1,939.0,,939.0,,0.15,5222.0,0.81,0.9
K2-193 b,K2-193,Transit,1,739.0,,739.0,,0.0,5817.0,0.98,1.01
K2-195 b,K2-195,Transit,1,720.0,,720.0,,-0.1,5713.0,0.99,0.94
K2-197 b,K2-197,Transit,1,848.0,,848.0,,0.08,5667.0,0.93,1.0
K2-198 b,K2-198,Transit,1,715.8,,715.8,,,5212.9,0.757,0.799
K2-198 c,K2-198,Transit,1,1229.9,,1229.9,,,5212.9,0.757,0.799
K2-198 d,K2-198,Transit,1,943.2,,943.2,,,5212.9,0.757,0.799
K2-199 b,K2-199,Transit,1,913.0,116.2,913.0,0.02,-0.01,4491.0,0.682,0.711
K2-199 c,K2-199,Transit,1,694.0,38.6,694.0,0.03,-0.01,4491.0,0.682,0.711
K2-203 b,K2-203,Transit,1,738.4,,738.4,0.23,-0.021,5026.0,0.765,0.793
K2-204 b,K2-204,Transit,1,1148.0,,1148.0,0.28,0.21,5783.0,1.253,1.076
K2-208 b,K2-208,Transit,1,1122.0,,1122.0,0.37,-0.064,5500.0,0.872,0.881
K2-21 b,K2-21,Transit,1,,10.0,495.25081569584,0.1,,4222.06,0.646783,0.676023
K2-21 c,K2-21,Transit,1,,5.1,418.5214714297878,0.21,,4222.06,0.646783,0.676023
K2-211 b,K2-211,Transit,1,1873.0,,1873.0,0.19,0.134,5117.0,0.818,0.851
K2-214 b,K2-214,Transit,1,1006.0,,1006.0,,0.05,5854.0,1.27,1.05
K2-216 b,K2-216,Transit,1,1103.0,248.0,1103.0,0.0,0.0,4503.0,0.72,0.7
K2-220 b,K2-220,Transit,1,758.0,,758.0,,0.04,5660.0,1.02,0.96
K2-222 b,K2-222,Transit,1,871.0,96.0,871.0,0.16,-0.315,5942.0,1.115,0.989
K2-224 b,K2-224,Transit,1,1002.0,,1002.0,,-0.19,5620.0,0.84,0.91
K2-224 c,K2-224,Transit,1,764.0,,764.0,,-0.19,5620.0,0.84,0.91
K2-225 b,K2-225,Transit,1,923.0,,923.0,0.23,0.486,5520.0,1.7,1.482
K2-226 b,K2-226,Transit,1,1187.0,,1187.0,0.22,-0.05,5288.0,0.889,0.856
K2-228 b,K2-228,Transit,1,914.0,,914.0,,-0.25,4715.0,0.65,0.71
K2-229 c,K2-229,Transit,1,750.0,,750.0,,-0.09,5315.0,0.79,0.87
K2-230 b,K2-230,Transit,1,1529.0,,1529.0,,0.1,5945.0,1.39,1.11
K2-232 b,K2-232,Transit,1,1030.0,,1030.0,0.258,0.1,6154.0,1.161,1.188
K2-233 b,K2-233,Transit,1,1127.0,269.0,1127.0,0.0,-0.082,4796.0,0.71,0.79
K2-233 c,K2-233,Transit,1,794.0,66.2,794.0,0.0,-0.082,4796.0,0.71,0.79
K2-233 d,K2-233,Transit,1,525.0,12.7,525.0,0.18,-0.082,4796.0,0.71,0.79
K2-237 b,K2-237,Transit,1,1759.0,,1759.0,0.03,0.337,6180.0,1.236,1.256
K2-238 b,K2-238,Transit,1,1587.0,,1587.0,0.0,0.34,5630.0,1.59,1.19
K2-239 b,K2-239,Transit,1,502.0,,502.0,,-0.1,3420.0,0.36,0.4
K2-239 c,K2-239,Transit,1,427.0,,427.0,,-0.1,3420.0,0.36,0.4
K2-239 d,K2-239,Transit,1,399.0,,399.0,,-0.1,3420.0,0.36,0.4
K2-240 b,K2-240,Transit,1,586.0,,586.0,,-0.1,3810.0,0.54,0.58
K2-240 c,K2-240,Transit,1,389.0,,389.0,,-0.1,3810.0,0.54,0.58
K2-241 b,K2-241,Transit,1,507.0,,507.0,,-0.44,5262.0,0.75,0.71
K2-242 b,K2-242,Transit,1,416.0,,416.0,,-0.01,3459.0,0.37,0.38
K2-243 b,K2-243,Transit,1,1035.0,,1035.0,,-0.03,6570.0,1.39,1.29
K2-243 c,K2-243,Transit,1,801.0,,801.0,,-0.03,6570.0,1.39,1.29
K2-244 b,K2-244,Transit,1,638.0,,638.0,,-0.29,5677.0,0.92,0.86
K2-245 b,K2-245,Transit,1,923.0,,923.0,,-0.45,5793.0,1.25,0.83
K2-246 b,K2-246,Transit,1,977.0,,977.0,,-0.19,5610.0,0.94,0.87
K2-247 b,K2-247,Transit,1,979.0,,979.0,,-0.08,4667.0,0.69,0.74
K2-247 c,K2-247,Transit,1,688.0,,688.0,,-0.08,4667.0,0.69,0.74
K2-248 b,K2-248,Transit,1,886.0,,886.0,,-0.1,5528.0,0.92,0.88
K2-249 b,K2-249,Transit,1,1061.0,,1061.0,,0.04,6504.0,1.57,1.32
K2-25 b,K2-25,Transit,1,494.0,9.91,494.0,0.428,0.15,3207.0,0.2932,0.2634
K2-250 b,K2-250,Transit,1,1003.0,,1003.0,0.21,-0.02,5003.0,0.797,0.809
K2-251 b,K2-251,Transit,1,437.0,,437.0,,-0.04,3717.0,0.49,0.52
K2-252 b,K2-252,Transit,1,639.0,,639.0,,-0.09,5152.0,0.82,0.79
K2-253 b,K2-253,Transit,1,1238.0,,1238.0,,0.0,6027.0,1.1,1.08
K2-254 b,K2-254,Transit,1,791.0,,791.0,,-0.14,4629.0,0.67,0.71
K2-254 c,K2-254,Transit,1,551.0,,551.0,,-0.14,4629.0,0.67,0.71
K2-255 b,K2-255,Transit,1,1034.0,,1034.0,,-0.14,4676.0,0.69,0.71
K2-257 b,K2-257,Transit,1,789.0,,789.0,,-0.03,3725.0,0.5,0.52
K2-258 b,K2-258,Transit,1,831.0,,831.0,,0.01,6351.0,1.31,1.21
K2-259 b,K2-259,Transit,1,795.0,,795.0,,0.16,6059.0,1.13,1.14
K2-26 b,K2-26,Transit,1,430.0,5.8,430.0,,-0.13,3785.0,0.52,0.56
K2-260 b,K2-260,Transit,1,2090.0,,2090.0,0.053,0.334,6860.0,1.755,1.637
K2-261 b,K2-261,Transit,1,1036.0,,1036.0,0.274,0.372,5490.0,1.663,1.107
K2-263 b,K2-263,Transit,1,470.0,8.17,470.0,0.15,-0.08,5368.0,0.85,0.88
K2-264 b,K2-264,Transit,1,496.0,,496.0,,-0.013,3660.0,0.473,0.496
K2-264 c,K2-264,Transit,1,331.0,,331.0,,-0.013,3660.0,0.473,0.496
K2-265 b,K2-265,Transit,1,1366.0,,1366.0,0.16,0.033,5420.0,0.92,0.901
K2-266 b,K2-266,Transit,1,1515.0,879.5,1515.0,,-0.12,4285.0,0.703,0.686
K2-266 c,K2-266,Transit,1,664.5,32.4,664.5,0.042,-0.12,4285.0,0.703,0.686
K2-266 d,K2-266,Transit,1,538.3,13.95,538.3,0.047,-0.12,4285.0,0.703,0.686
K2-266 e,K2-266,Transit,1,490.1,9.581,490.1,0.043,-0.12,4285.0,0.703,0.686
K2-268 b,K2-268,Transit,1,1136.0,,1136.0,,0.03,5106.0,0.78,0.84
K2-268 c,K2-268,Transit,1,696.0,,696.0,,0.03,5106.0,0.78,0.84
K2-268 d,K2-268,Transit,1,888.0,,888.0,,0.03,5106.0,0.78,0.84
K2-268 e,K2-268,Transit,1,801.0,,801.0,,0.03,5106.0,0.78,0.84
K2-268 f,K2-268,Transit,1,492.0,,492.0,,0.03,5106.0,0.78,0.84
K2-269 b,K2-269,Transit,1,1429.0,,1429.0,,-0.08,6209.0,1.45,1.16
K2-27 b,K2-27,Transit,1,902.0,116.0,902.0,0.251,0.13,5248.0,0.885,0.866
K2-270 b,K2-270,Transit,1,1203.0,,1203.0,,0.26,4877.0,0.77,0.85
K2-270 c,K2-270,Transit,1,848.0,,848.0,,0.26,4877.0,0.77,0.85
K2-271 b,K2-271,Transit,1,893.0,,893.0,,-0.3,5644.0,0.99,0.83
K2-272 b,K2-272,Transit,1,747.0,,747.0,,-0.09,5397.0,0.83,0.86
K2-273 b,K2-273,Transit,1,849.0,,849.0,,0.2,5161.0,0.85,0.89
K2-274 b,K2-274,Transit,1,655.0,,655.0,,-0.16,5044.0,0.7,0.79
K2-275 b,K2-275,Transit,1,1166.0,,1166.0,,-0.06,4841.0,0.69,0.77
K2-275 c,K2-275,Transit,1,653.0,,653.0,,-0.06,4841.0,0.69,0.77
K2-276 b,K2-276,Transit,1,583.0,,583.0,,0.07,5139.0,0.85,0.82
K2-277 b,K2-277,Transit,1,1049.0,,1049.0,0.52,0.078,5680.0,0.973,0.974
K2-278 b,K2-278,Transit,1,1711.0,,1711.0,,0.0,6747.0,1.61,1.4
K2-279 b,K2-279,Transit,1,879.0,,879.0,,-0.37,5558.0,0.86,0.79
K2-28 b,K2-28,Transit,1,568.0,,568.0,0.0,0.26,3214.0,0.288,0.257
K2-280 b,K2-280,Transit,1,787.0,,787.0,0.35,0.33,5500.0,1.28,1.03
K2-281 b,K2-281,Transit,1,665.0,,665.0,,0.22,4812.0,0.76,0.82
K2-283 b,K2-283,Transit,1,1186.0,,1186.0,,0.28,5060.0,0.82,0.89
K2-284 b,K2-284,Transit,1,653.0,42.6,653.0,0.078,0.0,4140.0,0.607,0.63
K2-285 b,K2-285,Transit,1,1088.9,234.31,1088.9,0.0,0.0,4975.0,0.787,0.83
K2-285 c,K2-285,Transit,1,741.4,50.35,741.4,0.0,0.0,4975.0,0.787,0.83
K2-285 d,K2-285,Transit,1,619.9,24.61,619.9,0.0,0.0,4975.0,0.787,0.83
K2-285 e,K2-285,Transit,1,500.9,10.5,500.9,0.0,0.0,4975.0,0.787,0.83
K2-286 b,K2-286,Transit,1,347.0,,347.0,,0.0,3926.0,0.62,0.64
K2-287 b,K2-287,Transit,1,804.0,,804.0,0.478,0.2,5695.0,1.07,1.056
K2-288 B b,K2-288 B,Transit,1,226.36,,226.36,,-0.21,3341.0,0.32,0.33
K2-289 b,K2-289,Transit,1,753.0,,753.0,,0.162,5529.0,1.025,0.953
K2-29 b,K2-29,Transit,1,1171.0,,1171.0,0.066,0.16,5358.0,0.86,0.94
K2-290 b,K2-290,Transit,1,1230.0,,1230.0,0.0,-0.06,6302.0,1.511,1.194
K2-290 c,K2-290,Transit,1,676.0,,676.0,0.0,-0.06,6302.0,1.511,1.194
K2-291 b,K2-291,Transit,1,,633.0,1396.9347695110096,0.0,0.08,5520.0,0.899,0.934
K2-292 b,K2-292,Transit,1,795.0,67.0,795.0,0.04,0.07,5725.0,1.09,1.0
K2-293 b,K2-293,Transit,1,750.0,,750.0,,0.218,5532.0,0.947,0.958
K2-294 b,K2-294,Transit,1,1425.0,,1425.0,,0.194,5612.0,1.2,0.987
K2-295 b,K2-295,Transit,1,852.0,,852.0,0.0,0.14,4444.0,0.7,0.74
K2-3 b,K2-3,Transit,1,501.3,10.5,501.3,0.107,-0.157,3844.0,0.546,0.549
K2-3 c,K2-3,Transit,1,371.8,3.17,371.8,0.048,-0.157,3844.0,0.546,0.549
K2-3 d,K2-3,Transit,1,305.2,1.44,305.2,0.091,-0.157,3844.0,0.546,0.549
K2-30 b,K2-30,Transit,1,1092.0,,1092.0,0.0,-0.15,5425.0,0.844,0.9
K2-315 b,K2-315,Transit,1,460.0,7.45,460.0,,-0.24,3300.0,0.196,0.174
K2-316 b,K2-316,Transit,1,841.0,,841.0,,,3436.0,0.379,0.408
K2-316 c,K2-316,Transit,1,423.0,,423.0,,,3436.0,0.379,0.408
K2-317 b,K2-317,Transit,1,432.0,,432.0,,,3387.0,0.379,0.403
K2-318 b,K2-318,Transit,1,456.0,,456.0,,,3851.0,0.552,0.561
K2-319 b,K2-319,Transit,1,641.0,,641.0,,,5440.0,0.898,0.954
K2-32 b,K2-32,Transit,1,837.0,,837.0,0.03,-0.06,5271.0,0.86,0.83
K2-32 c,K2-32,Transit,1,634.0,,634.0,0.049,-0.06,5271.0,0.86,0.83
K2-32 d,K2-32,Transit,1,550.0,,550.0,0.05,-0.06,5271.0,0.86,0.83
K2-32 e,K2-32,Transit,1,1066.0,,1066.0,0.043,-0.06,5271.0,0.86,0.83
K2-320 b,K2-320,Transit,1,698.0,,698.0,,,3157.0,0.3,0.117
K2-321 b,K2-321,Transit,1,830.0,,830.0,0.44,0.148,3750.0,0.595,0.578
K2-322 b,K2-322,Transit,1,635.0,,635.0,,,4141.0,0.602,0.63
K2-323 b,K2-323,Transit,1,318.0,,318.0,,,3710.0,0.549,0.478
K2-324 b,K2-324,Transit,1,707.0,,707.0,,,3752.0,0.505,0.517
K2-325 b,K2-325,Transit,1,423.0,,423.0,,,3287.0,0.298,0.274
K2-326 b,K2-326,Transit,1,1114.0,,1114.0,,,3924.0,0.688,0.507
K2-329 b,K2-329,Transit,1,650.0,45.7,650.0,0.0697,0.098,5282.0,0.822,0.901
K2-330 b,K2-330,Transit,1,969.0,,969.0,,-0.03,6232.0,1.5,1.23
K2-331 b,K2-331,Transit,1,909.0,,909.0,,0.08,5994.0,1.06,1.1
K2-331 c,K2-331,Transit,1,673.0,,673.0,,0.08,5994.0,1.06,1.1
K2-332 b,K2-332,Transit,1,266.0,,266.0,,0.09,3315.0,0.28,0.27
K2-333 b,K2-333,Transit,1,826.0,,826.0,,0.07,5880.0,1.22,1.06
K2-334 b,K2-334,Transit,1,1380.0,,1380.0,,0.17,6502.0,1.49,1.36
K2-335 b,K2-335,Transit,1,949.0,,949.0,,0.1,6222.0,1.33,1.23
K2-336 b,K2-336,Transit,1,569.0,,569.0,,-0.17,5424.0,0.8,0.86
K2-337 b,K2-337,Transit,1,850.0,,850.0,,-0.27,5869.0,1.32,0.94
K2-338 b,K2-338,Transit,1,783.0,,783.0,,-0.23,4558.0,0.63,0.66
K2-339 b,K2-339,Transit,1,508.0,,508.0,,-0.11,4857.0,0.72,0.74
K2-34 b,K2-34,Transit,1,1687.0,,1687.0,,0.01,6168.0,1.42,1.16
K2-340 b,K2-340,Transit,1,606.0,,606.0,,0.08,5532.0,1.13,0.93
K2-341 b,K2-341,Transit,1,598.0,,598.0,,-0.05,5817.0,1.16,0.98
K2-342 b,K2-342,Transit,1,861.0,,861.0,,-0.06,5920.0,1.09,1.01
K2-343 b,K2-343,Transit,1,653.0,,653.0,,-0.1,3804.0,0.46,0.49
K2-343 c,K2-343,Transit,1,465.0,,465.0,,-0.1,3804.0,0.46,0.49
K2-344 b,K2-344,Transit,1,722.0,,722.0,,-0.95,4374.0,0.49,0.51
K2-345 b,K2-345,Transit,1,437.0,,437.0,,0.26,3779.0,0.52,0.56
K2-346 b,K2-346,Transit,1,450.0,,450.0,,-0.18,4801.0,0.7,0.71
K2-347 b,K2-347,Transit,1,640.0,,640.0,,-0.26,4599.0,0.63,0.66
K2-348 b,K2-348,Transit,1,908.0,,908.0,,0.13,5077.0,0.85,0.83
K2-348 c,K2-348,Transit,1,655.0,,655.0,,0.13,5077.0,0.85,0.83
K2-349 b,K2-349,Transit,1,518.0,,518.0,,-0.66,4385.0,0.49,0.54
K2-35 b,K2-35,Transit,1,,211.0,1061.4408884019474,0.13,,4402.71,0.619575,0.701968
K2-35 c,K2-35,Transit,1,,68.0,799.7466465207133,0.12,,4402.71,0.619575,0.701968
K2-350 b,K2-350,Transit,1,1158.0,,1158.0,,-0.02,5789.0,1.04,0.98
K2-350 c,K2-350,Transit,1,687.0,,687.0,,-0.02,5789.0,1.04,0.98
K2-351 b,K2-351,Transit,1,934.0,,934.0,,0.08,5769.0,1.05,1.02
K2-352 b,K2-352,Transit,1,1160.0,,1160.0,,-0.05,5791.0,0.95,0.98
K2-352 c,K2-352,Transit,1,885.0,,885.0,,-0.05,5791.0,0.95,0.98
K2-352 d,K2-352,Transit,1,727.0,,727.0,,-0.05,5791.0,0.95,0.98
K2-353 b,K2-353,Transit,1,735.0,,735.0,,-0.21,5698.0,0.99,0.87
K2-354 b,K2-354,Transit,1,543.0,,543.0,,-0.04,3669.0,0.41,0.43
K2-355 b,K2-355,Transit,1,1066.0,,1066.0,,-0.12,5790.0,0.92,0.96
K2-356 b,K2-356,Transit,1,624.0,,624.0,,-0.11,5568.0,0.86,0.9
K2-357 b,K2-357,Transit,1,735.0,,735.0,,-0.02,5794.0,1.0,0.98
K2-358 b,K2-358,Transit,1,888.0,,888.0,,-0.07,5650.0,0.91,0.93
K2-36 b,K2-36,Transit,1,1328.0,519.0,1328.0,0.093,,4916.0,0.718,0.79
K2-36 c,K2-36,Transit,1,854.0,89.0,854.0,0.089,,4916.0,0.718,0.79
K2-360 c,EPIC 201595106,Radial Velocity,1,912.0,115.0,912.0,0.11,0.01,5679.0,0.98,0.958
K2-37 b,K2-37,Transit,1,974.0,213.3,974.0,,-0.03,5413.0,0.85,0.9
K2-37 c,K2-37,Transit,1,861.0,130.3,861.0,,-0.03,5413.0,0.85,0.9
K2-37 d,K2-37,Transit,1,663.0,45.7,663.0,,-0.03,5413.0,0.85,0.9
K2-38 b,K2-38,Transit,1,1310.0,490.0,1310.0,0.11,0.235,5705.0,1.141,1.054
K2-38 c,K2-38,Transit,1,949.0,135.3,949.0,0.086,0.235,5705.0,1.141,1.054
K2-4 b,K2-4,Transit,1,,15.6,553.4856289921917,0.08,,4014.73,0.569359,0.635026
K2-411 b,K2-411,Transit,1,,619.038,1389.1672201732847,,0.1415,5711.0,1.375,1.018
K2-412 b,K2-412,Transit,1,,243.518,1100.1653600512814,,0.014,5590.0,0.977,0.893
K2-413 b,K2-413,Transit,1,,921.755,1534.5430444005838,,-0.205,4116.0,0.7,0.808
K2-413 c,K2-413,Transit,1,,69.529,804.2048636842438,,-0.205,4116.0,0.7,0.808
K2-414 b,K2-414,Transit,1,,72.113,811.5748689581837,,-0.102,4343.0,0.732,0.814
K2-414 c,K2-414,Transit,1,,56.13,762.2965602141122,,-0.102,4343.0,0.732,0.814
K2-415 b,K2-415,Transit,1,412.4,4.82,412.4,,-0.13,3173.0,0.1965,0.1635
K2-416 b,K2-416,Transit,1,447.0,,447.0,,,3746.0,0.554,0.548
K2-417 b,K2-417,Transit,1,558.0,,558.0,,,3861.0,0.5776,0.569
K2-419 A b,K2-419 A,Transit,1,377.0,3.3,377.0,0.042,-0.11,3711.0,0.541,0.562
K2-42 b,K2-42,Transit,1,,44.1,717.6866154106048,,,4613.0,0.643,0.702
K2-43 b,K2-43,Transit,1,939.3,,939.3,,,3840.6,0.542,0.571
K2-43 c,K2-43,Transit,1,1093.7,,1093.7,,,3840.6,0.542,0.571
K2-45 b,K2-45,Transit,1,,100.0,880.6943283568937,,,4103.0,0.445,0.503
K2-46 b,K2-46,Transit,1,,119.0,919.839255638399,,,6256.0,1.29,0.96
K2-47 b,K2-47,Transit,1,,10.7,503.69906411755494,,,5054.0,0.76,0.75
K2-48 b,K2-48,Transit,1,,15.3,550.8052324113828,,,4899.0,0.73,0.77
K2-49 b,K2-49,Transit,1,,59.0,771.8594086895761,,,4175.0,0.45,0.51
K2-5 b,K2-5,Transit,1,565.0,24.1,565.0,,-0.33,3930.0,0.57,0.61
K2-5 c,K2-5,Transit,1,456.0,10.2,456.0,,-0.33,3930.0,0.57,0.61
K2-50 b,K2-50,Transit,1,,18.8,579.9154266724679,,,4326.0,0.546,0.611
K2-52 b,K2-52,Transit,1,2004.0,,2004.0,,0.055,7147.0,2.192,1.691
K2-53 b,K2-53,Transit,1,665.0,,665.0,,-0.037,5263.0,0.807,0.851
K2-54 b,K2-54,Transit,1,560.0,,560.0,0.24,-0.02,3990.0,0.643,0.615
K2-55 b,K2-55,Transit,1,,115.0,912.0101245182417,,,4456.0,0.63,0.696
K2-57 b,K2-57,Transit,1,635.8,,635.8,0.25,0.08,4413.0,0.671,0.699
K2-58 b,K2-58,Transit,1,,118.0,917.9007005954369,,,5413.0,0.86,0.89
K2-58 c,K2-58,Transit,1,,462.0,1291.1767387535722,,,5413.0,0.86,0.89
K2-58 d,K2-58,Transit,1,,24.6,620.2388650804371,,,5413.0,0.86,0.89
K2-59 b,K2-59,Transit,1,,17.1,566.3360756622723,,,5055.0,0.731,0.774
K2-59 c,K2-59,Transit,1,,38.3,692.8271417792929,,,5055.0,0.731,0.774
K2-6 b,K2-6,Transit,1,615.0,,615.0,,-0.14,5850.0,0.96,0.97
K2-60 b,K2-60,Transit,1,1400.0,,1400.0,0.0,0.01,5500.0,1.12,0.97
K2-61 b,K2-61,Transit,1,,1686.0,1784.5946721591383,,,6293.0,1.36,1.21
K2-62 b,K2-62,Transit,1,,66.0,793.8001623519458,,,4880.0,0.73,0.77
K2-62 c,K2-62,Transit,1,,20.5,592.6027530861205,,,4880.0,0.73,0.77
K2-63 b,K2-63,Transit,1,,188.0,1031.2516628155863,,,6771.0,1.63,1.4
K2-63 c,K2-63,Transit,1,,139.0,956.2664070089869,,,6771.0,1.63,1.4
K2-64 b,K2-64,Transit,1,,98.0,876.2574399953521,,,5312.0,0.726,0.741
K2-65 b,K2-65,Transit,1,,45.0,721.3205878550114,,,5213.0,0.84,0.87
K2-66 b,K2-66,Transit,1,1372.0,840.0,1372.0,0.0,-0.047,5887.0,1.67,1.11
K2-68 b,K2-68,Transit,1,,41.0,704.7274103402152,,,4746.0,0.675,0.73
K2-69 b,K2-69,Transit,1,,17.9,572.8467549510707,,,4127.0,0.491,0.551
K2-7 b,K2-7,Transit,1,786.0,,786.0,0.24,0.049,5700.0,1.533,1.056
K2-70 b,K2-70,Transit,1,,62.0,781.4894543281263,,,5622.0,0.93,0.94
K2-71 b,K2-71,Transit,1,,13.4,532.8456186266985,,,4006.0,0.426,0.477
K2-72 b,K2-72,Transit,1,,8.5,475.5322011209992,0.11,,3360.47,0.330989,0.271365
K2-72 c,K2-72,Transit,1,,2.2,339.18049504820755,0.11,,3360.47,0.330989,0.271365
K2-72 d,K2-72,Transit,1,,5.4,424.54491108318064,0.11,,3360.47,0.330989,0.271365
K2-72 e,K2-72,Transit,1,,1.2,291.4878863207014,0.11,,3360.47,0.330989,0.271365
K2-73 b,K2-73,Transit,1,,213.0,1063.9472597774177,,,5922.0,1.06,1.05
K2-74 b,K2-74,Transit,1,,59.1,772.1862600898146,,,6060.0,0.98,0.96
K2-75 b,K2-75,Transit,1,,430.0,1268.2133291986577,,,5995.0,1.56,1.16
K2-75 c,K2-75,Transit,1,,138.0,954.5418438021613,,,5995.0,1.56,1.16
K2-77 b,K2-77,Transit,1,806.0,,806.0,0.29,0.13,5160.0,0.792,0.847
K2-79 b,K2-79,Transit,1,1022.0,181.0,1022.0,0.23,0.035,5897.0,1.265,1.066
K2-8 b,K2-8,Transit,1,631.0,37.7,631.0,,-0.02,4870.0,0.74,0.78
K2-8 c,K2-8,Transit,1,801.0,97.8,801.0,,-0.02,4870.0,0.74,0.78
K2-80 b,K2-80,Transit,1,,32.5,664.9607934509959,,,5441.0,0.87,0.9
K2-80 c,K2-80,Transit,1,,166.0,999.6597853604675,,,5441.0,0.87,0.9
K2-81 b,K2-81,Transit,1,,62.9,784.3101960253452,0.06,,4674.13,0.634663,0.745273
K2-83 b,K2-83,Transit,1,,41.5,706.8662131078751,,,3910.0,0.424,0.484
K2-83 c,K2-83,Transit,1,,7.42,459.64884782087347,,,3910.0,0.424,0.484
K2-84 b,K2-84,Transit,1,,178.0,1017.2558594364463,,,5652.0,0.93,0.95
K2-84 c,K2-84,Transit,1,,25.3,624.604817840531,,,5652.0,0.93,0.95
K2-86 b,K2-86,Transit,1,,78.0,827.6540607369344,,,5482.0,0.76,0.79
K2-87 b,K2-87,Transit,1,979.0,,979.0,,0.328,5747.0,1.401,1.164
K2-88 b,K2-88,Transit,1,,7.8,465.42408131398133,,,3537.0,0.256,0.258
K2-89 b,K2-89,Transit,1,,78.0,827.6540607369344,,,3691.0,0.318,0.347
K2-9 b,K2-9,Transit,1,314.0,1.36,314.0,,-0.25,3390.0,0.31,0.3
K2-90 b,K2-90,Transit,1,502.0,,502.0,,-0.225,4484.0,0.619,0.629
K2-90 c,K2-90,Transit,1,,80.8,834.983781032555,0.19,,4421.98,0.634754,0.704613
K2-91 b,K2-91,Transit,1,,46.0,725.2949563685506,,,3622.0,0.284,0.292
K2-95 b,K2-95,Transit,1,474.0,,474.0,,0.1,3566.0,0.4,0.41
K2-97 b,K2-97,Transit,1,1566.0,,1566.0,0.207,0.328,4673.0,4.14,1.17
K2-98 b,K2-98,Transit,1,1185.0,,1185.0,0.119,-0.044,6260.0,1.518,1.246
K2-99 b,K2-99,Transit,1,1184.0,,1184.0,0.22,0.2,6069.0,2.55,1.44
K2-99 c,K2-99,Radial Velocity,1,390.0,,390.0,0.21,0.2,6069.0,2.55,1.44
KELT-10 b,KELT-10,Transit,1,1377.0,600.0,1377.0,,0.09,5948.0,1.209,1.112
KELT-11 b,KELT-11,Transit,1,1712.0,,1712.0,0.0,0.17,5375.0,2.69,1.44
KELT-12 b,KELT-12,Transit,1,1800.0,1749.0,1800.0,0.0,0.19,6279.0,2.37,1.591
KELT-14 b,KELT-14,Transit,1,1970.0,,1970.0,0.0,0.32,5720.0,1.52,1.239
KELT-16 b,KELT-16,Transit,1,2453.0,,2453.0,0.0,-0.002,6236.0,1.36,1.211
KELT-17 b,KELT-17,Transit,1,2087.0,,2087.0,,-0.018,7454.0,1.645,1.635
KELT-18 b,KELT-18,Transit,1,2085.0,3152.0,2085.0,0.0,0.09,6670.0,1.908,1.524
KELT-19 A b,KELT-19 A,Transit,1,1935.0,2340.0,1935.0,,-0.12,7500.0,1.83,1.62
KELT-20 b,KELT-20,Transit,1,2262.0,4362.5,2262.0,,-0.29,8720.0,1.565,1.76
KELT-21 b,KELT-21,Transit,1,2051.0,2950.0,2051.0,0.0,-0.405,7598.0,1.638,1.458
KELT-23 A b,KELT-23 A,Transit,1,1561.0,991.183,1561.0,0.0,-0.105,5899.0,0.996,0.944
KELT-24 b,KELT-24,Transit,1,1391.0,624.0,1391.0,0.0319,0.138,6426.0,1.338,1.268
KELT-4 A b,KELT-4 A,Transit,1,1823.0,1840.0,1823.0,0.0,-0.116,6206.0,1.603,1.201
KELT-9 b,KELT-9,Transit,1,4050.0,44900.0,4050.0,0.0,-0.03,10170.0,2.362,2.52
KOBE-1 b,KOBE-1,Radial Velocity,1,594.4,20.56,594.4,0.0,-0.01,4135.0,0.619,0.629
KOBE-1 c,KOBE-1,Radial Velocity,1,392.5,3.91,392.5,0.0,-0.01,4135.0,0.619,0.629
KOI-1257 b,KOI-1257,Transit,1,511.0,,511.0,0.772,0.27,5520.0,1.13,0.99
KOI-13 b,KOI-13,Transit,1,2550.0,,2550.0,0.00064,0.2,7650.0,1.74,1.72
KOI-134 b,KOI-134,Transit,1,659.0,45.0,659.0,0.16,0.427,6160.0,1.667,1.407
KOI-1783.01,KOI-1783,Transit,1,,5.7,430.3223603600748,0.0,0.11,5922.0,1.143,1.076
KOI-1783.02,KOI-1783,Transit,1,,2.49,349.84448843465157,0.0,0.11,5922.0,1.143,1.076
KOI-1831 d,Kepler-324,Transit,1,475.0,,475.0,,,5233.0,0.835,0.901
KOI-1833 d,Kepler-968,Transit,1,613.0,,613.0,,,4413.0,0.667,0.681
KOI-3503 b,KOI-3503,Transit,1,785.0,,785.0,,,6001.0,1.255,0.858
KOI-3503 c,KOI-3503,Transit,1,686.0,,686.0,,,6001.0,1.255,0.858
KOI-3680 b,KOI-3680,Transit,1,347.0,,347.0,0.496,0.16,5830.0,0.96,1.01
KOI-4777.01,KOI-4777,Transit,1,1180.0,320.0,1180.0,0.0,0.1,3515.0,0.4,0.41
KOI-94 b,KOI-94,Transit,1,1486.0,,1486.0,0.25,0.0228,6182.0,1.52,1.277
KOI-94 c,KOI-94,Transit,1,1012.0,,1012.0,0.43,0.0228,6182.0,1.52,1.277
KOI-94 d,KOI-94,Transit,1,806.0,,806.0,0.022,0.0228,6182.0,1.52,1.277
KOI-94 e,KOI-94,Transit,1,584.0,,584.0,0.019,0.0228,6182.0,1.52,1.277
KOI-984 b,KOI-984,Transit,1,1022.0,,1022.0,0.12,0.12,5295.0,0.818,0.928
KOI-984 c,KOI-984,Transit Timing Variations,1,597.0,,597.0,0.38,0.12,5295.0,0.818,0.928
KPS-1 b,KPS-1,Transit,1,1459.0,729.0,1459.0,0.0,0.22,5165.0,0.907,0.892
Kepler-10 b,Kepler-10,Transit,1,2188.0,,2188.0,0.0,-0.15,5708.0,1.065,0.91
Kepler-10 c,Kepler-10,Transit,1,579.0,,579.0,0.136,-0.15,5708.0,1.065,0.91
Kepler-10 d,Kepler-10,Radial Velocity,1,387.0,,387.0,0.19,-0.15,5708.0,1.065,0.91
Kepler-101 b,Kepler-101,Transit,1,1513.0,,1513.0,0.086,0.33,5667.0,1.56,1.17
Kepler-101 c,Kepler-101,Transit,1,1413.0,,1413.0,0.0,0.33,5667.0,1.56,1.17
Kepler-102 b,Kepler-102,Transit,1,857.0,90.0,857.0,0.1,0.11,4909.0,0.724,0.803
Kepler-102 c,Kepler-102,Transit,1,777.0,61.0,777.0,0.094,0.11,4909.0,0.724,0.803
Kepler-102 d,Kepler-102,Transit,1,686.0,36.9,686.0,0.092,0.11,4909.0,0.724,0.803
Kepler-102 e,Kepler-102,Transit,1,590.0,20.3,590.0,0.089,0.11,4909.0,0.724,0.803
Kepler-102 f,Kepler-102,Transit,1,495.0,10.0,495.0,0.1,0.11,4909.0,0.724,0.803
Kepler-103 b,Kepler-103,Transit,1,973.0,149.9,973.0,0.093,0.16,6009.0,1.492,1.212
Kepler-103 c,Kepler-103,Transit,1,434.0,5.95,434.0,0.095,0.16,6009.0,1.492,1.212
Kepler-1052 c,Kepler-1052,Transit,1,302.0,1.96,302.0,0.0,-0.22,5818.0,0.848,0.937
Kepler-107 b,Kepler-107,Transit,1,1592.0,1073.0,1592.0,0.1,0.321,5854.0,1.447,1.238
Kepler-107 c,Kepler-107,Transit,1,1378.0,602.0,1378.0,0.08,0.321,5854.0,1.447,1.238
Kepler-107 d,Kepler-107,Transit,1,1173.0,315.0,1173.0,0.11,0.321,5854.0,1.447,1.238
Kepler-107 e,Kepler-107,Transit,1,955.0,138.7,955.0,0.1,0.321,5854.0,1.447,1.238
Kepler-109 b,Kepler-109,Transit,1,1276.0,442.0,1276.0,0.11,-0.02,5950.0,1.387,1.094
Kepler-109 c,Kepler-109,Transit,1,859.0,91.0,859.0,0.098,-0.02,5950.0,1.387,1.094
Kepler-111 c,Kepler-111,Transit,1,352.2,2.48,352.2,0.176,0.237,5914.0,1.145,1.118
Kepler-1126 c,Kepler-1126,Transit,1,305.0,2.06,305.0,0.0,-0.4,5678.0,0.921,0.794
Kepler-1162 c,Kepler-1162,Transit,1,401.0,6.14,401.0,0.0,0.14,5225.0,0.859,0.861
Kepler-117 b,Kepler-117,Transit,1,984.0,,984.0,0.0493,-0.04,6150.0,1.606,1.129
Kepler-117 c,Kepler-117,Transit,1,704.0,,704.0,0.0323,-0.04,6150.0,1.606,1.129
Kepler-1181 c,Kepler-1181,Transit,1,1124.0,377.25,1124.0,0.0,0.07,6688.0,1.347,1.336
Kepler-12 b,Kepler-12,Transit,1,1480.0,,1480.0,,0.07,5947.0,1.483,1.166
Kepler-130 c,Kepler-130,Transit,1,683.0,,683.0,0.0,0.02,5879.0,1.17,1.0
Kepler-138 b,Kepler-138,Transit,1,452.0,9.9,452.0,0.02,-0.18,3841.0,0.535,0.535
Kepler-138 c,Kepler-138,Transit,1,410.0,6.8,410.0,0.017,-0.18,3841.0,0.535,0.535
Kepler-138 d,Kepler-138,Transit,1,345.0,3.4,345.0,0.01,-0.18,3841.0,0.535,0.535
Kepler-138 e,Kepler-138,Transit Timing Variations,1,292.0,1.73,292.0,0.112,-0.18,3841.0,0.535,0.535
Kepler-1471 c,Kepler-1471,Transit,1,841.0,118.5,841.0,0.0,0.16,5533.0,1.166,0.934
Kepler-1487 c,Kepler-1487,Transit,1,991.0,227.68,991.0,0.0,0.4,5745.0,3.955,1.801
Kepler-1491 c,Kepler-1491,Transit,1,530.0,18.66,530.0,0.0,0.14,5626.0,1.389,0.991
Kepler-1514 b,Kepler-1514,Transit,1,387.9,3.23,387.9,0.401,0.119,6145.0,1.289,1.196
Kepler-1514 c,Kepler-1514,Transit,1,1066.0,193.0,1066.0,0.32,0.119,6145.0,1.289,1.196
Kepler-1518 c,Kepler-1518,Transit,1,1094.0,338.33,1094.0,0.0,-0.34,6432.0,1.345,1.06
Kepler-1610 c,Kepler-1610,Transit,1,433.0,8.34,433.0,0.0,-0.1,5295.0,0.8,0.825
Kepler-164 e,Kepler-164,Transit,1,429.0,7.99,429.0,0.0,-0.1,5888.0,1.097,0.966
Kepler-1649 b,Kepler-1649,Transit,1,307.0,2.208,307.0,,-0.15,3240.0,0.2317,0.1977
Kepler-1649 c,Kepler-1649,Transit,1,234.0,0.75,234.0,,-0.15,3240.0,0.2317,0.1977
Kepler-1652 b,Kepler-1652,Transit,1,268.0,0.81,268.0,,-0.3,3638.0,0.382,0.404
Kepler-1653 b,Kepler-1653,Transit,1,284.0,0.98,284.0,,-0.18,4807.0,0.693,0.719
Kepler-1654 b,Kepler-1654,Transit,1,206.0,0.3,206.0,0.26,-0.088,5597.0,1.179,1.011
Kepler-1655 b,Kepler-1655,Transit,1,938.0,129.1,938.0,0.19,-0.24,6148.0,1.03,1.03
Kepler-1661 b,Kepler-1661,Transit,1,243.0,0.88,243.0,0.057,-0.12,5100.0,0.762,0.841
Kepler-1669 d,Kepler-1669,Transit,1,669.0,47.3,669.0,0.0,-0.2,4224.0,0.603,0.609
Kepler-167 b,Kepler-167,Transit,1,918.0,,918.0,0.0,0.02,4884.0,0.749,0.777
Kepler-167 c,Kepler-167,Transit,1,771.0,,771.0,0.0,0.02,4884.0,0.749,0.777
Kepler-167 d,Kepler-167,Transit,1,538.0,,538.0,0.0,0.02,4884.0,0.749,0.777
Kepler-167 e,Kepler-167,Transit,1,134.4,,134.4,0.29,0.02,4884.0,0.749,0.777
Kepler-17 b,Kepler-17,Transit,1,1570.0,,1570.0,0.011,0.26,5781.0,1.01034,1.04
Kepler-1704 b,Kepler-1704,Transit,1,253.8,0.342,253.8,0.92,0.196,5746.0,1.697,1.132
Kepler-1708 b,Kepler-1708,Transit,1,,0.561,241.02712186136642,0.4,0.0,6157.0,1.117,1.088
Kepler-177 b,Kepler-177,Transit,1,,30.4,653.9485714708184,0.0,-0.11,5732.0,1.324,0.921
Kepler-177 c,Kepler-177,Transit,1,,25.4,625.221103560869,0.0,-0.11,5732.0,1.324,0.921
Kepler-1801 c,Kepler-1801,Transit,1,371.0,4.47,371.0,0.0,-0.06,5738.0,0.981,0.936
Kepler-1814 c,Kepler-1814,Transit,1,1711.0,2011.27,1711.0,0.0,0.2,4922.0,0.823,0.79
Kepler-1834 c,Kepler-1834,Transit,1,1541.0,1334.22,1541.0,0.0,0.16,4821.0,0.788,0.765
Kepler-1859 c,Kepler-1859,Transit,1,1327.0,732.82,1327.0,0.0,0.16,5887.0,1.235,1.09
Kepler-186 f,Kepler-186,Transit,1,,0.3,206.11306105110145,0.04,-0.26,3755.0,0.523,0.544
Kepler-1869 c,Kepler-1869,Transit,1,1455.0,1056.84,1455.0,0.0,-0.06,5808.0,0.902,0.987
Kepler-1876 b,Kepler-1876,Transit,1,1299.0,475.0,1299.0,0.098,0.01,6104.0,1.477,1.187
Kepler-1894 c,Kepler-1894,Transit,1,1007.0,243.06,1007.0,0.0,0.0,5772.0,0.901,0.999
Kepler-19 b,Kepler-19,Transit,1,851.0,87.6,851.0,0.41,-0.13,5541.0,0.859,0.936
Kepler-1921 c,Kepler-1921,Transit,1,1791.0,2436.47,1791.0,0.0,0.02,6120.0,2.0,1.251
Kepler-1976 b,Kepler-1976,Transit Timing Variations,1,1103.0,349.4,1103.0,0.0,0.1,5712.0,1.082,0.976
Kepler-1977 b,Kepler-1977,Transit,1,798.0,95.61,798.0,0.0,-0.06,4805.0,0.688,0.769
Kepler-1978 b,Kepler-1978,Transit,1,676.0,49.3,676.0,0.0,-0.04,5251.0,0.778,0.869
Kepler-1979 b,Kepler-1979,Transit,1,683.0,51.32,683.0,0.0,-0.06,5942.0,0.938,1.028
Kepler-1980 b,Kepler-1980,Transit,1,564.0,23.95,564.0,0.0,0.14,5819.0,0.99,1.049
Kepler-1981 b,Kepler-1981,Transit,1,390.0,5.45,390.0,0.0,0.12,5874.0,3.006,1.519
Kepler-1982 b,Kepler-1982,Transit,1,1282.0,638.38,1282.0,0.0,0.21,6202.0,1.122,1.213
Kepler-1983 b,Kepler-1983,Transit,1,807.0,100.13,807.0,0.0,0.12,5135.0,0.874,0.812
Kepler-1984 b,Kepler-1984,Transit,1,675.0,48.82,675.0,0.0,-0.14,3638.0,0.42,0.45
Kepler-1985 b,Kepler-1985,Transit,1,1129.0,382.68,1129.0,0.0,0.14,5370.0,0.966,0.877
Kepler-1986 b,Kepler-1986,Transit,1,579.0,26.62,579.0,0.0,-0.54,5549.0,0.732,0.776
Kepler-1987 b,Kepler-1987,Transit,1,997.0,233.38,997.0,0.0,0.12,4769.0,0.714,0.799
Kepler-1987 c,Kepler-1987,Transit,1,860.0,129.44,860.0,0.0,0.12,4769.0,0.714,0.799
Kepler-1987 d,Kepler-1987,Transit,1,744.0,72.38,744.0,0.0,0.12,4769.0,0.714,0.799
Kepler-1987 e,Kepler-1987,Transit,1,643.0,40.33,643.0,0.0,0.12,4769.0,0.714,0.799
Kepler-1988 b,Kepler-1988,Transit,1,1105.0,351.79,1105.0,0.0,-0.1,6033.0,1.788,1.127
Kepler-1989 b,Kepler-1989,Transit,1,904.0,157.97,904.0,0.0,-0.14,6032.0,1.06,0.999
Kepler-1990 b,Kepler-1990,Transit,1,1554.0,1372.87,1554.0,0.0,0.21,5751.0,1.071,1.028
Kepler-1990 c,Kepler-1990,Transit,1,1170.0,442.08,1170.0,0.0,0.21,5751.0,1.071,1.028
Kepler-1991 b,Kepler-1991,Transit,1,760.0,78.79,760.0,0.0,0.16,5478.0,1.053,0.914
Kepler-1991 c,Kepler-1991,Transit,1,634.0,38.27,634.0,0.0,0.16,5478.0,1.053,0.914
Kepler-1992 b,Kepler-1992,Transit,1,637.0,38.99,637.0,0.0,0.0,5383.0,0.842,0.874
Kepler-1993 b,Kepler-1993,Transit,1,903.0,157.45,903.0,0.0,-0.04,5159.0,3.062,1.373
Kepler-1994 b,Kepler-1994,Transit,1,1032.0,268.27,1032.0,0.0,0.16,5495.0,0.961,0.932
Kepler-1995 b,Kepler-1995,Transit,1,375.0,4.66,375.0,0.0,0.48,5029.0,0.93,0.847
Kepler-1996 b,Kepler-1996,Transit,1,392.0,5.61,392.0,0.0,0.08,4580.0,0.675,0.748
Kepler-1996 c,Kepler-1996,Transit,1,276.0,1.38,276.0,0.0,0.08,4580.0,0.675,0.748
Kepler-1997 b,Kepler-1997,Transit,1,660.0,44.86,660.0,0.0,-0.06,6215.0,1.052,1.111
Kepler-1998 b,Kepler-1998,Transit,1,1187.0,468.31,1187.0,0.0,0.06,5640.0,0.921,0.962
Kepler-1999 b,Kepler-1999,Transit,1,577.0,26.17,577.0,0.0,-0.24,4406.0,0.628,0.632
Kepler-20 b,Kepler-20,Transit,1,1187.0,331.0,1187.0,0.083,0.07,5495.0,0.9164,0.929
Kepler-20 c,Kepler-20,Transit,1,828.0,78.7,828.0,0.076,0.07,5495.0,0.9164,0.929
Kepler-20 d,Kepler-20,Transit,1,430.0,5.71,430.0,0.082,0.07,5495.0,0.9164,0.929
Kepler-20 e,Kepler-20,Transit,1,1004.0,169.8,1004.0,0.092,0.07,5495.0,0.9164,0.929
Kepler-20 f,Kepler-20,Transit,1,681.0,35.9,681.0,0.094,0.07,5495.0,0.9164,0.929
Kepler-20 g,Kepler-20,Radial Velocity,1,524.0,,524.0,0.15,0.07,5495.0,0.9639,0.948
Kepler-2000 b,Kepler-2000,Transit,1,530.0,18.73,530.0,0.0,0.48,3757.0,0.576,0.581
Kepler-2000 c,Kepler-2000,Transit,1,359.0,3.92,359.0,0.0,0.48,3757.0,0.576,0.581
Kepler-2001 b,Kepler-2001,Transit,1,1402.0,911.28,1402.0,0.0,0.12,5081.0,0.77,0.864
Kepler-2001 c,Kepler-2001,Transit,1,597.0,30.1,597.0,0.0,0.12,5081.0,0.77,0.864
Kepler-21 b,Kepler-21,Transit,1,2015.0,2749.0,2015.0,0.0,-0.03,6305.0,1.902,1.408
Kepler-22 b,Kepler-22,Transit,1,279.0,1.013,279.0,0.72,-0.255,5596.0,0.869,0.857
Kepler-26 b,Kepler-26,Transit,1,,7.6,462.4114694342712,,-0.13,3914.0,0.512,0.544
Kepler-26 c,Kepler-26,Transit,1,,4.82,412.65485499787445,,-0.13,3914.0,0.512,0.544
Kepler-29 b,Kepler-29,Transit,1,,55.9,761.5144549853139,0.0,-0.44,5378.0,0.732,0.761
Kepler-29 c,Kepler-29,Transit,1,,34.4,674.4733745128166,0.0,-0.44,5378.0,0.732,0.761
Kepler-290 d,Kepler-290,Transit,1,1589.0,1503.79,1589.0,0.0,-0.06,5142.0,0.755,0.84
Kepler-296 b,Kepler-296,Transit,1,,6.5,444.6860838097826,0.33,-0.08,3740.0,0.48,0.498
Kepler-296 c,Kepler-296,Transit,1,,14.8,546.2489665779458,0.33,-0.08,3740.0,0.48,0.498
Kepler-296 d,Kepler-296,Transit,1,,2.9,363.43328447743676,0.33,-0.08,3740.0,0.48,0.498
Kepler-296 e,Kepler-296,Transit,1,,1.41,303.4799317154854,0.33,-0.08,3740.0,0.48,0.498
Kepler-296 f,Kepler-296,Transit,1,,0.62,247.1286643079011,0.33,-0.08,3740.0,0.48,0.498
Kepler-297 d,Kepler-297,Transit,1,325.0,2.62,325.0,0.0,-0.22,5618.0,0.897,0.846
Kepler-307 b,Kepler-307,Transit,1,,59.7,774.1387061660607,,0.19,5367.0,0.814,0.907
Kepler-307 c,Kepler-307,Transit,1,,44.0,717.2794171670383,,0.19,5367.0,0.814,0.907
Kepler-311 d,Kepler-311,Transit,1,327.0,2.71,327.0,0.0,-0.1,5903.0,1.156,0.974
Kepler-323 b,Kepler-323,Transit,1,1838.0,1900.0,1838.0,0.095,-0.14,6004.0,1.12,1.015
Kepler-323 c,Kepler-323,Transit,1,1431.0,700.0,1431.0,0.095,-0.14,6004.0,1.12,1.015
Kepler-347 d,Kepler-347,Transit,1,482.0,12.75,482.0,0.0,0.16,5592.0,1.451,1.0
Kepler-36 b,Kepler-36,Transit,1,,247.0,1104.0771907211993,0.0,-0.18,5979.0,1.634,1.034
Kepler-36 c,Kepler-36,Transit,1,,191.0,1035.3413068164693,0.0,-0.18,5979.0,1.634,1.034
Kepler-37 b,Kepler-37,Transit,1,718.0,44.5,718.0,0.098,-0.36,5357.0,0.789,0.79
Kepler-37 c,Kepler-37,Transit,1,615.0,23.9,615.0,0.099,-0.36,5357.0,0.789,0.79
Kepler-37 d,Kepler-37,Transit,1,499.0,10.39,499.0,0.1,-0.36,5357.0,0.789,0.79
Kepler-38 b,Kepler-38,Transit,1,475.0,,475.0,0.032,-0.11,5623.0,1.752,0.941
Kepler-39 b,Kepler-39,Transit,1,897.0,,897.0,0.112,0.1,6350.0,1.4,1.29
Kepler-4 b,Kepler-4,Transit,1,1650.0,,1650.0,0.0,0.17,5857.0,1.487,1.223
Kepler-40 b,Kepler-40,Transit,1,1620.0,,1620.0,0.0,0.1,6510.0,2.13,1.48
Kepler-409 b,Kepler-409,Transit,1,438.0,6.15,438.0,0.69,0.05,5421.0,0.897,0.913
Kepler-41 b,Kepler-41,Transit,1,1790.0,,1790.0,0.0,0.38,5750.0,1.29,1.15
Kepler-411 b,Kepler-411,Transit,1,1138.0,,1138.0,0.146,,,0.82,0.87
Kepler-411 c,Kepler-411,Transit,1,838.0,,838.0,0.108,,,0.82,0.87
Kepler-411 d,Kepler-411,Transit,1,410.0,,410.0,0.128,,,0.82,0.87
Kepler-411 e,Kepler-411,Transit Timing Variations,1,503.0,,503.0,0.016,,,0.82,0.87
Kepler-412 b,Kepler-412,Transit,1,1850.0,,1850.0,,0.27,5750.0,1.287,1.167
Kepler-416 d,Kepler-416,Transit,1,1253.0,583.25,1253.0,0.0,0.06,5670.0,1.022,0.949
Kepler-42 b,Kepler-42,Transit,1,519.0,,519.0,,-0.33,3068.0,0.17,0.13
Kepler-42 c,Kepler-42,Transit,1,720.0,,720.0,,-0.33,3068.0,0.17,0.13
Kepler-42 d,Kepler-42,Transit,1,450.0,,450.0,,-0.33,3068.0,0.17,0.13
Kepler-421 b,Kepler-421,Transit,1,185.0,,185.0,0.041,-0.25,5308.0,0.757,0.794
Kepler-423 b,Kepler-423,Transit,1,1605.0,,1605.0,0.019,-0.1,5560.0,0.95,0.85
Kepler-425 b,Kepler-425,Transit,1,1070.0,,1070.0,0.33,0.24,5170.0,0.86,0.93
Kepler-426 b,Kepler-426,Transit,1,1300.0,,1300.0,0.18,-0.21,5725.0,0.92,0.91
Kepler-427 b,Kepler-427,Transit,1,1100.0,,1100.0,0.57,-0.19,5800.0,1.35,0.96
Kepler-428 b,Kepler-428,Transit,1,1070.0,,1070.0,0.22,0.09,5150.0,0.8,0.87
Kepler-43 b,Kepler-43,Transit,1,1620.0,,1620.0,,0.33,6041.0,1.42,1.32
Kepler-430 b,Kepler-430,Transit,1,667.0,,667.0,,0.2,5884.0,1.485,1.166
Kepler-430 c,Kepler-430,Transit,1,458.0,,458.0,,0.2,5884.0,1.485,1.166
Kepler-431 b,Kepler-431,Transit,1,1032.0,,1032.0,,0.07,6004.0,1.092,1.071
Kepler-431 c,Kepler-431,Transit,1,951.0,,951.0,,0.07,6004.0,1.092,1.071
Kepler-431 d,Kepler-431,Transit,1,856.0,,856.0,,0.07,6004.0,1.092,1.071
Kepler-433 b,Kepler-433,Transit,1,1776.0,,1776.0,0.119,-0.01,6360.0,2.26,1.46
Kepler-434 b,Kepler-434,Transit,1,1000.0,,1000.0,0.131,0.25,5977.0,1.38,1.198
Kepler-435 b,Kepler-435,Transit,1,1729.0,,1729.0,0.114,-0.18,6161.0,3.21,1.538
Kepler-436 b,Kepler-436,Transit,1,,1.69,317.53885589010997,0.19,0.01,4651.0,0.697,0.729
Kepler-437 b,Kepler-437,Transit,1,,2.15,337.2366872564083,0.02,0.0,4551.0,0.68,0.707
Kepler-438 b,Kepler-438,Transit,1,,1.4,302.9404097035317,0.03,0.16,3748.0,0.52,0.544
Kepler-439 b,Kepler-439,Transit,1,,1.83,323.92015527328067,0.03,0.02,5431.0,0.866,0.884
Kepler-44 b,Kepler-44,Transit,1,1544.0,,1544.0,0.066,0.15,5800.0,1.35,1.12
Kepler-440 b,Kepler-440,Transit,1,,1.2,291.4878863207014,0.34,-0.3,4134.0,0.559,0.575
Kepler-441 b,Kepler-441,Transit,1,,0.21,188.5298071117903,0.1,-0.57,4340.0,0.55,0.572
Kepler-442 b,Kepler-442,Transit,1,,0.66,251.02165200435908,0.04,-0.37,4402.0,0.598,0.609
Kepler-443 b,Kepler-443,Transit,1,,0.86,268.1944660413898,0.11,-0.01,4723.0,0.706,0.738
Kepler-45 b,Kepler-45,Transit,1,1000.0,,1000.0,0.11,0.28,3820.0,0.55,0.59
Kepler-452 b,Kepler-452,Transit,1,265.0,1.1,265.0,,0.21,5757.0,1.11,1.037
Kepler-454 b,Kepler-454,Transit,1,916.0,117.7,916.0,0.32,0.32,5687.0,1.066,1.03
Kepler-46 b,Kepler-46,Transit,1,543.0,,543.0,0.01,0.41,5155.0,0.938,0.902
Kepler-46 c,Kepler-46,Transit Timing Variations,1,455.0,,455.0,0.0146,0.41,5155.0,0.938,0.902
Kepler-5 b,Kepler-5,Transit,1,1750.0,,1750.0,,0.04,6297.0,1.793,1.374
Kepler-51 b,Kepler-51,Transit,1,543.0,,543.0,0.04,,6018.0,0.94,1.04
Kepler-51 c,Kepler-51,Transit,1,439.0,,439.0,0.014,,6018.0,0.94,1.04
Kepler-51 d,Kepler-51,Transit,1,381.0,,381.0,0.008,,6018.0,0.94,1.04
Kepler-538 b,Kepler-538,Transit,1,417.0,5.07,417.0,0.21,-0.09,5534.0,0.8717,0.892
Kepler-539 b,Kepler-539,Transit,1,387.6,,387.6,0.39,-0.01,5820.0,0.952,1.048
Kepler-539 c,Kepler-539,Transit Timing Variations,1,253.0,,253.0,0.5,-0.01,5820.0,0.952,1.048
Kepler-549 d,Kepler-549,Transit,1,586.0,27.93,586.0,0.0,0.16,5312.0,0.986,0.859
Kepler-553 b,Kepler-553,Transit,1,1089.0,235.0,1089.0,,0.152,5191.0,0.902,0.889
Kepler-553 c,Kepler-553,Transit,1,251.0,0.589,251.0,0.346,0.152,5191.0,0.902,0.889
Kepler-58 e,Kepler-58,Transit,1,1212.0,511.6,1212.0,0.0,-0.12,6100.0,1.083,1.017
Kepler-6 b,Kepler-6,Transit,1,1460.0,,1460.0,,0.34,5647.0,1.391,1.209
Kepler-60 b,Kepler-60,Transit,1,,318.0,1176.0667711815838,,-0.09,5905.0,1.257,1.041
Kepler-60 c,Kepler-60,Transit,1,,236.0,1091.574044014076,,-0.09,5905.0,1.257,1.041
Kepler-60 d,Kepler-60,Transit,1,,161.0,992.0456760334833,,-0.09,5905.0,1.257,1.041
Kepler-61 b,Kepler-61,Transit,1,273.0,,273.0,0.25,0.03,4017.0,0.62,0.635
Kepler-619 d,Kepler-619,Transit,1,830.0,112.07,830.0,0.0,-0.18,6122.0,0.964,1.041
Kepler-62 b,Kepler-62,Transit,1,750.0,,750.0,,-0.37,4925.0,0.64,0.69
Kepler-62 c,Kepler-62,Transit,1,578.0,,578.0,,-0.37,4925.0,0.64,0.69
Kepler-62 d,Kepler-62,Transit,1,510.0,,510.0,,-0.37,4925.0,0.64,0.69
Kepler-62 e,Kepler-62,Transit,1,270.0,,270.0,,-0.37,4925.0,0.64,0.69
Kepler-62 f,Kepler-62,Transit,1,208.0,,208.0,,-0.37,4925.0,0.64,0.69
Kepler-656 c,Kepler-656,Transit,1,975.0,213.25,975.0,0.0,0.46,5550.0,0.954,1.05
Kepler-68 b,Kepler-68,Transit,1,1275.0,441.0,1275.0,0.09,0.11,5847.0,1.2564,1.057
Kepler-68 c,Kepler-68,Transit,1,1052.0,204.0,1052.0,0.099,0.11,5847.0,1.2564,1.057
Kepler-69 b,Kepler-69,Transit,1,779.0,,779.0,0.16,-0.29,5638.0,0.93,0.81
Kepler-69 c,Kepler-69,Transit,1,299.0,,299.0,0.14,-0.29,5638.0,0.93,0.81
Kepler-7 b,Kepler-7,Transit,1,1630.0,,1630.0,,0.11,5933.0,1.966,1.359
Kepler-725 b,Kepler-725,Transit,1,514.0,12.1,514.0,0.231,,5395.0,0.88,0.95
Kepler-725 c,Kepler-725,Transit Timing Variations,1,268.0,1.4,268.0,0.436,,5395.0,0.88,0.95
Kepler-730 b,Kepler-730,Transit,1,1219.0,,1219.0,,0.21,5620.0,1.411,1.047
Kepler-730 c,Kepler-730,Transit,1,1607.0,,1607.0,,0.21,5620.0,1.411,1.047
Kepler-74 b,Kepler-74,Transit,1,1078.0,,1078.0,0.0,0.42,6000.0,1.12,1.18
Kepler-75 b,Kepler-75,Transit,1,767.0,,767.0,0.57,0.3,5200.0,0.89,0.91
Kepler-76 b,Kepler-76,Orbital Brightness Modulation,1,2140.0,,2140.0,,-0.1,6409.0,1.32,1.2
Kepler-763 c,Kepler-763,Transit,1,938.0,182.9,938.0,0.0,0.18,4999.0,0.843,0.8
Kepler-763 d,Kepler-763,Transit,1,804.0,98.81,804.0,0.0,0.18,4999.0,0.843,0.8
Kepler-77 b,Kepler-77,Transit,1,1440.0,,1440.0,0.0,0.2,5520.0,0.99,0.95
Kepler-78 b,Kepler-78,Transit,1,2223.0,4070.0,2223.0,0.0,-0.18,5058.0,0.7475,0.779
Kepler-784 c,Kepler-784,Transit,1,844.0,119.87,844.0,0.0,0.1,5676.0,1.487,1.016
Kepler-8 b,Kepler-8,Transit,1,1680.0,,1680.0,,-0.055,6213.0,1.486,1.213
Kepler-80 g,Kepler-80,Transit,1,418.0,,418.0,,0.04,4540.0,0.678,0.83
Kepler-849 b,Kepler-849,Transit,1,362.7,2.86,362.7,0.078,0.145,5950.0,1.822,1.259
Kepler-864 c,Kepler-864,Transit,1,1532.0,1305.04,1532.0,0.0,0.36,6213.0,1.195,1.27
Kepler-865 c,Kepler-865,Transit,1,914.0,164.98,914.0,0.0,-0.24,5440.0,0.885,0.782
Kepler-87 b,Kepler-87,Transit,1,478.0,,478.0,0.036,-0.17,5600.0,1.82,1.1
Kepler-87 c,Kepler-87,Transit,1,403.0,,403.0,0.039,-0.17,5600.0,1.82,1.1
Kepler-880 c,Kepler-880,Transit,1,1407.0,926.72,1407.0,0.0,0.0,6900.0,2.599,1.714
Kepler-896 c,Kepler-896,Transit,1,515.0,16.56,515.0,0.0,-0.16,5510.0,0.803,0.877
Kepler-9 d,Kepler-9,Transit,1,2026.0,,2026.0,,0.12,5777.0,1.02,1.07
Kepler-90 i,KOI-351,Transit,1,709.0,,709.0,,0.098,6015.0,1.29,1.12
Kepler-91 b,Kepler-91,Transit,1,2040.0,,2040.0,,0.11,4550.0,6.3,1.31
Kepler-93 b,Kepler-93,Transit,1,1133.0,275.0,1133.0,0.0,-0.18,5669.0,0.919,0.911
Kepler-949 c,Kepler-949,Transit,1,582.0,27.2,582.0,0.0,0.08,5211.0,0.895,0.817
Kepler-975 c,Kepler-975,Transit,1,1168.0,439.8,1168.0,0.0,0.56,4883.0,1.667,0.951
L 168-9 b,L 168-9,Transit,1,998.0,,998.0,0.0,-0.03,3842.0,0.604,0.614
L 363-38 b,L 363-38,Radial Velocity,1,330.0,,330.0,,,3129.0,0.274,0.21
L 98-59 b,L 98-59,Transit,1,620.0,24.5,620.0,0.031,-0.46,3415.0,0.3155,0.2923
L 98-59 c,L 98-59,Transit,1,526.0,12.7,526.0,0.002,-0.46,3415.0,0.3155,0.2923
L 98-59 d,L 98-59,Transit,1,416.0,4.97,416.0,0.006,-0.46,3415.0,0.3155,0.2923
L 98-59 e,L 98-59,Radial Velocity,1,347.0,2.4,347.0,0.012,-0.46,3415.0,0.3155,0.2923
L 98-59 f,L 98-59,Radial Velocity,1,285.0,1.1,285.0,0.044,-0.46,3415.0,0.3155,0.2923
LHS 1140 b,LHS 1140,Transit,1,226.0,0.43,226.0,0.043,-0.15,3096.0,0.2159,0.1844
LHS 1140 c,LHS 1140,Transit,1,422.0,5.3,422.0,0.05,-0.15,3096.0,0.2159,0.1844
LHS 1478 b,LHS 1478,Transit,1,595.0,,595.0,,-0.13,3381.0,0.246,0.236
LHS 1678 b,LHS 1678,Transit,1,,94.3,867.8668955639865,0.033,,3490.0,0.329,0.345
LHS 1678 c,LHS 1678,Transit,1,,13.5,533.8369635977607,0.039,,3490.0,0.329,0.345
LHS 1678 d,LHS 1678,Transit,1,,9.1,483.71053651272734,0.036,,3490.0,0.329,0.345
LHS 3844 b,LHS 3844,Transit,1,805.0,70.1,805.0,,,3036.0,0.189,0.151
LHS 475 b,LHS 475,Transit,1,586.0,,586.0,,,3300.0,0.2789,0.262
LP 261-75 b,LP 261-75 A,Imaging,1,1500.0,,1500.0,,,,,0.22
LP 714-47 b,LP 714-47,Transit,1,700.0,,700.0,0.04,0.41,3950.0,0.584,0.59
LP 791-18 b,LP 791-18,Transit,1,564.3,24.14,564.3,,-0.09,2960.0,0.182,0.139
LP 791-18 c,LP 791-18,Transit,1,324.4,2.637,324.4,8e-05,-0.09,2960.0,0.182,0.139
LP 791-18 d,LP 791-18,Transit,1,395.5,5.83,395.5,0.0015,-0.09,2960.0,0.182,0.139
LP 890-9 b,LP 890-9,Transit,1,396.0,4.09,396.0,,-0.028,2850.0,0.1556,0.118
LP 890-9 c,LP 890-9,Transit,1,272.0,0.906,272.0,,-0.028,2850.0,0.1556,0.118
LTT 1445 A b,LTT 1445 A,Transit,1,555.0,,555.0,,-0.34,3340.0,0.265,0.257
LTT 1445 A c,LTT 1445 A,Transit,1,508.0,10.9,508.0,0.223,-0.34,3340.0,0.265,0.257
LTT 3780 b,LTT 3780,Transit,1,903.0,111.0,903.0,0.0,0.06,3358.0,0.38,0.381
LTT 3780 c,LTT 3780,Transit,1,359.0,2.76,359.0,0.024,0.06,3358.0,0.38,0.381
LTT 9779 b,LTT 9779,Transit,1,1978.0,,1978.0,0.0,0.27,5443.0,0.949,1.02
MASCARA-1 b,MASCARA-1,Transit,1,2594.3,,2594.3,0.00034,0.15,7490.0,2.082,1.9
MASCARA-4 b,MASCARA-4,Transit,1,2250.0,,2250.0,,,7800.0,1.79,1.75
MWC 758 c,MWC 758,Imaging,1,500.0,,500.0,,,,,1.5
NGC 2682 Sand 1429 b,NGC 2682 Sand 1429,Radial Velocity,1,683.0,,683.0,0.0,-0.013,6000.0,2.13,1.26
NGTS-1 b,NGTS-1,Transit,1,790.0,65.3,790.0,0.016,0.0,3916.0,0.573,0.617
NGTS-10 b,NGTS-10,Transit,1,1332.0,,1332.0,0.0,-0.02,4600.0,0.697,0.696
NGTS-11 b,NGTS-11,Transit,1,435.0,,435.0,0.13,0.22,5050.0,0.832,0.862
NGTS-12 b,NGTS-12,Transit,1,1257.0,416.0,1257.0,0.0,-0.03,5690.0,1.589,1.021
NGTS-13 b,NGTS-13,Transit,1,1605.0,1096.0,1605.0,0.086,0.25,5819.0,1.788,1.3
NGTS-14 A b,NGTS-14 A,Transit,1,1143.0,,1143.0,0.0,0.1,5187.0,0.842,0.898
NGTS-15 b,NGTS-15,Transit,1,1146.0,425.0,1146.0,0.0,0.15,5600.0,0.954,0.995
NGTS-16 b,NGTS-16,Transit,1,1177.0,480.0,1177.0,0.0,0.35,5550.0,1.213,1.002
NGTS-17 b,NGTS-17,Transit,1,1457.0,1160.0,1457.0,0.0,0.15,5650.0,1.337,1.025
NGTS-18 b,NGTS-18,Transit,1,1381.0,845.0,1381.0,0.0,0.15,5610.0,1.392,1.003
NGTS-2 b,NGTS-2,Transit,1,1468.0,,1468.0,0.0,-0.06,6478.0,1.702,1.64
NGTS-20 b,NGTS-20,Transit,1,688.0,,688.0,0.432,0.15,5980.0,1.78,1.47
NGTS-21 b,NGTS-21,Transit,1,1357.0,,1357.0,0.0,-0.26,4660.0,0.86,0.72
NGTS-23 b,NGTS-23,Transit,1,1327.0,,1327.0,0.0,-0.26,6057.0,1.24,1.01
NGTS-24 b,NGTS-24,Transit,1,1499.0,,1499.0,0.0,0.27,5820.0,1.64,1.26
NGTS-25 b,NGTS-25,Transit,1,1101.0,,1101.0,0.0,0.12,5321.0,0.86,0.91
NGTS-26 b,NGTS-26,Transit,1,1331.0,523.0,1331.0,0.0,0.2,5550.0,1.16,0.96
NGTS-27 b,NGTS-27,Transit,1,1783.0,1680.0,1783.0,0.0,0.0,5700.0,1.77,1.07
NGTS-30 b,NGTS-30,Transit,1,500.0,,500.0,0.294,-0.03,5455.0,0.913,0.94
NGTS-33 b,NGTS-33,Transit,1,1991.0,2620.0,1991.0,0.0,-0.11,7437.0,1.47,1.6
NGTS-4 b,NGTS-4,Transit,1,1650.0,,1650.0,0.0,-0.28,5143.0,0.84,0.75
NGTS-5 b,NGTS-5,Transit,1,952.0,,952.0,0.0,0.12,4987.0,0.739,0.661
NGTS-6 b,NGTS-6,Transit,1,1283.9,,1283.9,0.0,0.11,4730.0,0.754,0.767
NGTS-8 b,NGTS-8,Transit,1,1345.0,503.0,1345.0,0.01,0.24,5241.0,0.98,0.89
NGTS-9 b,NGTS-9,Transit,1,1448.0,729.0,1448.0,0.06,0.31,6330.0,1.38,1.34
OGLE-2005-BLG-071L b,OGLE-2005-BLG-071L,Microlensing,1,55.0,,55.0,,,,,0.46
OGLE-2005-BLG-390L b,OGLE-2005-BLG-390L,Microlensing,1,50.0,,50.0,,,,,0.22
OGLE-TR-132 b,OGLE-TR-132,Transit,1,2013.0,,2013.0,,0.37,6210.0,1.32,1.305
OGLE-TR-56 b,OGLE-TR-56,Transit,1,2212.0,,2212.0,,,6050.0,1.363,1.228
Oph 11 b,Oph 11,Imaging,1,2175.0,,2175.0,,,2375.0,,0.016
PDS 70 b,PDS 70,Imaging,1,1204.0,,1204.0,0.19,,3972.0,,
PDS 70 c,PDS 70,Imaging,1,995.0,,995.0,0.11,,3972.0,,
PH1 b,PH1,Transit,1,481.0,,481.0,0.0702,0.21,6407.0,1.734,1.528
PH2 b,PH2,Transit,1,295.1,1.2,295.1,0.215,0.017,5734.0,0.949,0.966
Proxima Cen b,Proxima Cen,Radial Velocity,1,218.0,0.641,218.0,0.0,,2900.0,0.141,0.1221
Proxima Cen d,Proxima Cen,Radial Velocity,1,282.0,1.814,282.0,0.0,,2900.0,0.141,0.1221
Qatar-1 b,Qatar-1,Transit,1,1418.0,,1418.0,0.0,0.171,5013.0,0.803,0.838
Qatar-10 b,Qatar-10,Transit,1,1955.0,,1955.0,0.0,0.016,6124.0,1.254,1.156
Qatar-2 b,Qatar-2,Transit,1,1344.0,,1344.0,0.0,0.02,4645.0,0.776,0.743
Qatar-3 b,Qatar-3,Transit,1,1681.0,1330.0,1681.0,0.0,-0.041,6007.0,1.272,1.145
Qatar-4 b,Qatar-4,Transit,1,1385.0,614.0,1385.0,0.0,0.103,5215.0,0.849,0.896
Qatar-5 b,Qatar-5,Transit,1,1415.0,669.0,1415.0,0.0,0.377,5747.0,1.076,1.128
Qatar-6 b,Qatar-6,Transit,1,1006.0,,1006.0,0.0,-0.025,5052.0,0.722,0.822
Qatar-7 b,Qatar-7,Transit,1,2053.0,,2053.0,0.0,0.276,6387.0,1.564,1.409
Qatar-8 b,Qatar-8,Transit,1,1457.0,,1457.0,0.0,0.025,5738.0,1.315,1.029
Qatar-9 b,Qatar-9,Transit,1,1134.0,,1134.0,0.0,0.252,4309.0,0.696,0.719
ROXs 42 B b,ROXs 42 B,Imaging,1,1975.0,,1975.0,,,,,1.0
Ross 128 b,Ross 128,Radial Velocity,1,301.0,1.38,301.0,0.116,-0.02,3192.0,0.1967,0.168
Ross 176 b,Ross 176,Transit,1,682.0,36.2,682.0,0.25,-0.19,4041.0,0.569,0.577
SPECULOOS-3 b,SPECULOOS-3,Transit,1,553.0,15.54,553.0,,0.07,2800.0,0.123,0.1009
TIC 139270665 b,TIC 139270665,Transit,1,703.0,40.3,703.0,0.105,0.156,5844.0,1.016,1.035
TIC 139270665 c,TIC 139270665,Radial Velocity,1,200.0,0.21,200.0,0.566,0.156,5844.0,1.016,1.035
TIC 237913194 b,TIC 237913194,Transit,1,974.0,,974.0,0.575,0.14,5788.0,1.088,1.026
TIC 257060897 b,TIC 257060897,Transit,1,1762.0,,1762.0,0.03,,,1.82,1.32
TIC 393818343 b,TIC 393818343,Transit,1,805.5,2.28,805.5,0.6058,0.318,5756.0,1.086,1.082
TIC 434398831 b,TIC 434398831,Transit,1,1250.0,,1250.0,0.04,-0.081,5638.0,0.909,0.992
TIC 434398831 c,TIC 434398831,Transit,1,1050.0,,1050.0,0.013,-0.081,5638.0,0.909,0.992
TIC 46432937 b,TIC 46432937,Transit,1,872.0,,872.0,0.009,0.323,3572.0,0.5299,0.563
TIC 4672985 b,TIC 4672985,Transit,1,517.2,,517.2,0.018,0.14,5757.0,1.15,1.01
TIC 88785435 b,TIC 88785435,Transit,1,635.0,,635.0,0.131,-0.08,3998.0,0.911,0.724
TOI-1052 b,TOI-1052,Transit,1,1135.0,246.0,1135.0,0.18,0.14,6146.0,1.264,1.204
TOI-1052 c,TOI-1052,Radial Velocity,1,719.0,39.7,719.0,0.237,0.14,6146.0,1.264,1.204
TOI-1062 b,TOI-1062,Transit,1,1077.0,232.0,1077.0,0.177,0.14,5328.0,0.84,0.94
TOI-1062 c,TOI-1062,Radial Velocity,1,859.0,95.0,859.0,0.14,0.14,5328.0,0.84,0.94
TOI-1064 b,TOI-1064,Transit,1,784.0,62.9,784.0,0.047,0.05,4734.0,0.726,0.748
TOI-1064 c,TOI-1064,Transit,1,634.0,26.8,634.0,0.088,0.05,4734.0,0.726,0.748
TOI-1075 b,TOI-1075,Transit,1,1323.0,509.2,1323.0,0.0,-0.08,3875.0,0.581,0.604
TOI-1107 b,TOI-1107,Transit,1,1728.0,532.0,1728.0,0.025,-0.1,6311.0,1.81,1.35
TOI-1117 b,TOI-1117,Transit,1,1538.0,928.0,1538.0,0.0,0.136,5635.0,1.05,0.97
TOI-1117 c,TOI-1117,Radial Velocity,1,1210.0,355.0,1210.0,0.0,0.136,5635.0,1.05,0.97
TOI-1117 d,TOI-1117,Radial Velocity,1,978.0,152.0,978.0,0.0,0.136,5635.0,1.05,0.97
TOI-1130 b,TOI-1130,Transit,1,825.0,,825.0,0.052162,0.11,4360.0,0.697,0.745
TOI-1130 c,TOI-1130,Transit,1,650.0,,650.0,0.0398,0.11,4360.0,0.697,0.745
TOI-1135 b,TOI-1135,Transit,1,1074.28,254.894,1074.28,,,5962.7,1.15,1.156039
TOI-1136 b,TOI-1136,Transit,1,1216.0,,1216.0,0.027,0.07,5770.0,0.968,1.022
TOI-1136 c,TOI-1136,Transit,1,1062.0,,1062.0,0.11,0.07,5770.0,0.968,1.022
TOI-1136 d,TOI-1136,Transit,1,843.0,,843.0,0.042,0.07,5770.0,0.968,1.022
TOI-1136 e,TOI-1136,Transit,1,737.0,,737.0,0.0425,0.07,5770.0,0.968,1.022
TOI-1136 f,TOI-1136,Transit,1,658.0,,658.0,0.001,0.07,5770.0,0.968,1.022
TOI-1136 g,TOI-1136,Transit,1,574.0,,574.0,0.04,0.07,5770.0,0.968,1.022
TOI-1173 b,TOI-1173,Transit,1,868.0,132.0,868.0,0.023,0.139,5350.0,0.934,0.911
TOI-1174 b,TOI-1174,Transit,1,,52.02,747.9417677725186,,,5030.0,0.76,0.85
TOI-1180 b,TOI-1180,Transit,1,,36.97,686.7324383988248,,,4738.0,0.73,0.75
TOI-1184 b,TOI-1184,Transit,1,,57.54,767.039384567367,,,4534.0,0.69,0.71
TOI-1194 b,TOI-1194,Transit,1,1264.29,,1264.29,0.0,0.348,5394.0,0.9608,0.9835
TOI-1199 b,TOI-1199,Transit,1,1486.0,,1486.0,0.03,0.44,5710.0,1.45,1.23
TOI-1201 b,TOI-1201,Transit,1,703.0,40.6,703.0,0.0,0.05,3476.0,0.508,0.512
TOI-122 b,TOI-122,Transit,1,471.0,8.8,471.0,0.0,,3403.0,0.334,0.312
TOI-1221 b,TOI-1221,Transit,1,440.0,6.06,440.0,0.21,0.06,5592.0,1.031,0.93
TOI-1224 b,TOI-1224,Transit,1,541.0,,541.0,,,3326.0,0.404,0.4
TOI-1227 b,TOI-1227,Transit,1,,3.21,372.7790159922594,,,3072.0,0.56,0.17
TOI-1231 b,TOI-1231,Transit,1,329.6,1.93,329.6,0.087,0.041,3553.0,0.476,0.485
TOI-1238 b,TOI-1238,Transit,1,1133.0,442.0,1133.0,0.25,0.31,4089.0,0.58,0.59
TOI-1238 c,TOI-1238,Transit,1,695.0,63.0,695.0,0.15,0.31,4089.0,0.58,0.59
TOI-1244 b,TOI-1244,Transit,1,,56.63,763.9885326234979,,,4599.0,0.721,0.73
TOI-1246 b,TOI-1246,Transit,1,955.0,196.0,955.0,,0.17,5151.0,0.86,0.87
TOI-1246 c,TOI-1246,Transit,1,862.49,,862.49,0.0,0.168,5213.0,0.8649,0.8889
TOI-1246 d,TOI-1246,Transit,1,587.77,,587.77,0.0,0.168,5213.0,0.8649,0.8889
TOI-1246 e,TOI-1246,Transit,1,463.98,,463.98,0.0,0.168,5213.0,0.8649,0.8889
TOI-1248 b,TOI-1248,Transit,1,952.09,,952.09,0.0,0.223,5205.0,0.8686,0.9042
TOI-1249 b,TOI-1249,Transit,1,726.89,,726.89,0.0,0.297,5497.0,0.9785,1.0062
TOI-125 b,TOI-125,Transit,1,1037.0,185.0,1037.0,0.194,-0.02,5320.0,0.848,0.859
TOI-125 c,TOI-125,Transit,1,827.8,77.59,827.8,0.066,-0.02,5320.0,0.848,0.859
TOI-125 d,TOI-125,Transit,1,638.1,26.7,638.1,0.168,-0.02,5320.0,0.848,0.859
TOI-1259 A b,TOI-1259 A,Transit,1,963.0,,963.0,0.0,-0.5,4775.0,0.711,0.744
TOI-1260 b,TOI-1260,Transit,1,871.0,95.58,871.0,0.0,-0.1,4227.0,0.672,0.679
TOI-1260 c,TOI-1260,Transit,1,651.0,29.81,651.0,0.0,-0.1,4227.0,0.672,0.679
TOI-1260 d,TOI-1260,Transit,1,499.0,10.32,499.0,0.0,-0.1,4227.0,0.672,0.679
TOI-1266 b,TOI-1266,Transit,1,415.0,,415.0,0.039,-0.109,3563.0,0.4232,0.437
TOI-1266 c,TOI-1266,Transit,1,346.0,,346.0,0.071,-0.109,3563.0,0.4232,0.437
TOI-1266 d,TOI-1266,Transit Timing Variations,1,288.0,,288.0,0.087,-0.109,3563.0,0.4232,0.437
TOI-1268 b,TOI-1268,Transit,1,918.9,,918.9,0.105,0.36,5300.0,0.92,0.96
TOI-1269 b,TOI-1269,Transit,1,1004.9,,1004.9,0.0,-0.049,5499.0,0.8521,0.9027
TOI-1272 b,TOI-1272,Transit,1,975.0,,975.0,0.35,0.182,5065.0,0.7934,0.8772
TOI-1273 b,TOI-1273,Transit,1,1211.0,,1211.0,0.055,0.07,5690.0,1.06,1.06
TOI-1279 b,TOI-1279,Transit,1,759.0,,759.0,0.0,-0.079,5457.0,0.8426,0.8784
TOI-128.01,TOI-128,Transit,1,1344.51,182.406,1344.51,,,6086.0,1.13,0.851969
TOI-1288 b,TOI-1288,Transit,1,1203.44,,1203.44,0.0,0.257,5388.0,0.9583,0.9552
TOI-1294 b,TOI-1294,Transit,1,1392.74,,1392.74,0.0,0.283,5718.0,1.5566,1.1578
TOI-1295 b,TOI-1295,Transit,1,2360.0,1800.0,2360.0,0.024,0.26,6280.0,1.7,1.38
TOI-1296 b,TOI-1296,Transit,1,1414.84,,1414.84,0.0,0.405,5567.0,1.7031,1.1576
TOI-1298 b,TOI-1298,Transit,1,1278.0,,1278.0,0.0,0.397,5752.0,1.4536,1.2187
TOI-1301.01,TOI-1301,Transit,1,,72.55,812.801607212534,,,4820.0,0.732,0.77
TOI-132 b,TOI-132,Transit,1,1395.0,860.0,1395.0,0.059,0.16,5397.0,0.9,0.97
TOI-1333 b,TOI-1333,Transit,1,1679.0,,1679.0,0.073,0.119,6274.0,1.925,1.464
TOI-1346 b,TOI-1346,Transit,1,1324.0,,1324.0,,-0.01,5099.0,0.78,0.82
TOI-1346 c,TOI-1346,Transit,1,928.0,,928.0,,-0.01,5099.0,0.78,0.82
TOI-1347 b,TOI-1347,Transit,1,1400.0,,1400.0,0.0,0.04,5464.0,0.83,0.913
TOI-1347 c,TOI-1347,Transit,1,1000.0,,1000.0,0.0,0.04,5464.0,0.83,0.913
TOI-1386 b,TOI-1386,Transit,1,615.03,,615.03,0.0,0.149,5735.0,1.0235,1.0363
TOI-139 b,TOI-139,Transit,1,561.17,,561.17,,-0.238,4570.0,0.7007,0.69
TOI-1410.01,TOI-1410,Transit,1,1236.7,,1236.7,0.0,0.328,4635.0,0.7558,0.7941
TOI-1411 b,TOI-1411,Transit,1,976.4,,976.4,0.0,0.012,4115.0,0.614,0.6045
TOI-1416 b,TOI-1416,Transit,1,1517.0,883.0,1517.0,0.0,0.08,4884.0,0.793,0.798
TOI-1420 b,TOI-1420,Transit,1,957.0,139.0,957.0,0.17,0.28,5510.0,0.923,0.987
TOI-1422 b,TOI-1422,Transit,1,867.0,,867.0,0.04,-0.09,5840.0,1.019,0.981
TOI-1431 b,TOI-1431,Transit,1,2370.0,5300.0,2370.0,0.0022,0.09,7690.0,1.92,1.9
TOI-1437 b,TOI-1437,Transit,1,,82.0,838.066850514026,0.17,-0.4924,6008.0,1.17,1.1
TOI-1439 b,TOI-1439,Transit,1,748.4,,748.4,0.157,0.226,5841.0,1.6184,1.2313
TOI-1442 b,TOI-1442,Transit,1,1072.0,,1072.0,,,3330.0,0.31,0.29
TOI-1443 b,TOI-1443,Transit,1,520.66,,520.66,0.0,-0.294,5224.0,0.7511,0.7663
TOI-1444 b,TOI-1444,Transit,1,2130.02,,2130.02,0.0,0.146,5460.0,0.9105,0.9513
TOI-1448 b,TOI-1448,Transit,1,426.0,5.45,426.0,0.36,0.37,3412.0,0.38,0.372
TOI-1450 A b,TOI-1450 A,Transit,1,722.0,,722.0,,-0.12,3437.0,0.483,0.48
TOI-1450 A c,TOI-1450 A,Transit,1,533.0,,533.0,,-0.12,3437.0,0.483,0.48
TOI-1451 b,TOI-1451,Transit,1,723.33,,723.33,0.0,0.019,5801.0,1.0162,1.0022
TOI-1452 b,TOI-1452,Transit,1,326.0,1.8,326.0,0.0,-0.07,3185.0,0.275,0.249
TOI-1453 b,TOI-1453,Transit,1,944.2,132.6,944.2,0.0,-0.31,4975.0,0.72,0.715
TOI-1453 c,TOI-1453,Transit,1,819.8,75.3,819.8,0.0,-0.31,4975.0,0.72,0.715
TOI-1467 b,TOI-1467,Transit,1,,18.13,574.6781043731667,,,3834.0,0.491,0.489
TOI-1468 b,TOI-1468,Transit,1,683.5,36.4,683.5,0.0099,-0.01,3376.0,0.3714,0.3527
TOI-1468 c,TOI-1468,Transit,1,338.1,2.13,338.1,0.111,-0.01,3376.0,0.3714,0.3527
TOI-1470 b,TOI-1470,Transit,1,734.0,46.3,734.0,0.3,0.0,3709.0,0.469,0.471
TOI-1470 c,TOI-1470,Transit,1,373.0,3.35,373.0,0.5,0.0,3709.0,0.469,0.471
TOI-1472 b,TOI-1472,Transit,1,811.14,,811.14,0.0,0.287,5133.0,0.8377,0.9154
TOI-150.01,TOI-150,Transit,1,1404.5,,1404.5,0.262,0.28,6255.0,1.526,1.351
TOI-1518 b,TOI-1518,Transit,1,2492.0,,2492.0,0.01,-0.1,7300.0,1.95,1.79
TOI-157 b,TOI-157,Transit,1,1588.0,1062.0,1588.0,0.0,0.24,5404.0,1.167,0.948
TOI-1601 b,TOI-1601,Transit,1,1493.97,,1493.97,0.0,0.343,5982.0,2.195,1.5055
TOI-163 b,TOI-163,Transit,1,1669.0,,1669.0,0.0,0.22,6495.0,1.648,1.4352
TOI-1630.01,TOI-1630,Transit,1,,55.58,760.4222837204984,,,5504.0,0.83,0.95
TOI-1659.01,TOI-1659,Transit,1,,268.44,1127.2935108733307,,,5977.0,1.006,1.1
TOI-1669 c,TOI-1669,Transit,1,1285.16,,1285.16,0.0,0.274,5497.0,1.0561,0.9867
TOI-1670 b,TOI-1670,Transit,1,1062.0,,1062.0,0.59,0.09,6170.0,1.316,1.21
TOI-1670 c,TOI-1670,Transit,1,684.0,,684.0,0.09,0.09,6170.0,1.316,1.21
TOI-1680 b,TOI-1680,Transit,1,404.0,4.41,404.0,,0.04,3225.0,0.2106,0.1798
TOI-1683.01,TOI-1683,Transit,1,929.25,163.056,929.25,,,4402.0,0.7,0.694661
TOI-1685 b,TOI-1685,Transit,1,1062.0,236.0,1062.0,0.0,0.3,3575.0,0.4555,0.454
TOI-169 b,TOI-169,Transit,1,1715.0,1443.0,1715.0,0.0,0.24,5880.0,1.288,1.147
TOI-1691 b,TOI-1691,Transit,1,,59.13,772.2842346220264,,,5759.0,1.0,1.03
TOI-1693 b,TOI-1693,Transit,1,764.0,,764.0,,,3499.0,0.46,0.49
TOI-1694 b,TOI-1694,Transit,1,943.19,,943.19,0.0,0.131,5058.0,0.8036,0.853
TOI-1695 b,TOI-1695,Transit,1,698.0,39.0,698.0,0.097,0.0,3690.0,0.515,0.513
TOI-1696 b,TOI-1696,Transit,1,489.0,,489.0,,0.336,3185.0,0.2775,0.255
TOI-1710 b,TOI-1710,Transit,1,602.99,,602.99,0.0,0.147,5684.0,0.9574,1.0258
TOI-1716.01,TOI-1716,Transit,1,,254.83,1112.72498066954,,,5879.0,1.24,1.07
TOI-172 b,TOI-172,Transit,1,1198.0,299.0,1198.0,0.3806,0.148,5645.0,1.777,1.128
TOI-1723 b,TOI-1723,Transit,1,,92.36,863.3684626181264,,,5777.0,1.09,1.04
TOI-1728 b,TOI-1728,Transit,1,767.0,57.78,767.0,0.057,0.25,3980.0,0.6243,0.646
TOI-1736 b,TOI-1736,Transit,1,1099.79,,1099.79,0.0,0.148,5636.0,1.4286,1.0373
TOI-1739 b,TOI-1739,Transit,1,,53.91,754.6447107731268,,,4814.0,0.781,0.78
TOI-1742 b,TOI-1742,Transit,1,694.09,,694.09,0.3,0.193,5815.0,1.131,1.0861
TOI-1744.01,TOI-1744,Transit,1,,63.31,785.5851726988874,,,6179.0,1.14,1.18
TOI-1749 b,TOI-1749,Transit,1,831.0,,831.0,0.14,-0.26,3985.0,0.55,0.58
TOI-1749 c,TOI-1749,Transit,1,673.0,,673.0,0.019,-0.26,3985.0,0.55,0.58
TOI-1749 d,TOI-1749,Transit,1,533.0,,533.0,0.062,-0.26,3985.0,0.55,0.58
TOI-1751 b,TOI-1751,Transit,1,651.64,,651.64,0.327,-0.373,5970.0,1.3137,0.9382
TOI-1753 b,TOI-1753,Transit,1,1005.43,,1005.43,0.0,0.026,5621.0,0.9715,0.9483
TOI-1758 b,TOI-1758,Transit,1,,21.05,596.538152084414,,,5169.0,0.81,0.88
TOI-1759 b,TOI-1759,Transit,1,443.0,6.39,443.0,0.0,0.05,4065.0,0.597,0.606
TOI-1768.01,TOI-1768,Transit,1,,240.87,1097.1623036205965,,,5994.0,1.1,1.1
TOI-1772.01,TOI-1772,Transit,1,,140.93,959.568676003129,,,5583.0,0.995,0.99
TOI-1775 b,TOI-1775,Transit,1,707.89,,707.89,0.0,0.162,5284.0,0.8288,0.9218
TOI-1776 b,TOI-1776,Transit,1,1269.21,,1269.21,0.0,-0.193,5785.0,0.9356,0.9196
TOI-1777.01,TOI-1777,Transit,1,,71.34,809.3911953204347,,,5859.0,0.98,1.06
TOI-178 b,TOI-178,Transit,1,1040.0,,1040.0,,-0.23,4316.0,0.651,0.65
TOI-178 c,TOI-178,Transit,1,873.0,,873.0,,-0.23,4316.0,0.651,0.65
TOI-178 d,TOI-178,Transit,1,690.0,,690.0,,-0.23,4316.0,0.651,0.65
TOI-178 e,TOI-178,Transit,1,600.0,,600.0,,-0.23,4316.0,0.651,0.65
TOI-178 f,TOI-178,Transit,1,521.0,,521.0,,-0.23,4316.0,0.651,0.65
TOI-178 g,TOI-178,Transit,1,470.0,,470.0,,-0.23,4316.0,0.651,0.65
TOI-1782.01,TOI-1782,Transit,1,,56.25,762.7036613259438,,,4336.0,0.669,0.68
TOI-1782.02,TOI-1782,Transit,1,,214.17,1065.405314153939,,,4336.0,0.669,0.68
TOI-1789 b,TOI-1789,Transit,1,1927.0,2300.0,1927.0,,0.373,5991.0,2.168,1.507
TOI-1794 b,TOI-1794,Transit,1,992.91,,992.91,0.0,0.035,5631.0,1.3162,0.9698
TOI-1798.01,TOI-1798,Transit,1,,69.26,803.4258877210895,,,5165.0,0.78,0.87
TOI-1798.02,TOI-1798,Transit,1,,3345.44,2118.0612303308208,,,5165.0,0.78,0.87
TOI-1799 b,TOI-1799,Transit,1,,164.26,997.029834657945,,,5690.0,0.957,1.01
TOI-1801 b,TOI-1801,Transit,1,493.7,,493.7,0.0,-0.19,3863.0,0.547,0.556
TOI-1803 b,TOI-1803,Transit,1,747.0,58.0,747.0,0.0,0.014,4687.0,0.715,0.756
TOI-1803 c,TOI-1803,Transit,1,588.0,22.0,588.0,0.0,0.014,4687.0,0.715,0.756
TOI-1806.01,TOI-1806,Transit,1,337.47,2.1473,337.47,,,3272.0,0.401575,0.392935
TOI-1807 b,TOI-1807,Transit,1,1694.1,,1694.1,0.0,0.044,4914.0,0.746,0.8048
TOI-181 b,TOI-181,Transit,1,895.1,102.43,895.1,0.1543,0.272,4994.0,0.745,0.822
TOI-1811 b,TOI-1811,Transit,1,962.2,,962.2,0.052,0.306,4766.0,0.769,0.817
TOI-1820 b,TOI-1820,Transit,1,1375.0,,1375.0,0.043,0.14,5734.0,1.51,1.04
TOI-1823 b,TOI-1823,Transit,1,423.63,,423.63,0.0,0.243,4927.0,0.8049,0.8414
TOI-1824 b,TOI-1824,Transit,1,528.67,,528.67,0.0,0.124,5165.0,0.8123,0.8801
TOI-1836 b,TOI-1836,Transit,1,966.0,,966.0,0.0,-0.101,6380.0,1.577,1.307
TOI-1836 c,TOI-1836,Transit,1,2007.6,,2007.6,0.0,-0.136,6237.0,1.6454,1.2518
TOI-1842 b,TOI-1842,Transit,1,1199.55,,1199.55,0.276,0.332,6039.0,2.032,1.4643
TOI-1846 b,TOI-1846,Transit,1,568.1,17.35,568.1,,0.169,3568.0,0.397,0.418
TOI-1853 b,TOI-1853,Transit,1,1479.0,,1479.0,0.03,0.11,4985.0,0.808,0.837
TOI-1855 b,TOI-1855,Transit,1,1701.0,,1701.0,0.033,0.399,5359.0,1.041,0.987
TOI-1860 b,TOI-1860,Transit,1,1885.0,,1885.0,,0.04,5752.0,0.94,0.99
TOI-1883 b,TOI-1883,Transit,1,524.92,,524.92,,,3477.0,0.494,0.492
TOI-1898 b,TOI-1898,Transit,1,674.54,,674.54,0.485,-0.095,6241.0,1.6131,1.2484
TOI-1899 b,TOI-1899,Transit,1,378.0,3.4,378.0,0.044,0.28,3926.0,0.607,0.632
TOI-1937 A b,TOI-1937 A,Transit,1,2097.0,3230.0,2097.0,0.0,0.196,5814.0,1.08,1.072
TOI-198 b,TOI-198,Transit,1,368.0,,368.0,,-0.7,3650.0,0.441,0.467
TOI-1994 b,TOI-1994,Transit,1,2290.0,,2290.0,0.341,-0.01,7700.0,2.3,1.86
TOI-2000 b,TOI-2000,Transit,1,1488.0,628.0,1488.0,0.0,0.439,5611.0,1.134,1.082
TOI-2000 c,TOI-2000,Transit,1,1038.0,149.0,1038.0,0.063,0.439,5611.0,1.134,1.082
TOI-2010 b,TOI-2010,Transit,1,400.2,4.09,400.2,0.212,0.168,5929.0,1.079,1.112
TOI-2015 b,TOI-2015,Transit,1,530.9,13.185,530.9,0.0789,-0.31,3297.0,0.3273,0.3041
TOI-2015 c,TOI-2015,Transit Timing Variations,1,448.0,6.68,448.0,0.00033,-0.31,3297.0,0.3273,0.3041
TOI-2019 b,TOI-2019,Transit,1,917.46,,917.46,0.0,0.409,5626.0,1.7457,1.1832
TOI-2025 b,TOI-2025,Transit,1,1166.0,,1166.0,0.394,0.15,5977.0,1.459,1.199
TOI-2031 A b,TOI-2031 A,Transit,1,1358.0,567.0,1358.0,0.076,-0.24,6490.0,1.241,1.174
TOI-206 b,TOI-206,Transit,1,910.0,,910.0,,,3383.0,0.35,0.35
TOI-2068 b,TOI-2068,Transit,1,520.62,12.23,520.62,,0.27,3710.0,0.535,0.559
TOI-2076 b,TOI-2076,Transit,1,738.0,49.4,738.0,0.0,0.017,5201.0,0.774,0.883
TOI-2076 c,TOI-2076,Transit,1,543.16,,543.16,0.0,0.02,5192.0,0.796,0.8557
TOI-2076 d,TOI-2076,Transit,1,457.68,,457.68,0.0,0.02,5192.0,0.796,0.8557
TOI-2076 e,TOI-2076,Transit,1,1138.0,,1138.0,,0.02,5192.0,0.796,0.8557
TOI-2081 b,TOI-2081,Transit,1,488.0,8.1,488.0,,-0.5,3800.0,0.534,0.54
TOI-2084 b,TOI-2084,Transit,1,527.0,12.8,527.0,,-0.13,3551.0,0.475,0.453
TOI-2088 b,TOI-2088,Transit,1,300.33,,300.33,0.0,0.339,5081.0,0.8481,0.9027
TOI-2095 b,TOI-2095,Transit,1,347.0,3.43,347.0,0.0,-0.24,3759.0,0.44,0.44
TOI-2095 c,TOI-2095,Transit,1,297.0,1.84,297.0,0.0,-0.24,3759.0,0.44,0.44
TOI-2096 b,TOI-2096,Transit,1,445.0,9.4,445.0,0.15,-0.03,3300.0,0.235,0.231
TOI-2096 c,TOI-2096,Transit,1,349.0,3.7,349.0,0.1,-0.03,3300.0,0.235,0.231
TOI-2107 b,TOI-2107,Transit,1,1397.0,,1397.0,0.033,0.07,5627.0,0.932,0.961
TOI-2109 b,TOI-2109,Transit,1,3646.0,,3646.0,,0.068,6540.0,1.698,1.453
TOI-2120 b,TOI-2120,Transit,1,384.0,3.61,384.0,0.32,0.39,3131.0,0.245,0.211
TOI-2128 b,TOI-2128,Transit,1,780.53,,780.53,0.0,-0.07,5968.0,1.1174,1.0251
TOI-2134 b,TOI-2134,Transit,1,666.0,32.0,666.0,0.06,0.12,4580.0,0.709,0.744
TOI-2134 c,TOI-2134,Transit,1,306.0,1.4,306.0,0.67,0.12,4580.0,0.709,0.744
TOI-2136 b,TOI-2136,Transit,1,395.0,4.0,395.0,0.0,0.03,3342.0,0.34,0.34
TOI-2141 b,TOI-2141,Transit,1,722.0,,722.0,0.21,-0.12,5659.0,0.98,0.94
TOI-2145 b,TOI-2145,Transit,1,1363.43,,1363.43,0.21,0.285,6200.0,2.7505,1.7169
TOI-2152 A b,TOI-2152,Transit,1,1802.0,,1802.0,0.057,0.282,6630.0,1.612,1.516
TOI-2154 b,TOI-2154,Transit,1,1580.0,,1580.0,0.117,0.011,6280.0,1.396,1.233
TOI-2158 b,TOI-2158,Transit,1,1188.0,,1188.0,0.07,0.47,5673.0,1.41,1.12
TOI-2169 A b,TOI-2169 A,Transit,1,1364.0,577.0,1364.0,0.045,0.123,6270.0,1.82,1.42
TOI-2180 b,TOI-2180,Transit,1,348.0,2.71,348.0,0.3683,0.253,5695.0,1.636,1.111
TOI-2184 b,TOI-2184,Transit,1,,1429.0,1712.3134054006857,0.08,0.14,5966.0,2.9,1.53
TOI-2193 A b,TOI-2193 A,Transit,1,1763.0,1600.0,1763.0,0.0,0.027,5966.0,1.248,1.082
TOI-2194 b,TOI-2194,Transit,1,590.88,,590.88,,-0.372,4756.0,0.6909,0.74
TOI-2196 b,TOI-2196,Transit,1,1860.0,2000.0,1860.0,0.0,0.14,5634.0,1.043,1.032
TOI-220 b,TOI-220,Transit,1,805.0,,805.0,0.032,-0.217,5298.0,0.858,0.825
TOI-2207 b,TOI-2207,Transit,1,1259.0,406.0,1259.0,0.174,0.181,6101.0,1.564,1.296
TOI-2211.01,TOI-2211,Transit,1,,296.13,1155.3027341972643,,,5253.0,0.834,0.9
TOI-2236 b,TOI-2236,Transit,1,1688.0,1356.0,1688.0,0.0,0.119,6248.0,1.573,1.343
TOI-2257 b,TOI-2257,Transit,1,256.0,,256.0,0.496,-0.27,3430.0,0.313,0.328
TOI-2260 b,TOI-2260,Transit,1,2609.0,,2609.0,,0.22,5534.0,0.94,0.99
TOI-2266 b,TOI-2266,Transit,1,550.0,13.0,550.0,,,3200.0,0.24,0.23
TOI-2274 b,TOI-2274,Transit,1,771.46,,771.46,,,3943.0,0.631,0.612
TOI-2285 b,TOI-2285,Transit,1,358.0,3.91,358.0,,-0.05,3491.0,0.464,0.454
TOI-2295 b,TOI-2295,Transit,1,747.0,,747.0,0.334,0.316,5730.0,1.459,1.168
TOI-2295 c,TOI-2295,Radial Velocity,1,234.9,,234.9,0.194,0.316,5730.0,1.459,1.168
TOI-2328 b,TOI-2328,Transit,1,842.0,,842.0,0.057,0.09,5525.0,0.9,0.95
TOI-2338 b,TOI-2338,Transit,1,799.0,,799.0,0.676,0.22,5581.0,1.05,0.99
TOI-2346 b,TOI-2346,Transit,1,1689.0,1360.0,1689.0,0.086,-0.03,6480.0,1.38,1.271
TOI-2364 b,TOI-2364,Transit,1,1091.0,237.0,1091.0,0.0,0.344,5306.0,0.886,0.954
TOI-2368 b,TOI-2368,Transit,1,1000.0,,1000.0,0.061,0.1,5360.0,0.846,0.897
TOI-237 b,TOI-237,Transit,1,388.0,3.7,388.0,0.0,,3212.0,0.211,0.179
TOI-2373 b,TOI-2373,Transit,1,860.0,,860.0,0.112,0.3,5651.0,1.102,1.041
TOI-2374 b,TOI-2374,Transit,1,885.0,,885.0,0.13,0.15,4802.0,0.69,0.75
TOI-2379 b,TOI-2379,Transit,1,624.0,25.3,624.0,0.342,0.501,3707.0,0.622,0.645
TOI-238 b,TOI-238,Transit,1,1456.61,747.65,1456.61,,-0.05,5080.0,0.75,0.788
TOI-238 c,TOI-238,Radial Velocity,1,696.0,58.3,696.0,0.36,-0.114,5059.0,0.733,0.79
TOI-2382 b,TOI-2382,Transit,1,1426.0,689.0,1426.0,0.18,0.249,6033.0,1.417,1.26
TOI-2384 b,TOI-2384,Transit,1,889.7,104.3,889.7,0.0,0.332,3943.0,0.6113,0.635
TOI-2406 b,TOI-2406,Transit,1,449.0,6.69,449.0,0.17,-0.26,3100.0,0.204,0.166
TOI-2407 b,TOI-2407,Transit,1,705.0,41.0,705.0,0.08,0.21,3530.0,0.567,0.548
TOI-2411 b,TOI-2411,Transit,1,1355.0,,1355.0,,,4099.0,0.68,0.65
TOI-2416 b,TOI-2416,Transit,1,1080.0,,1080.0,0.32,0.32,5808.0,1.236,1.118
TOI-2420 b,TOI-2420,Transit,1,1571.6,1017.0,1571.6,0.055,,,2.369,1.158
TOI-2421 b,TOI-2421,Transit,1,1534.0,923.6,1534.0,0.0,0.19,5607.0,1.75,1.131
TOI-2427 b,TOI-2427,Transit,1,1117.0,,1117.0,,,4072.0,0.65,0.64
TOI-244 b,TOI-244,Transit,1,458.0,7.3,458.0,,-0.39,3433.0,0.426,0.428
TOI-2443 b,TOI-2443,Transit,1,519.0,,519.0,0.301,-0.29,4375.0,0.631,0.642
TOI-2445 b,TOI-2445,Transit,1,1060.0,,1060.0,,,3333.0,0.27,0.25
TOI-2447 b,TOI-2447,Transit,1,414.0,,414.0,0.17,0.18,5730.0,1.006,1.034
TOI-2458 b,TOI-2458,Transit,1,1509.4,865.0,1509.4,0.087,-0.1,6005.0,1.31,1.05
TOI-2459 b,TOI-2459,Transit,1,445.01,,445.01,,,4195.0,0.6751,0.66
TOI-2485 b,TOI-2485,Transit,1,1134.0,275.6,1134.0,0.0341,,,1.72,1.163
TOI-2497 b,TOI-2497,Transit,1,1595.0,,1595.0,0.195,0.094,7360.0,2.36,1.859
TOI-2498 b,TOI-2498,Transit,1,1443.0,,1443.0,0.089,0.167,5905.0,1.26,1.12
TOI-2524 b,TOI-2524,Transit,1,1100.0,,1100.0,0.0,0.06,5831.0,1.119,1.007
TOI-2529 b,TOI-2529,Transit,1,636.0,,636.0,0.021,0.1,5802.0,1.7,1.11
TOI-2537 b,TOI-2537,Transit,1,338.0,,338.0,0.364,0.08,4870.0,0.771,0.771
TOI-2537 c,TOI-2537,Radial Velocity,1,123.1,,123.1,0.287,0.08,4870.0,0.771,0.771
TOI-2567 b,TOI-2567,Transit,1,1352.0,558.0,1352.0,0.0,0.241,5611.0,1.686,1.13
TOI-257 b,TOI-257,Transit,1,1027.0,186.0,1027.0,0.0,0.175,6095.0,1.867,1.407
TOI-2570 b,TOI-2570,Transit,1,1431.0,699.0,1431.0,0.0,0.191,5771.0,1.095,1.063
TOI-2580 b,TOI-2580,Transit,1,2410.0,1730.0,2410.0,0.08,0.26,6120.0,1.81,1.33
TOI-2583 A b,TOI-2583 A,Transit,1,1456.0,750.9,1456.0,0.0,0.158,5936.0,1.477,1.215
TOI-2587 A b,TOI-2587 A,Transit,1,1445.0,728.0,1445.0,0.0,0.13,5760.0,1.726,1.15
TOI-2589 b,TOI-2589,Transit,1,592.0,,592.0,0.522,0.12,5579.0,1.07,0.93
TOI-260 b,TOI-260,Transit,1,493.0,,493.0,0.0,-0.47,4026.0,0.607,0.616
TOI-261.01,TOI-261,Transit,1,1722.49,874.7956,1722.49,,,5890.3,1.28018,0.496728
TOI-262 b,TOI-262,Transit,1,584.0,,584.0,,0.26,5310.0,0.853,0.913
TOI-2641 b,TOI-2641,Transit,1,1387.0,602.0,1387.0,0.18,-0.15,6100.0,1.336,1.16
TOI-269 b,TOI-269,Transit,1,531.0,19.0,531.0,0.425,-0.29,3514.0,0.398,0.3917
TOI-270 b,TOI-270,Transit,1,581.0,,581.0,0.034,-0.2,3506.0,0.378,0.386
TOI-270 c,TOI-270,Transit,1,488.0,,488.0,0.027,-0.2,3506.0,0.378,0.386
TOI-270 d,TOI-270,Transit,1,387.0,,387.0,0.032,-0.2,3506.0,0.378,0.386
TOI-2714 b,TOI-2714,Transit,1,1603.0,,1603.0,0.164,0.3,5665.0,1.25,1.07
TOI-2719 b,TOI-2719,Transit,1,1710.0,,1710.0,,0.27,5762.0,1.69,1.02
TOI-2768 b,TOI-2768,Transit,1,855.0,,855.0,,,4008.0,0.657,0.63
TOI-2796 b,TOI-2796,Transit,1,1205.0,352.0,1205.0,0.0,0.239,5764.0,1.069,1.063
TOI-2803 A b,TOI-2803 A,Transit,1,1893.0,2150.0,1893.0,0.0,-0.105,6280.0,1.245,1.118
TOI-2818 b,TOI-2818,Transit,1,1376.0,598.0,1376.0,0.0,-0.02,5721.0,1.229,0.977
TOI-2842 b,TOI-2842,Transit,1,1471.0,781.8,1471.0,0.0,0.233,5910.0,1.265,1.135
TOI-286 b,TOI-286,Transit,1,979.0,,979.0,0.0,-0.05,5152.0,0.78,0.832
TOI-286 c,TOI-286,Transit,1,475.0,,475.0,0.0,-0.05,5152.0,0.78,0.832
TOI-2876 b,TOI-2876,Transit,1,929.0,124.2,929.0,0.13,0.353,5271.0,0.873,0.939
TOI-2886 b,TOI-2886,Transit,1,1978.0,2560.0,1978.0,0.11,0.284,6240.0,1.241,1.229
TOI-2969 b,TOI-2969,Transit,1,1186.0,382.0,1186.0,0.0,0.08,4738.0,0.7,0.71
TOI-2977 b,TOI-2977,Transit,1,1544.0,947.8,1544.0,0.0,0.013,5691.0,1.073,0.936
TOI-2981 b,TOI-2981,Transit,1,1358.0,,1358.0,0.035,-0.11,5940.0,1.08,1.03
TOI-2986 b,TOI-2986,Transit,1,1622.0,1156.0,1622.0,0.14,0.095,5906.0,1.458,1.122
TOI-2989 b,TOI-2989,Transit,1,1001.0,124.0,1001.0,0.0,-0.04,4672.0,0.76,0.77
TOI-2992 b,TOI-2992,Transit,1,1726.0,1484.0,1726.0,0.089,0.084,6000.0,1.545,1.21
TOI-3023 b,TOI-3023,Transit,1,1596.0,1084.0,1596.0,0.0,0.085,5760.0,1.668,1.12
TOI-3071 b,TOI-3071,Transit,1,2155.0,,2155.0,0.09,0.35,6177.0,1.31,1.29
TOI-3082 b,TOI-3082,Transit,1,1032.78,,1032.78,,0.17,4263.0,0.6847,0.664
TOI-3135 b,TOI-3135,Transit,1,1292.0,464.0,1292.0,0.24,0.071,5890.0,0.985,1.044
TOI-3160 A b,TOI-3160 A,Transit,1,1539.0,933.0,1539.0,0.18,-0.114,6190.0,1.346,1.088
TOI-3235 b,TOI-3235,Transit,1,604.0,,604.0,0.029,0.264,3388.8,0.3697,0.3939
TOI-3261 b,TOI-3261,Transit,1,1722.0,1466.0,1722.0,0.0,0.138,5068.0,0.849,0.861
TOI-329 b,TOI-329,Transit,1,1213.02,,1213.02,0.39,0.205,5614.0,1.5326,1.0678
TOI-332 b,TOI-332,Transit,1,1871.0,,1871.0,0.0,0.256,5251.0,0.87,0.88
TOI-3321 b,TOI-3321,Transit,1,1616.0,,1616.0,0.054,-0.103,5850.0,1.549,1.041
TOI-3331 A b,TOI-3331 A,Transit,1,1488.0,818.5,1488.0,0.0,0.148,5609.0,0.952,1.016
TOI-3353.01,TOI-3353,Transit,1,1264.36,313.0426,1264.36,,,6365.0,1.0207,1.332089
TOI-3364 b,TOI-3364,Transit,1,1264.0,425.0,1264.0,0.0,0.387,5706.0,1.419,1.186
TOI-3464 b,TOI-3464,Transit,1,1693.0,1370.0,1693.0,0.25,0.045,6370.0,1.56,1.363
TOI-3474 b,TOI-3474,Transit,1,1451.0,740.0,1451.0,0.13,0.146,6020.0,1.256,1.121
TOI-3486 b,TOI-3486,Transit,1,1190.0,334.0,1190.0,0.078,0.283,4930.0,0.788,0.837
TOI-3493 b,TOI-3493,Transit,1,1102.0,245.0,1102.0,,0.03,5844.0,1.228,1.023
TOI-3523 A b,TOI-3523 A,Transit,1,1984.0,2590.0,1984.0,0.047,-0.366,6450.0,1.448,1.131
TOI-3540 A b,TOI-3540 A,Transit,1,1498.0,841.3,1498.0,0.0,0.176,5810.0,1.228,1.081
TOI-3568 b,TOI-3568,Transit,1,899.0,,899.0,0.035,-0.01,4969.0,0.719,0.78
TOI-3593 b,TOI-3593,Transit,1,1170.0,308.0,1170.0,0.105,0.384,5550.0,0.918,1.015
TOI-3629 b,TOI-3629,Transit,1,690.0,39.0,690.0,0.05,0.4,3870.0,0.6,0.63
TOI-3682 b,TOI-3682,Transit,1,1657.0,1258.0,1657.0,0.22,0.416,5703.0,1.735,1.32
TOI-3688 A b,TOI-3688 A,Transit,1,1534.0,924.3,1534.0,0.0,0.262,5950.0,1.302,1.199
TOI-3693 b,TOI-3693,Transit,1,801.0,68.6,801.0,0.0,0.071,5321.0,0.791,0.867
TOI-3714 b,TOI-3714,Transit,1,750.0,54.0,750.0,0.03,0.1,3660.0,0.51,0.53
TOI-3757 b,TOI-3757,Transit,1,759.0,55.4,759.0,0.14,0.0,3913.0,0.62,0.64
TOI-3785 b,TOI-3785,Transit,1,582.0,19.1,582.0,0.11,0.099,3576.0,0.5,0.52
TOI-3807 b,TOI-3807,Transit,1,1646.0,1230.0,1646.0,0.0,0.278,5772.0,1.468,1.181
TOI-3819 b,TOI-3819,Transit,1,1633.0,1186.0,1633.0,0.0,0.273,5859.0,1.538,1.242
TOI-3837 b,TOI-3837,Transit,1,1178.0,,1178.0,0.221,-0.26,5905.0,1.2,0.89
TOI-3856 b,TOI-3856,Transit,1,1544.0,949.0,1544.0,0.083,0.454,5622.0,1.055,1.096
TOI-3877 b,TOI-3877,Transit,1,1445.0,729.0,1445.0,0.22,0.269,5731.0,1.445,1.16
TOI-3884 b,TOI-3884,Transit,1,441.0,6.29,441.0,0.06,0.04,3180.0,0.302,0.298
TOI-3894 b,TOI-3894,Transit,1,1531.0,,1531.0,0.05,0.021,6000.0,1.502,1.138
TOI-3912 b,TOI-3912,Transit,1,1512.0,872.2,1512.0,0.0,0.187,5725.0,1.392,1.088
TOI-3919 b,TOI-3919,Transit,1,1198.0,,1198.0,0.259,0.175,6100.0,1.319,1.208
TOI-3976 A b,TOI-3976 A,Transit,1,1295.0,469.0,1295.0,0.0,0.182,5975.0,1.501,1.254
TOI-3980 b,TOI-3980,Transit,1,1621.0,1153.0,1621.0,0.16,0.188,5840.0,1.626,1.24
TOI-3984 A b,TOI-3984 A,Transit,1,563.0,16.7,563.0,0.23,0.18,3476.0,0.47,0.49
TOI-4010 b,TOI-4010,Transit,1,1441.0,714.0,1441.0,0.03,0.37,4960.0,0.83,0.88
TOI-4010 c,TOI-4010,Transit,1,907.0,112.0,907.0,0.03,0.37,4960.0,0.83,0.88
TOI-4010 d,TOI-4010,Transit,1,650.0,30.0,650.0,0.07,0.37,4960.0,0.83,0.88
TOI-4010 e,TOI-4010,Radial Velocity,1,174.0,0.15,174.0,0.26,0.37,4960.0,0.83,0.88
TOI-406 c,TOI-406,Transit,1,584.0,19.0,584.0,0.032,-0.02,3392.0,0.41,0.408
TOI-406.01,TOI-406,Transit,1,368.0,3.0,368.0,0.056,-0.02,3392.0,0.41,0.408
TOI-4087 b,TOI-4087,Transit,1,1458.0,753.9,1458.0,0.0,0.237,6060.0,1.112,1.178
TOI-411 b,HD 22946,Transit,1,1241.0,495.139,1241.0,,-0.08,6169.0,1.117,1.098
TOI-411 c,HD 22946,Transit,1,931.0,156.75,931.0,,-0.08,6169.0,1.117,1.098
TOI-4127 b,TOI-4127,Transit,1,605.1,22.3,605.1,0.7471,0.14,6096.0,1.293,1.23
TOI-4137 b,TOI-4137,Transit,1,1570.0,1013.0,1570.0,0.0,0.182,6202.0,1.438,1.313
TOI-4145 A b,TOI-4145 A,Transit,1,1074.0,223.0,1074.0,0.0,0.168,5281.0,0.859,0.905
TOI-4153 b,TOI-4153,Transit,1,1669.0,,1669.0,0.039,0.317,6860.0,1.605,1.572
TOI-4155 b,TOI-4155,Transit,1,1255.0,,1255.0,,0.11,5724.0,0.95,1.16
TOI-4184 b,TOI-4184,Transit,1,412.0,4.8,412.0,,-0.27,3238.0,0.2347,0.2109
TOI-4201 b,TOI-4201,Transit,1,725.0,45.2,725.0,0.041,0.52,3794.0,0.63,0.61
TOI-421 b,TOI-421,Transit,1,922.0,,922.0,0.13,-0.044,5291.0,0.866,0.833
TOI-421 c,TOI-421,Transit,1,635.0,,635.0,0.19,-0.044,5291.0,0.866,0.833
TOI-4214 b,TOI-4214,Transit,1,1642.0,1210.0,1642.0,0.17,0.294,6370.0,1.434,1.382
TOI-4308 b,TOI-4308,Transit,1,763.05,,763.05,,,5243.0,0.7934,0.9
TOI-431 b,TOI-431,Transit,1,1862.0,,1862.0,0.0,0.2,4850.0,0.731,0.78
TOI-431 c,TOI-431,Radial Velocity,1,867.0,,867.0,0.0,0.2,4850.0,0.731,0.78
TOI-431 d,TOI-431,Transit,1,633.0,,633.0,0.0,0.2,4850.0,0.731,0.78
TOI-4336 A b,TOI-4336 A,Transit,1,308.0,1.5,308.0,,-0.209,3298.0,0.328,0.331
TOI-4342 b,TOI-4342,Transit,1,633.6,26.9,633.6,,,3901.0,0.599,0.6296
TOI-4342 c,TOI-4342,Transit,1,508.9,11.18,508.9,,,3901.0,0.599,0.6296
TOI-4364 b,TOI-4364,Transit,1,488.0,,488.0,0.29,0.148,3528.0,0.4684,0.487
TOI-4406 b,TOI-4406,Transit,1,904.0,,904.0,0.15,0.1,6219.0,1.29,1.19
TOI-4438 b,TOI-4438,Transit,1,435.0,6.0,435.0,0.14,-0.19,3422.0,0.372,0.368
TOI-444 b,TOI-444,Transit,1,609.0,,609.0,,0.08,5225.0,0.779,0.96
TOI-4443.01,TOI-4443,Transit,1,1638.82,1194.2104,1638.82,,,5834.0,1.01733,1.049133
TOI-4463 A b,TOI-4463 A,Transit,1,1395.0,633.0,1395.0,0.0,0.25,5640.0,1.062,1.056
TOI-4465 b,TOI-4465,Transit,1,427.0,,427.0,0.24,-0.06,5545.0,1.014,0.93
TOI-4479 b,TOI-4479,Transit,1,861.0,92.5,861.0,,0.0,3400.0,0.451,0.452
TOI-4487 A b,TOI-4487 A,Transit,1,1639.0,1203.0,1639.0,0.083,0.216,6206.0,1.634,1.378
TOI-4495.01,TOI-4495,Transit,1,1382.67,346.626,1382.67,,,6156.0,1.34,1.168817
TOI-451 b,TOI-451,Transit,1,1491.0,,1491.0,0.0,,5550.0,0.879,0.95
TOI-451 c,TOI-451,Transit,1,875.0,,875.0,0.0,,5550.0,0.879,0.95
TOI-451 d,TOI-451,Transit,1,722.0,,722.0,0.0,,5550.0,0.879,0.95
TOI-4515 b,TOI-4515,Transit,1,705.0,,705.0,0.461,0.05,5433.0,0.86,0.949
TOI-4527.01,TOI-4527,Transit,1,1362.93,571.5072,1362.93,,,3702.0,0.485948,0.483901
TOI-4559 b,TOI-4559,Transit,1,554.16,15.77,554.16,,-0.09,3558.0,0.374,0.392
TOI-4600 b,TOI-4600,Transit,1,347.0,,347.0,0.25,0.16,5170.0,0.81,0.89
TOI-4600 c,TOI-4600,Transit,1,191.0,,191.0,0.21,0.16,5170.0,0.81,0.89
TOI-4602.01,TOI-4602,Transit,1,1380.27,603.6935,1380.27,,,6011.9,1.15664,1.116795
TOI-4603 b,TOI-4603,Transit,1,1677.0,1192.0,1677.0,0.325,0.342,6264.0,2.738,1.765
TOI-4633 c,TOI-4633,Transit,1,,1.56,311.2478420812829,0.117,,5800.0,1.05,1.1
TOI-4638.01,TOI-4638,Transit,1,,87.81,852.5329903019459,,,5700.0,0.895,1.02
TOI-470 b,TOI-470,Transit,1,660.0,,660.0,,0.1,5190.0,0.831,0.87
TOI-4734 b,TOI-4734,Transit,1,1468.0,775.0,1468.0,0.12,0.288,6070.0,1.857,1.391
TOI-4791 b,TOI-4791,Transit,1,1472.0,783.2,1472.0,0.0,0.207,6058.0,1.409,1.242
TOI-4794 b,TOI-4794,Transit,1,1673.0,1310.0,1673.0,0.1,-0.102,6390.0,1.451,1.25
TOI-480 b,TOI-480,Transit,1,1198.94,,1198.94,0.0,0.164,6174.0,1.4877,1.2793
TOI-481 b,TOI-481,Transit,1,1370.0,,1370.0,0.153,0.26,5735.0,1.66,1.14
TOI-4860 b,TOI-4860,Transit,1,694.0,42.5,694.0,0.008,0.27,3260.0,0.358,0.34
TOI-4914 b,TOI-4914,Transit,1,894.0,,894.0,0.408,-0.13,5805.0,1.0,1.03
TOI-4961 b,TOI-4961,Transit,1,919.0,115.0,919.0,0.182,0.206,5380.0,0.912,0.912
TOI-4994 b,TOI-4994,Transit,1,717.6,40.0,717.6,0.319,0.165,5640.0,1.055,1.005
TOI-500 b,TOI-500,Transit,1,1617.0,1138.0,1617.0,0.063,0.12,4440.0,0.678,0.74
TOI-5005 b,TOI-5005,Transit,1,1040.0,226.0,1040.0,,0.15,5749.0,0.93,0.97
TOI-5027 b,TOI-5027,Transit,1,1056.0,,1056.0,0.385,-0.15,5909.0,0.92,1.02
TOI-5076 b,TOI-5076,Transit,1,550.0,,550.0,0.0,0.082,4780.0,0.844,0.789
TOI-5082.01,TOI-5082,Transit,1,1164.91,254.588,1164.91,,,5670.0,0.93,0.99665
TOI-5108 b,TOI-5108,Transit,1,1180.0,,1180.0,,0.2,5808.0,1.29,1.1
TOI-5110 b,TOI-5110,Transit,1,976.0,,976.0,0.745,0.065,6160.0,2.333,1.469
TOI-512 b,TOI-512,Transit,1,1009.0,127.0,1009.0,0.02,-0.11,5277.0,0.89,0.74
TOI-5126 b,TOI-5126,Transit,1,1442.0,467.0,1442.0,0.0,0.18,6150.0,1.241,1.24
TOI-5126 c,TOI-5126,Transit,1,971.0,96.0,971.0,0.0,0.18,6150.0,1.241,1.24
TOI-5153 b,TOI-5153,Transit,1,906.0,,906.0,0.091,0.12,6300.0,1.4,1.24
TOI-5181 A b,TOI-5181 A,Transit,1,1585.0,1053.0,1585.0,0.15,0.208,6060.0,1.53,1.25
TOI-519 b,TOI-519,Transit,1,687.0,,687.0,0.33,0.27,3322.0,0.35,0.335
TOI-5205 b,TOI-5205,Transit,1,737.0,49.0,737.0,0.02,0.0,3430.0,0.394,0.392
TOI-5210 b,TOI-5210,Transit,1,1286.0,456.0,1286.0,0.066,0.324,5723.0,1.209,1.105
TOI-5218 b,TOI-5218,Transit,1,783.0,62.0,783.0,0.0,0.41,4230.0,0.708,0.739
TOI-5232 b,TOI-5232,Transit,1,1772.0,,1772.0,0.035,-0.104,6500.0,1.785,1.389
TOI-5293 A b,TOI-5293 A,Transit,1,675.0,34.6,675.0,0.38,-0.03,3586.0,0.52,0.54
TOI-530 b,TOI-530,Transit,1,565.0,,565.0,0.0,0.376,3659.0,0.54,0.53
TOI-5300 b,TOI-5300,Transit,1,1043.0,198.0,1043.0,0.0,-0.17,4610.0,0.65,0.67
TOI-5301 b,TOI-5301,Transit,1,1648.0,,1648.0,0.33,0.03,6240.0,2.19,1.483
TOI-5319 b,TOI-5319,Transit,1,695.0,,695.0,,,3580.0,0.485,0.5
TOI-532 b,TOI-532,Transit,1,867.0,94.1,867.0,0.0,0.338,3927.0,0.612,0.639
TOI-5322 b,TOI-5322,Transit,1,1350.0,554.0,1350.0,0.055,-0.048,5692.0,1.462,0.998
TOI-5340 b,TOI-5340,Transit,1,1566.0,1004.0,1566.0,0.13,0.208,5990.0,1.842,1.35
TOI-5344 b,TOI-5344,Transit,1,689.0,38.0,689.0,0.054,0.425,3747.0,0.588,0.612
TOI-5386 A b,TOI-5386 A,Transit,1,1488.0,817.0,1488.0,0.072,0.182,6094.0,1.245,1.165
TOI-5388.01,TOI-5388,Transit,1,601.35,3.3023,601.35,,,3495.0,0.31,0.28572
TOI-5398 b,TOI-5398,Transit,1,947.0,,947.0,0.13,0.09,6000.0,1.051,1.146
TOI-5398 c,TOI-5398,Transit,1,1242.0,,1242.0,0.14,0.09,6000.0,1.051,1.146
TOI-540 b,TOI-540,Transit,1,611.0,23.4,611.0,0.0,,3216.0,0.1895,0.159
TOI-544 b,TOI-544,Transit,1,999.0,,999.0,0.0,-0.17,4169.0,0.623,0.631
TOI-5542 b,TOI-5542,Transit,1,441.0,9.6,441.0,0.018,-0.21,5700.0,1.058,0.89
TOI-5573 b,TOI-5573,Transit,1,528.0,12.92,528.0,0.072,0.42,3790.0,0.594,0.619
TOI-558 b,TOI-558,Transit,1,1061.0,,1061.0,0.298,-0.004,6466.0,1.496,1.349
TOI-559 b,TOI-559,Transit,1,1180.0,,1180.0,0.151,-0.069,5925.0,1.233,1.026
TOI-5592 b,TOI-5592,Transit,1,1789.0,1712.0,1789.0,0.062,-0.013,6237.0,1.393,1.194
TOI-561 b,TOI-561,Transit,1,2319.0,4709.0,2319.0,0.0,,,0.843,0.806
TOI-561 c,TOI-561,Transit,1,802.0,67.5,802.0,0.023,,,0.843,0.806
TOI-561 d,TOI-561,Transit,1,600.0,21.2,600.0,0.111,,,0.843,0.806
TOI-561 e,TOI-561,Transit,1,416.0,4.89,416.0,0.074,,,0.843,0.806
TOI-5616 b,TOI-5616,Transit,1,939.0,137.0,939.0,0.0,0.14,3996.0,0.646,0.666
TOI-5634 A b,TOI-5634 A,Transit,1,837.0,77.0,837.0,0.0,-0.27,3896.0,0.54,0.556
TOI-564 b,TOI-564,Transit,1,1714.0,1423.0,1714.0,0.072,0.143,5640.0,1.088,0.998
TOI-5678 b,TOI-5678,Transit,1,513.0,,513.0,0.14,0.0,5485.0,0.938,0.905
TOI-5688 A b,TOI-5688 A,Transit,1,742.0,50.3,742.0,0.128,0.47,3713.0,0.57,0.6
TOI-5704 b,TOI-5704,Transit,1,949.07,,949.07,,0.428,4590.0,0.7575,0.73
TOI-5713 b,TOI-5713,Transit,1,347.2,2.2554,347.2,0.24,-0.03,3225.0,0.2992,0.2653
TOI-5720 b,TOI-5720,Transit,1,708.0,41.7,708.0,,0.03,3325.0,0.383,0.383
TOI-5726.01,TOI-5726,Transit,1,,338.95,1194.975796680419,,,5874.0,1.106,1.06
TOI-5786 b,TOI-5786,Transit,1,1040.0,,1040.0,,0.08,6235.0,1.36,1.23
TOI-5795 b,TOI-5795,Transit,1,1136.78,,1136.78,0.25,-0.27,5715.0,1.082,0.901
TOI-5799 b,TOI-5799,Transit,1,,13.35,532.3478641193506,,,3521.0,0.343,0.327
TOI-5800 b,TOI-5800,Transit,1,1108.0,,1108.0,0.3,-0.04,4850.0,0.773,0.778
TOI-5803 b,TOI-5803,Transit,1,678.87,,678.87,,,5134.0,0.7625,0.87
TOI-5817 b,TOI-5817,Transit,1,950.0,,950.0,0.2,-0.24,5770.0,1.427,0.97
TOI-5882 b,TOI-5882,Transit,1,1515.0,,1515.0,0.0339,0.18,5920.0,2.26,1.334
TOI-6000 b,TOI-6000,Transit,1,1120.0,,1120.0,,,3419.0,0.38,0.37
TOI-6002 b,TOI-6002,Transit,1,321.4,1.6823,321.4,0.15,-0.18,3229.0,0.2432,0.2101
TOI-6008 b,TOI-6008,Transit,1,707.0,41.5,707.0,,0.3,3075.0,0.242,0.23
TOI-6016 b,TOI-6016,Transit,1,1890.0,940.0,1890.0,0.0,0.28,6110.0,1.51,1.31
TOI-6034 b,TOI-6034,Transit,1,714.0,43.0,714.0,0.04,-0.09,3635.0,0.489,0.514
TOI-6038 A b,TOI-6038 A,Transit,1,1439.0,716.0,1439.0,,0.124,6110.0,1.648,1.291
TOI-6054.01,TOI-6054,Transit,1,,529.21,1335.7716134873024,,,6112.0,1.612,1.15
TOI-6054.02,TOI-6054,Transit,1,,265.34,1124.0247670912106,,,6112.0,1.612,1.15
TOI-6086 b,TOI-6086,Transit,1,634.0,26.8,634.0,,0.11,3200.0,0.259,0.254
TOI-6130 b,TOI-6130,Transit,1,1750.0,1150.0,1750.0,0.036,0.28,6110.0,1.51,1.31
TOI-615 b,TOI-615,Transit,1,1666.0,1286.0,1666.0,0.39,-0.1,6850.0,1.732,1.449
TOI-620 b,TOI-620,Transit,1,603.6,20.8,603.6,0.22,0.35,3708.0,0.55,0.577
TOI-622 b,TOI-622,Transit,1,1388.0,602.0,1388.0,0.42,0.09,6400.0,1.415,1.313
TOI-628 b,TOI-628,Transit,1,1586.0,,1586.0,0.072,0.258,6250.0,1.345,1.311
TOI-6324 b,TOI-6324,Transit,1,1216.0,,1216.0,0.0,-0.32,3247.0,0.293,0.269
TOI-6383 A b,TOI-6383 A,Transit,1,745.0,51.3,745.0,0.05,,3444.0,0.457,0.458
TOI-640 b,TOI-640,Transit,1,1816.0,,1816.0,0.013,0.072,6460.0,2.082,1.536
TOI-6478 b,TOI-6478,Transit,1,204.4,,204.4,,-0.53,3230.0,0.234,0.23
TOI-654.01,TOI-654,Transit,1,794.0,65.0,794.0,0.0,0.12,3521.0,0.43,0.419
TOI-6628 b,TOI-6628,Transit,1,833.0,,833.0,0.67,0.36,5463.0,1.01,0.97
TOI-663 b,TOI-663,Transit,1,674.0,49.1,674.0,,0.07,3681.0,0.512,0.514
TOI-663 c,TOI-663,Transit,1,553.0,22.3,553.0,,0.07,3681.0,0.512,0.514
TOI-663 d,TOI-663,Transit,1,482.0,12.9,482.0,,0.07,3681.0,0.512,0.514
TOI-6651 b,TOI-6651,Transit,1,1493.0,817.0,1493.0,0.091,0.225,5940.0,1.721,1.323
TOI-669 b,TOI-669,Transit,1,1124.85,,1124.85,0.0,0.001,5597.0,0.9882,0.9245
TOI-6695 b,TOI-6695,Transit,1,599.0,,599.0,0.04,0.2,6400.0,1.517,1.338
TOI-6695 c,TOI-6695,Radial Velocity,1,415.0,,415.0,0.022,0.2,6400.0,1.517,1.338
TOI-672 b,TOI-672,Transit,1,676.15,,676.15,,-0.71,3765.0,0.5441,0.5399
TOI-674 b,TOI-674,Transit,1,635.0,38.4,635.0,0.0,0.17,3514.0,0.42,0.42
TOI-6894 b,TOI-6894,Transit,1,417.9,5.54,417.9,0.029,0.142,3007.0,0.2276,0.207
TOI-700 b,TOI-700,Transit,1,,4.98,416.0375547909748,0.075,-0.07,3459.0,0.421,0.415
TOI-700 c,TOI-700,Transit,1,,2.64,354.99822471386403,0.068,-0.07,3459.0,0.421,0.415
TOI-700 d,TOI-700,Transit,1,,0.85,267.4114081490663,0.042,-0.07,3459.0,0.421,0.415
TOI-700 e,TOI-700,Transit,1,,1.27,295.6488062321987,0.059,-0.07,3459.0,0.421,0.415
TOI-712 b,TOI-712,Transit,1,650.0,22.6,650.0,0.54,-0.02,4622.0,0.674,0.732
TOI-712 c,TOI-712,Transit,1,369.9,3.08,369.9,0.089,-0.02,4622.0,0.674,0.732
TOI-712 d,TOI-712,Transit,1,313.6,1.6,313.6,0.073,-0.02,4622.0,0.674,0.732
TOI-7149 b,TOI-7149,Transit,1,593.0,20.6,593.0,0.078,-0.08,3363.0,0.351,0.344
TOI-715 b,TOI-715,Transit,1,234.0,0.67,234.0,,-0.25,3075.0,0.24,0.225
TOI-733 b,TOI-733,Transit,1,1055.8,207.1,1055.8,0.046,-0.04,5585.0,0.949,0.956
TOI-757 b,TOI-757,Transit,1,641.0,,641.0,0.39,-0.27,5278.0,0.78,0.8
TOI-762 A b,TOI-762 A,Transit,1,555.4,,555.4,0.083,0.357,3266.0,0.425,0.442
TOI-763 b,TOI-763,Transit,1,1038.0,,1038.0,0.04,0.01,5450.0,0.897,0.917
TOI-763 c,TOI-763,Transit,1,800.0,,800.0,0.04,0.01,5450.0,0.897,0.917
TOI-771 b,TOI-771,Transit,1,543.0,14.0,543.0,0.055,-0.13,3370.0,0.232,0.22
TOI-771 c,TOI-771,Radial Velocity,1,365.0,3.0,365.0,0.065,-0.13,3370.0,0.232,0.22
TOI-776 b,TOI-776,Transit,1,520.0,,520.0,0.052,-0.21,3725.0,0.547,0.542
TOI-776 c,TOI-776,Transit,1,420.0,,420.0,0.089,-0.21,3725.0,0.547,0.542
TOI-778 b,TOI-778,Transit,1,1561.0,,1561.0,0.21,0.0,6643.0,1.71,1.4
TOI-782 b,TOI-782,Transit,1,435.0,5.91,435.0,0.19,0.34,3370.0,0.413,0.397
TOI-813 b,TOI-813,Transit,1,610.0,23.1,610.0,0.0,0.1,5907.0,1.94,1.32
TOI-815 b,TOI-815,Transit,1,686.0,36.9,686.0,0.2,-0.09,4869.0,0.77,0.776
TOI-815 c,TOI-815,Transit,1,469.0,8.03,469.0,0.22,-0.09,4869.0,0.77,0.776
TOI-824 b,TOI-824,Transit,1,1253.0,412.0,1253.0,,-0.092,4600.0,0.695,0.71
TOI-833 b,TOI-833,Transit,1,1118.0,,1118.0,,,3920.0,0.6,0.61
TOI-836 b,TOI-836,Transit,1,871.0,78.838,871.0,0.053,-0.284,4552.0,0.665,0.678
TOI-836 c,TOI-836,Transit,1,665.0,26.707,665.0,0.078,-0.284,4552.0,0.665,0.678
TOI-837 b,TOI-837,Transit,1,995.3,164.0,995.3,,0.01,5995.0,1.052,1.142
TOI-858 B b,TOI-858 B,Transit,1,1529.0,908.9,1529.0,0.15,0.153,5842.0,1.308,1.081
TOI-871 b,TOI-871,Transit,1,621.0,24.78,621.0,,-0.07,4929.0,0.719,0.758
TOI-880 c,TOI-880,Transit,1,805.0,,805.0,,0.23,5050.0,0.83,0.87
TOI-880.02,TOI-880,Transit,1,1085.0,,1085.0,,0.23,5050.0,0.83,0.87
TOI-892 b,TOI-892,Transit,1,1397.0,,1397.0,0.125,0.24,6261.0,1.39,1.28
TOI-904 b,TOI-904,Transit,1,429.43,,429.43,,0.022,3770.2,0.527,0.557
TOI-904 c,TOI-904,Transit,1,217.26,,217.26,,0.022,3770.2,0.527,0.557
TOI-905 b,TOI-905,Transit,1,1192.0,337.0,1192.0,0.024,0.14,5570.0,0.918,0.968
TOI-907.01,TOI-907,Transit,1,1846.6,1729.6714,1846.6,,,6272.0,2.059789,1.069357
TOI-908 b,TOI-908,Transit,1,1317.0,80.884,1317.0,0.132,0.08,5626.0,1.028,0.95
TOI-913 b,TOI-913,Transit,1,712.01,,712.01,,-0.133,4969.0,0.7325,0.82
TOI-954 b,TOI-954,Transit,1,1526.0,1393.0,1526.0,0.14,0.215,5710.0,1.892,1.201
TOI-969 b,TOI-969,Transit,1,941.0,188.0,941.0,,0.175,4435.0,0.671,0.734
TOI-969 c,TOI-969,Radial Velocity,1,96.4,0.0208,96.4,0.628,0.175,4435.0,0.671,0.734
TRAPPIST-1 b,TRAPPIST-1,Transit,1,,4.153,397.5719009099893,,,2566.0,0.1192,0.0898
TRAPPIST-1 c,TRAPPIST-1,Transit,1,,2.214,339.7188174459587,,,2566.0,0.1192,0.0898
TRAPPIST-1 d,TRAPPIST-1,Transit,1,,1.115,286.18305559358976,,,2566.0,0.1192,0.0898
TRAPPIST-1 e,TRAPPIST-1,Transit,1,,0.646,249.67975471571964,,,2566.0,0.1192,0.0898
TRAPPIST-1 f,TRAPPIST-1,Transit,1,,0.373,217.64686075536287,,,2566.0,0.1192,0.0898
TRAPPIST-1 g,TRAPPIST-1,Transit,1,,0.252,197.32192094601544,,,2566.0,0.1192,0.0898
TRAPPIST-1 h,TRAPPIST-1,Transit,1,,0.144,171.559915055025,,,2566.0,0.1192,0.0898
TYC 3667-1280-1 b,TYC 3667-1280-1,Radial Velocity,1,1350.0,,1350.0,0.036,-0.08,5130.0,6.26,1.87
TYC 8998-760-1 c,TYC 8998-760-1,Imaging,1,1240.0,,1240.0,,,,,1.0
Teegarden's Star b,Teegarden's Star,Radial Velocity,1,277.0,1.08,277.0,0.03,-0.11,3034.0,0.12,0.097
Teegarden's Star c,Teegarden's Star,Radial Velocity,1,209.0,0.35,209.0,0.04,-0.11,3034.0,0.12,0.097
Teegarden's Star d,Teegarden's Star,Radial Velocity,1,159.0,0.12,159.0,0.07,-0.11,3034.0,0.12,0.097
TrES-5 b,TrES-5,Transit,1,1480.0,,1480.0,,0.2,5171.0,0.868,0.901
USco1556 b,USco1556 A,Imaging,1,2240.0,,2240.0,,,3410.0,,0.33
USco1621 b,USco1621 A,Imaging,1,2270.0,,2270.0,,,3460.0,,0.36
V1298 Tau b,V1298 Tau,Transit,1,677.0,35.0,677.0,0.29,,,1.345,1.101
V1298 Tau c,V1298 Tau,Transit,1,968.0,146.0,968.0,0.43,,,1.345,1.101
V1298 Tau d,V1298 Tau,Transit,1,845.0,85.0,845.0,0.21,,,1.345,1.101
VHS J125601.92-125723.9 b,VHS J125601.92-125723.9,Imaging,1,1194.0,,1194.0,0.68,,,,
WASP-10 b,WASP-10,Transit,1,1370.0,,1370.0,,0.03,4675.0,0.698,0.75
WASP-102 b,WASP-102,Transit,1,1671.0,1293.0,1671.0,0.0,-0.2,5990.0,1.375,1.08
WASP-103 b,WASP-103,Transit,1,2508.0,,2508.0,,0.06,6110.0,1.436,1.22
WASP-104 b,WASP-104,Transit,1,1516.0,,1516.0,0.0,0.32,5475.0,0.963,1.076
WASP-105 b,WASP-105,Transit,1,900.0,,900.0,0.0,0.28,5070.0,0.9,0.89
WASP-113 b,WASP-113,Transit,1,1496.0,,1496.0,0.0,0.1,5890.0,1.608,1.318
WASP-114 b,WASP-114,Transit,1,2043.0,,2043.0,0.012,0.14,5940.0,1.43,1.289
WASP-116 b,WASP-116,Transit,1,1414.0,663.0,1414.0,0.0,0.0,6250.0,1.426,1.25
WASP-118 b,WASP-118,Transit,1,1729.0,,1729.0,0.0,0.16,6410.0,1.696,1.32
WASP-119 b,WASP-119,Transit,1,1600.0,,1600.0,0.058,0.14,5650.0,1.2,1.02
WASP-120 b,WASP-120,Transit,1,1880.0,,1880.0,0.057,-0.05,6450.0,1.87,1.393
WASP-123 b,WASP-123,Transit,1,1520.0,,1520.0,0.0,0.18,5740.0,1.285,1.166
WASP-124 b,WASP-124,Transit,1,1400.0,,1400.0,0.017,-0.02,6050.0,1.02,1.07
WASP-129 b,WASP-129,Transit,1,1100.0,,1100.0,0.096,0.15,5900.0,0.9,1.0
WASP-130 b,WASP-130,Transit,1,833.0,,833.0,0.0,0.26,5625.0,0.96,1.04
WASP-132 b,WASP-132,Transit,1,682.0,58.5,682.0,0.0163,0.15,4686.0,0.758,0.789
WASP-132 c,WASP-132,Transit,1,1329.0,791.0,1329.0,0.0,0.15,4686.0,0.758,0.789
WASP-132 d,WASP-132,Radial Velocity,1,107.0,0.0363,107.0,0.12,0.15,4686.0,0.758,0.789
WASP-133 b,WASP-133,Transit,1,1790.0,,1790.0,0.17,0.29,5700.0,1.44,1.16
WASP-136 b,WASP-136,Transit,1,1742.0,,1742.0,,-0.18,6260.0,2.21,1.41
WASP-138 b,WASP-138,Transit,1,1590.0,,1590.0,,-0.09,6272.0,1.36,1.22
WASP-139 b,WASP-139,Transit,1,910.0,,910.0,0.0,0.2,5310.0,0.8,0.92
WASP-140 b,WASP-140,Transit,1,1320.0,,1320.0,0.047,0.12,5260.0,0.87,0.9
WASP-141 b,WASP-141,Transit,1,1540.0,,1540.0,0.0,0.29,5900.0,1.37,1.25
WASP-142 b,WASP-142,Transit,1,2000.0,,2000.0,0.0,0.26,6010.0,1.64,1.33
WASP-144 b,WASP-144,Transit,1,1260.0,,1260.0,0.0,0.18,5200.0,0.81,0.81
WASP-145 A b,WASP-145 A,Transit,1,1200.0,,1200.0,0.0,-0.04,4900.0,0.68,0.76
WASP-147 b,WASP-147,Transit,1,1404.0,,1404.0,0.0,0.092,5702.0,1.429,1.044
WASP-149 b,WASP-149,Transit,1,1855.0,1966.0,1855.0,0.0,0.0,5750.0,1.08,1.05
WASP-150 b,WASP-150,Transit,1,1460.0,,1460.0,0.3775,0.156,6218.0,1.651,1.394
WASP-153 b,WASP-153,Transit,1,1700.0,1400.0,1700.0,0.009,0.34,5914.0,1.73,1.336
WASP-154 b,WASP-154,Transit,1,994.0,162.0,994.0,0.0,0.2,4774.0,0.823,0.8
WASP-155 b,WASP-155,Transit,1,1468.0,771.0,1468.0,0.0,0.0,5660.0,1.24,1.09
WASP-156 b,WASP-156,Transit,1,934.5,,934.5,0.0,0.305,4987.0,0.8268,0.8712
WASP-158 b,WASP-158,Transit,1,1590.0,,1590.0,0.0,0.24,6350.0,1.39,1.38
WASP-159 b,WASP-159,Transit,1,1850.0,,1850.0,0.0,0.22,6120.0,2.11,1.41
WASP-160 B b,WASP-160 B,Transit,1,1119.0,,1119.0,0.0,0.27,5298.0,0.868,0.87
WASP-161 b,WASP-161,Transit,1,1557.0,990.0,1557.0,,0.16,6400.0,1.712,1.39
WASP-162 b,WASP-162,Transit,1,910.0,,910.0,0.434,0.28,5300.0,1.11,0.95
WASP-163 b,WASP-163,Transit,1,1638.0,1200.0,1638.0,,-0.34,5500.0,1.015,0.97
WASP-164 b,WASP-164,Transit,1,1610.0,,1610.0,0.0,-0.01,5806.0,0.932,0.946
WASP-165 b,WASP-165,Transit,1,1624.0,,1624.0,0.0,0.33,5599.0,1.75,1.248
WASP-166 b,WASP-166,Transit,1,1270.0,440.0,1270.0,0.0,0.19,6050.0,1.22,1.19
WASP-167 b,WASP-167,Transit,1,2329.0,,2329.0,,0.1,7000.0,1.79,1.59
WASP-168 b,WASP-168,Transit,1,1340.0,,1340.0,0.0,-0.01,6000.0,1.12,1.08
WASP-169 b,WASP-169,Transit,1,1604.0,,1604.0,0.0,0.06,6110.0,2.011,1.337
WASP-170 b,WASP-170,Transit,1,1422.0,680.0,1422.0,,0.22,5600.0,0.938,0.93
WASP-171 b,WASP-171,Transit,1,1642.0,,1642.0,0.0,0.04,5965.0,1.637,1.171
WASP-172 b,WASP-172,Transit,1,1740.0,,1740.0,0.0,-0.1,6900.0,1.91,1.49
WASP-173 A b,WASP-173 A,Transit,1,1880.0,,1880.0,0.0,0.16,5800.0,1.11,1.05
WASP-174 b,WASP-174,Transit,1,1528.0,901.9,1528.0,0.0,0.06,6399.0,1.347,1.24
WASP-175 b,WASP-175,Transit,1,1571.0,,1571.0,0.0,0.15,6229.0,1.204,1.212
WASP-176 b,WASP-176,Transit,1,1721.0,,1721.0,0.0,0.164,5941.0,1.925,1.345
WASP-177 b,WASP-177,Transit,1,1142.0,,1142.0,,0.25,5017.0,0.885,0.876
WASP-178 b,WASP-178,Transit,1,2470.0,,2470.0,0.0,0.21,9360.0,1.67,2.07
WASP-18 b,WASP-18,Transit,1,2429.0,5805.0,2429.0,0.0051,0.107,6432.0,1.319,1.294
WASP-180 A b,WASP-180 A,Transit,1,1540.0,,1540.0,0.0,0.1,6600.0,1.19,1.3
WASP-181 b,WASP-181,Transit,1,1186.0,,1186.0,,0.09,5839.0,0.965,1.04
WASP-182 b,WASP-182,Transit,1,1479.0,,1479.0,0.0,0.27,5638.0,1.34,1.076
WASP-183 b,WASP-183,Transit,1,1111.0,,1111.0,,-0.31,5313.0,0.871,0.784
WASP-184 b,WASP-184,Transit,1,1480.0,,1480.0,0.0,0.12,6000.0,1.65,1.23
WASP-185 b,WASP-185,Transit,1,1160.0,,1160.0,0.24,-0.02,5900.0,1.5,1.12
WASP-188 b,WASP-188,Transit,1,1666.0,1278.0,1666.0,0.0,0.0,6850.0,1.83,1.5
WASP-189 b,WASP-189,Transit,1,3353.0,,3353.0,0.0,0.29,8000.0,2.36,2.03
WASP-19 b,WASP-19,Transit,1,2113.0,3320.0,2113.0,0.0126,0.04,5616.0,1.006,0.965
WASP-190 b,WASP-190,Transit,1,1500.0,,1500.0,0.0,-0.02,6400.0,1.6,1.35
WASP-192 b,WASP-192,Transit,1,1620.0,,1620.0,0.0,0.14,5910.0,1.32,1.09
WASP-193 b,WASP-193,Transit,1,1254.0,413.0,1254.0,0.056,-0.06,6078.0,1.239,1.059
WASP-194 b,WASP-194,Transit,1,1693.0,1365.0,1693.0,0.0,0.0,6405.0,1.409,1.29
WASP-195 b,WASP-195,Transit,1,1522.0,890.0,1522.0,0.0,0.0,6300.0,1.578,1.3
WASP-197 b,WASP-197,Transit,1,1665.0,1276.0,1665.0,0.0,0.0,6050.0,2.112,1.36
WASP-2 b,WASP-2,Transit,1,1311.0,492.0,1311.0,,0.12,5180.0,0.866,0.895
WASP-20 b,WASP-20,Transit,1,1379.0,,1379.0,0.0,-0.008,5940.0,1.392,1.2
WASP-33 b,WASP-33,Transit,1,2781.7,,2781.7,,,7430.0,1.444,1.495
WASP-36 b,WASP-36,Transit,1,1733.0,,1733.0,,-0.26,5959.0,0.985,1.081
WASP-39 b,WASP-39,Transit,1,1166.0,,1166.0,,0.01,5485.0,0.939,0.913
WASP-41 c,WASP-41,Radial Velocity,1,241.0,,241.0,0.294,0.06,5545.0,0.87,0.93
WASP-42 b,WASP-42,Transit,1,1021.0,,1021.0,,0.29,5315.0,0.892,0.951
WASP-44 b,WASP-44,Transit,1,1337.0,533.0,1337.0,,-0.003,5420.0,0.906,0.935
WASP-45 b,WASP-45,Transit,1,1153.0,294.0,1153.0,,-0.03,5150.0,0.855,0.85
WASP-46 b,WASP-46,Transit,1,1636.0,,1636.0,,-0.3,5600.0,0.858,0.828
WASP-5 b,WASP-5,Transit,1,1706.0,,1706.0,0.038,0.09,5700.0,1.029,0.96
WASP-50 b,WASP-50,Transit,1,1394.84,,1394.84,,,5400.0,0.843,0.892
WASP-52 b,WASP-52,Transit,1,1315.0,,1315.0,0.0,0.03,5000.0,0.79,0.87
WASP-53 b,WASP-53,Transit,1,1053.0,,1053.0,0.03,0.22,4953.0,0.798,0.839
WASP-57 b,WASP-57,Transit,1,1338.0,,1338.0,,-0.25,5600.0,0.927,0.886
WASP-59 b,WASP-59,Transit,1,670.0,,670.0,0.1,-0.15,4650.0,0.613,0.719
WASP-64 b,WASP-64,Transit,1,1689.0,,1689.0,0.0,-0.08,5400.0,1.058,1.004
WASP-65 b,WASP-65,Transit,1,1480.0,,1480.0,0.0,-0.07,5600.0,1.01,0.93
WASP-69 b,WASP-69,Transit,1,971.0,,971.0,0.0,0.35,4792.0,0.801,0.83
WASP-7 b,WASP-7,Transit,1,1487.0,,1487.0,,0.0,6400.0,1.432,1.276
WASP-70 A b,WASP-70 A,Transit,1,1387.0,,1387.0,0.0,-0.006,5763.0,1.215,1.106
WASP-75 b,WASP-75,Transit,1,1710.0,,1710.0,0.0,0.07,6100.0,1.26,1.14
WASP-76 b,WASP-76,Transit,1,2228.0,4104.0,2228.0,0.0,0.366,6329.0,1.756,1.458
WASP-79 b,WASP-79,Transit,1,1716.2,,1716.2,0.0,0.03,6600.0,1.51,1.39
WASP-80 b,WASP-80,Transit,1,825.0,,825.0,0.002,-0.13,4143.0,0.586,0.577
WASP-81 b,WASP-81,Transit,1,1623.0,,1623.0,0.066,-0.36,5870.0,1.283,1.08
WASP-83 b,WASP-83,Transit,1,1120.0,,1120.0,0.0,0.29,5510.0,1.05,1.11
WASP-84 b,WASP-84,Transit,1,732.0,,732.0,,,,0.768,0.853
WASP-84 c,WASP-84,Transit,1,1329.0,,1329.0,,,,0.768,0.853
WASP-89 b,WASP-89,Transit,1,1120.0,,1120.0,0.193,0.15,5130.0,0.88,0.92
WASP-90 b,WASP-90,Transit,1,1840.0,,1840.0,0.0,0.11,6430.0,1.98,1.55
WASP-91 b,WASP-91,Transit,1,1160.0,,1160.0,0.0,0.19,4920.0,0.86,0.84
WASP-92 b,WASP-92,Transit,1,1871.0,,1871.0,0.0,0.0,6280.0,1.341,1.19
WASP-93 b,WASP-93,Transit,1,1942.0,,1942.0,0.0,0.07,6700.0,1.524,1.334
WASP-96 b,WASP-96,Transit,1,1285.0,,1285.0,0.0,0.14,5540.0,1.05,1.06
WASP-98 b,WASP-98,Transit,1,1171.0,,1171.0,,-0.49,5473.0,0.741,0.809
WD 0806-661 b,WD 0806-661,Imaging,1,340.0,,340.0,,,,,0.62
WD 1856+534 b,WD 1856+534,Transit,1,163.0,0.181,163.0,0.0,,4710.0,0.0131,0.518
WISE J033605.05-014350.4 b,WISE J033605.05-014350.4,Imaging,1,325.0,,325.0,,,415.0,,0.0131
WISEP J121756.91+162640.2 A b,WISEP J121756.91+162640.2 A,Imaging,1,450.0,,450.0,,,575.0,0.091,0.029
WTS-1 b,WTS-1,Transit,1,1500.0,,1500.0,0.1,-0.5,6250.0,1.15,1.2
WTS-2 b,WTS-2,Transit,1,2000.0,,2000.0,0.0,0.2,5000.0,0.752,0.82
Wendelstein-1 b,Wendelstein-1,Transit,1,2198.0,,2198.0,0.012,,4251.0,0.61,0.65
Wendelstein-2 b,Wendelstein-2,Transit,1,2470.0,,2470.0,0.057,,4591.0,0.66,0.73
Wolf 1061 b,Wolf 1061,Radial Velocity,1,,7.34,458.4048611851489,0.15,-0.09,3342.0,0.307,0.294
Wolf 1061 c,Wolf 1061,Radial Velocity,1,,1.3,297.3795073057248,0.11,-0.09,3342.0,0.307,0.294
Wolf 1061 d,Wolf 1061,Radial Velocity,1,,0.06,137.83611130693745,0.55,-0.09,3342.0,0.307,0.294
Wolf 1069 b,Wolf 1069,Radial Velocity,1,250.1,0.652,250.1,,0.07,3158.0,0.1813,0.167
Wolf 327 b,Wolf 327,Transit,1,996.0,233.9,996.0,0.0,-0.17,3542.0,0.406,0.405
Wolf 503 b,Wolf 503,Transit,1,789.0,64.7,789.0,0.409,-0.47,4716.0,0.689,0.688
XO-5 b,XO-5,Transit,1,1230.0,,1230.0,0.0,0.05,5430.0,1.13,1.04
XO-6 b,XO-6,Transit,1,1577.0,,1577.0,0.0,-0.07,6720.0,1.93,1.47
XO-7 b,XO-7,Transit,1,1743.0,1540.0,1743.0,0.038,0.432,6250.0,1.48,1.405
YZ Cet b,YZ Cet,Radial Velocity,1,471.2,8.21,471.2,0.06,-0.18,3151.0,0.157,0.142
YZ Cet c,YZ Cet,Radial Velocity,1,410.3,4.72,410.3,0.0,-0.18,3151.0,0.157,0.142
YZ Cet d,YZ Cet,Radial Velocity,1,356.7,2.7,356.7,0.07,-0.18,3151.0,0.157,0.142
eps Ind A b,eps Ind A,Radial Velocity,1,275.0,,275.0,0.4,0.22,4760.0,0.679,0.76
kap And b,kap And,Imaging,1,1900.0,,1900.0,,-0.36,10900.0,,2.6
Earth,Sun,Known Planet,1,255,1.0,255,0.0167,0.0,5778,1.0,1.0
